idx,sc_rdkit
O14757_Pocket2Mol_idx-in-all-generaetd-688,0.27126369539340045
O14757_Pocket2Mol_idx-in-all-generaetd-592,0.3980863196408451
O14757_Pocket2Mol_idx-in-all-generaetd-827,0.42826712148384827
O14757_Pocket2Mol_idx-in-all-generaetd-859,0.3451277510819438
O14757_Pocket2Mol_idx-in-all-generaetd-1011,0.3440444538057439
O14757_Pocket2Mol_idx-in-all-generaetd-54,0.39256922308544817
O14757_Pocket2Mol_idx-in-all-generaetd-185,0.3415107399213271
O14757_Pocket2Mol_idx-in-all-generaetd-809,0.3666135558460152
O14757_Pocket2Mol_idx-in-all-generaetd-255,0.3286914258619005
O14757_Pocket2Mol_idx-in-all-generaetd-360,0.35360158907915507
O14757_Pocket2Mol_idx-in-all-generaetd-829,0.31153627110781956
O14757_Pocket2Mol_idx-in-all-generaetd-44,0.38290254386344047
O14757_Pocket2Mol_idx-in-all-generaetd-790,0.3528151051880969
O14757_Pocket2Mol_idx-in-all-generaetd-378,0.47609132132333415
O14757_Pocket2Mol_idx-in-all-generaetd-135,0.32319087129359736
O14757_Pocket2Mol_idx-in-all-generaetd-632,0.32815588901644893
O14757_Pocket2Mol_idx-in-all-generaetd-429,0.3408066613397271
O14757_Pocket2Mol_idx-in-all-generaetd-629,0.35217506563443624
O14757_Pocket2Mol_idx-in-all-generaetd-651,0.28876812776860045
O14757_Pocket2Mol_idx-in-all-generaetd-214,0.4213450242556717
O14757_Pocket2Mol_idx-in-all-generaetd-364,0.22809165784339747
O14757_Pocket2Mol_idx-in-all-generaetd-1002,0.40568611813672845
O14757_Pocket2Mol_idx-in-all-generaetd-915,0.39461368613210124
O14757_Pocket2Mol_idx-in-all-generaetd-319,0.4164945246667763
O14757_Pocket2Mol_idx-in-all-generaetd-256,0.42710626274369656
O14757_Pocket2Mol_idx-in-all-generaetd-822,0.5155557314658981
O14757_Pocket2Mol_idx-in-all-generaetd-865,0.432610731835093
O14757_Pocket2Mol_idx-in-all-generaetd-33,0.47704725538079756
O14757_Pocket2Mol_idx-in-all-generaetd-137,0.41735805015505906
O14757_Pocket2Mol_idx-in-all-generaetd-923,0.4649674789852957
O14757_Pocket2Mol_idx-in-all-generaetd-382,0.33467025420347385
O14757_Pocket2Mol_idx-in-all-generaetd-36,0.5001594199842787
O14757_Pocket2Mol_idx-in-all-generaetd-777,0.5264376804813654
O14757_Pocket2Mol_idx-in-all-generaetd-761,0.2657514807770479
O14757_Pocket2Mol_idx-in-all-generaetd-252,0.4311692375219723
O14757_Pocket2Mol_idx-in-all-generaetd-665,0.41205640376905783
O14757_Pocket2Mol_idx-in-all-generaetd-140,0.4055845881904679
O14757_Pocket2Mol_idx-in-all-generaetd-951,0.3296489516425434
O14757_Pocket2Mol_idx-in-all-generaetd-796,0.4006102685798154
O14757_Pocket2Mol_idx-in-all-generaetd-898,0.3562659961865702
O14757_Pocket2Mol_idx-in-all-generaetd-680,0.3434775565407245
O14757_Pocket2Mol_idx-in-all-generaetd-15,0.3004910947362795
O14757_Pocket2Mol_idx-in-all-generaetd-358,0.3491513736200375
O14757_Pocket2Mol_idx-in-all-generaetd-53,0.24507512318357505
O14757_Pocket2Mol_idx-in-all-generaetd-250,0.3866345473546775
O14757_Pocket2Mol_idx-in-all-generaetd-282,0.3353975243020035
O14757_Pocket2Mol_idx-in-all-generaetd-90,0.29135746605113566
O14757_Pocket2Mol_idx-in-all-generaetd-828,0.520067306790989
O14757_Pocket2Mol_idx-in-all-generaetd-987,0.4555650202229551
O14757_Pocket2Mol_idx-in-all-generaetd-14,0.3869766704044534
O14757_Pocket2Mol_idx-in-all-generaetd-574,0.233752370804886
O14757_Pocket2Mol_idx-in-all-generaetd-641,0.3832373539674538
O14757_Pocket2Mol_idx-in-all-generaetd-833,0.35277899500294124
O14757_Pocket2Mol_idx-in-all-generaetd-324,0.2774528414571328
O14757_Pocket2Mol_idx-in-all-generaetd-794,0.3081680637114669
O14757_Pocket2Mol_idx-in-all-generaetd-620,0.3668035446805905
O14757_Pocket2Mol_idx-in-all-generaetd-417,0.3999457838440377
O14757_Pocket2Mol_idx-in-all-generaetd-384,0.3639607961447462
O14757_Pocket2Mol_idx-in-all-generaetd-187,0.3267484366189229
O14757_Pocket2Mol_idx-in-all-generaetd-618,0.22456694014974082
O14757_Pocket2Mol_idx-in-all-generaetd-846,0.36490673396049966
O14757_Pocket2Mol_idx-in-all-generaetd-798,0.2609296434226906
O14757_Pocket2Mol_idx-in-all-generaetd-997,0.2921027528908695
O14757_Pocket2Mol_idx-in-all-generaetd-639,0.37749208512434285
O14757_Pocket2Mol_idx-in-all-generaetd-194,0.44687015386952844
O14757_Pocket2Mol_idx-in-all-generaetd-716,0.3492540764666013
O14757_Pocket2Mol_idx-in-all-generaetd-715,0.4620888469262306
O14757_Pocket2Mol_idx-in-all-generaetd-134,0.3626820355704433
O14757_Pocket2Mol_idx-in-all-generaetd-508,0.42765944574016856
O14757_Pocket2Mol_idx-in-all-generaetd-227,0.33151509099064996
O14757_Pocket2Mol_idx-in-all-generaetd-116,0.3736750580575811
O14757_Pocket2Mol_idx-in-all-generaetd-353,0.3607405373945698
O14757_Pocket2Mol_idx-in-all-generaetd-905,0.5636503105714611
O14757_Pocket2Mol_idx-in-all-generaetd-365,0.4070418551668981
O14757_Pocket2Mol_idx-in-all-generaetd-766,0.33834800771030243
O14757_Pocket2Mol_idx-in-all-generaetd-975,0.3238245030545487
O14757_Pocket2Mol_idx-in-all-generaetd-869,0.5145895131452203
O14757_Pocket2Mol_idx-in-all-generaetd-876,0.3877443983431479
O14757_Pocket2Mol_idx-in-all-generaetd-466,0.4165025681749596
O14757_Pocket2Mol_idx-in-all-generaetd-168,0.2790019998818008
O14757_Pocket2Mol_idx-in-all-generaetd-154,0.2591890261625995
O14757_Pocket2Mol_idx-in-all-generaetd-97,0.3581039040713563
O14757_Pocket2Mol_idx-in-all-generaetd-966,0.3968701119221599
O14757_Pocket2Mol_idx-in-all-generaetd-866,0.42622973840250744
O14757_Pocket2Mol_idx-in-all-generaetd-280,0.40249120137512384
O14757_Pocket2Mol_idx-in-all-generaetd-913,0.3636706993177945
O14757_Pocket2Mol_idx-in-all-generaetd-198,0.5394023745477874
O14757_Pocket2Mol_idx-in-all-generaetd-695,0.2695866255174988
O14757_Pocket2Mol_idx-in-all-generaetd-451,0.38703806685002073
O14757_Pocket2Mol_idx-in-all-generaetd-568,0.4158488142424038
O14757_Pocket2Mol_idx-in-all-generaetd-789,0.2579446353580207
O14757_Pocket2Mol_idx-in-all-generaetd-550,0.3623960658484101
O14757_Pocket2Mol_idx-in-all-generaetd-806,0.34791291295796584
O14757_Pocket2Mol_idx-in-all-generaetd-190,0.3873678056513392
O14757_Pocket2Mol_idx-in-all-generaetd-624,0.2673954645409246
O14757_Pocket2Mol_idx-in-all-generaetd-432,0.3301735235924278
O14757_Pocket2Mol_idx-in-all-generaetd-344,0.3097605935777805
O14757_Pocket2Mol_idx-in-all-generaetd-1009,0.3620885219035502
O14757_Pocket2Mol_idx-in-all-generaetd-584,0.4845798891834922
O14757_Pocket2Mol_idx-in-all-generaetd-288,0.30829396914441004
O14757_Pocket2Mol_idx-in-all-generaetd-862,0.34676688577061826
O14757_Pocket2Mol_idx-in-all-generaetd-454,0.36417039348206015
O14757_Pocket2Mol_idx-in-all-generaetd-46,0.19827265037687442
O14757_Pocket2Mol_idx-in-all-generaetd-909,0.29770169903493227
O14757_Pocket2Mol_idx-in-all-generaetd-385,0.36907453391518213
O14757_Pocket2Mol_idx-in-all-generaetd-238,0.25771384350781196
O14757_Pocket2Mol_idx-in-all-generaetd-1015,0.37436081776643065
O14757_Pocket2Mol_idx-in-all-generaetd-253,0.4856004599294793
O14757_Pocket2Mol_idx-in-all-generaetd-564,0.38824365263433636
O14757_Pocket2Mol_idx-in-all-generaetd-570,0.35058226933042386
O14757_Pocket2Mol_idx-in-all-generaetd-671,0.25315672106356707
O14757_Pocket2Mol_idx-in-all-generaetd-663,0.33636645002709276
O14757_Pocket2Mol_idx-in-all-generaetd-267,0.333593087692034
O14757_Pocket2Mol_idx-in-all-generaetd-412,0.3803443299700513
O14757_Pocket2Mol_idx-in-all-generaetd-830,0.34889905919552683
O14757_Pocket2Mol_idx-in-all-generaetd-722,0.5046354002707624
O14757_Pocket2Mol_idx-in-all-generaetd-322,0.35667251255384286
O14757_Pocket2Mol_idx-in-all-generaetd-973,0.36645234075919186
O14757_Pocket2Mol_idx-in-all-generaetd-49,0.40852022876551713
O14757_Pocket2Mol_idx-in-all-generaetd-82,0.42479163960116884
O14757_Pocket2Mol_idx-in-all-generaetd-277,0.3517891179687608
O14757_Pocket2Mol_idx-in-all-generaetd-188,0.3226321265757211
O14757_Pocket2Mol_idx-in-all-generaetd-914,0.3270125319458618
O14757_Pocket2Mol_idx-in-all-generaetd-552,0.3698843646838058
O14757_Pocket2Mol_idx-in-all-generaetd-144,0.3873410090910794
O14757_Pocket2Mol_idx-in-all-generaetd-970,0.3981751549942686
O14757_Pocket2Mol_idx-in-all-generaetd-728,0.48291968496172855
O14757_Pocket2Mol_idx-in-all-generaetd-489,0.38552662776779834
O14757_Pocket2Mol_idx-in-all-generaetd-172,0.3722658391644288
O14757_Pocket2Mol_idx-in-all-generaetd-805,0.3196213569068674
O14757_Pocket2Mol_idx-in-all-generaetd-801,0.22182843278619055
O14757_Pocket2Mol_idx-in-all-generaetd-43,0.4051934958637183
O14757_Pocket2Mol_idx-in-all-generaetd-670,0.411198494206401
O14757_Pocket2Mol_idx-in-all-generaetd-609,0.24604602149325544
O14757_Pocket2Mol_idx-in-all-generaetd-791,0.38502242958314936
O14757_Pocket2Mol_idx-in-all-generaetd-764,0.3056975934045183
O14757_Pocket2Mol_idx-in-all-generaetd-262,0.28944451153268724
O14757_Pocket2Mol_idx-in-all-generaetd-401,0.35753621852832246
O14757_Pocket2Mol_idx-in-all-generaetd-961,0.44150368165959986
O14757_Pocket2Mol_idx-in-all-generaetd-42,0.5174118923704727
O14757_Pocket2Mol_idx-in-all-generaetd-725,0.5308942455691776
O14757_Pocket2Mol_idx-in-all-generaetd-965,0.34470250810758596
O14757_Pocket2Mol_idx-in-all-generaetd-243,0.25273425456028503
O14757_Pocket2Mol_idx-in-all-generaetd-163,0.2677107761332663
O14757_Pocket2Mol_idx-in-all-generaetd-662,0.35892206104029556
O14757_Pocket2Mol_idx-in-all-generaetd-440,0.3193695315523197
O14757_Pocket2Mol_idx-in-all-generaetd-880,0.3988740427523052
O14757_Pocket2Mol_idx-in-all-generaetd-1,0.44659290469072255
O14757_Pocket2Mol_idx-in-all-generaetd-768,0.41021756970035916
O14757_Pocket2Mol_idx-in-all-generaetd-542,0.4056230624860153
O14757_Pocket2Mol_idx-in-all-generaetd-985,0.4054695782833141
O14757_Pocket2Mol_idx-in-all-generaetd-445,0.3502494109179862
O14757_Pocket2Mol_idx-in-all-generaetd-220,0.24102055783379256
O14757_Pocket2Mol_idx-in-all-generaetd-548,0.5556432762872615
O14757_Pocket2Mol_idx-in-all-generaetd-7,0.4007046901733545
O14757_Pocket2Mol_idx-in-all-generaetd-189,0.28364034445472136
O14757_Pocket2Mol_idx-in-all-generaetd-879,0.2515703252298994
O14757_Pocket2Mol_idx-in-all-generaetd-610,0.26887836308078805
O14757_Pocket2Mol_idx-in-all-generaetd-928,0.24389614908075974
O14757_Pocket2Mol_idx-in-all-generaetd-411,0.2425210237800472
O14757_Pocket2Mol_idx-in-all-generaetd-594,0.343221634586914
O14757_Pocket2Mol_idx-in-all-generaetd-47,0.38418463781000034
O14757_Pocket2Mol_idx-in-all-generaetd-1001,0.5440221422754267
O14757_Pocket2Mol_idx-in-all-generaetd-832,0.30751414435117896
O14757_Pocket2Mol_idx-in-all-generaetd-955,0.40510917863369666
O14757_Pocket2Mol_idx-in-all-generaetd-785,0.3617403543562838
O14757_Pocket2Mol_idx-in-all-generaetd-1012,0.37102668615557755
O14757_Pocket2Mol_idx-in-all-generaetd-249,0.36420558936585473
O14757_Pocket2Mol_idx-in-all-generaetd-248,0.6405495117091377
O14757_Pocket2Mol_idx-in-all-generaetd-930,0.48604726876493975
O14757_Pocket2Mol_idx-in-all-generaetd-203,0.31238549272987537
O14757_Pocket2Mol_idx-in-all-generaetd-375,0.4735392801446543
O14757_Pocket2Mol_idx-in-all-generaetd-732,0.33336134720715943
O14757_Pocket2Mol_idx-in-all-generaetd-205,0.2584243152222144
O14757_Pocket2Mol_idx-in-all-generaetd-515,0.35432011238621214
O14757_Pocket2Mol_idx-in-all-generaetd-9,0.34519197182271005
O14757_Pocket2Mol_idx-in-all-generaetd-577,0.3767289371609551
O14757_Pocket2Mol_idx-in-all-generaetd-679,0.39580011517885016
O14757_Pocket2Mol_idx-in-all-generaetd-368,0.2665172543512197
O14757_Pocket2Mol_idx-in-all-generaetd-352,0.32419431297093404
O14757_Pocket2Mol_idx-in-all-generaetd-76,0.43611247846315315
O14757_Pocket2Mol_idx-in-all-generaetd-330,0.3764283234636956
O14757_Pocket2Mol_idx-in-all-generaetd-812,0.398296078488511
O14757_Pocket2Mol_idx-in-all-generaetd-197,0.18736179269551126
O14757_Pocket2Mol_idx-in-all-generaetd-901,0.2812951523031769
O14757_Pocket2Mol_idx-in-all-generaetd-650,0.41305860111654447
O14757_Pocket2Mol_idx-in-all-generaetd-990,0.36821982609898124
O14757_Pocket2Mol_idx-in-all-generaetd-817,0.41408803469333555
O14757_Pocket2Mol_idx-in-all-generaetd-84,0.3273934827506322
O14757_Pocket2Mol_idx-in-all-generaetd-980,0.30250187848452126
O14757_Pocket2Mol_idx-in-all-generaetd-518,0.3276146234045583
O14757_Pocket2Mol_idx-in-all-generaetd-67,0.23070096765369563
O14757_Pocket2Mol_idx-in-all-generaetd-937,0.37091618850573277
O14757_Pocket2Mol_idx-in-all-generaetd-339,0.39471509769613855
O14757_Pocket2Mol_idx-in-all-generaetd-756,0.5151575221705086
O14757_Pocket2Mol_idx-in-all-generaetd-588,0.2236813064177539
O14757_Pocket2Mol_idx-in-all-generaetd-109,0.38910119513936403
O14757_Pocket2Mol_idx-in-all-generaetd-442,0.470644603141918
O14757_Pocket2Mol_idx-in-all-generaetd-208,0.3766080915406693
O14757_Pocket2Mol_idx-in-all-generaetd-25,0.29051001588750847
O14757_Pocket2Mol_idx-in-all-generaetd-644,0.324189886047333
O14757_Pocket2Mol_idx-in-all-generaetd-392,0.334955241529313
O14757_Pocket2Mol_idx-in-all-generaetd-221,0.39425331142605335
O14757_Pocket2Mol_idx-in-all-generaetd-740,0.2609192980881583
O14757_Pocket2Mol_idx-in-all-generaetd-289,0.29990335422949743
O14757_Pocket2Mol_idx-in-all-generaetd-541,0.43902551061620837
O14757_Pocket2Mol_idx-in-all-generaetd-1005,0.25603710157820536
O14757_Pocket2Mol_idx-in-all-generaetd-514,0.42329243115222454
O14757_Pocket2Mol_idx-in-all-generaetd-532,0.5204884323499368
O14757_Pocket2Mol_idx-in-all-generaetd-895,0.23883578297075925
O14757_Pocket2Mol_idx-in-all-generaetd-443,0.2356152186991814
O14757_Pocket2Mol_idx-in-all-generaetd-32,0.3328339854625383
O14757_Pocket2Mol_idx-in-all-generaetd-111,0.4503627361536675
O14757_Pocket2Mol_idx-in-all-generaetd-386,0.3159484817170378
O14757_Pocket2Mol_idx-in-all-generaetd-337,0.39254360015181217
O14757_Pocket2Mol_idx-in-all-generaetd-5,0.19722619546972303
O14757_Pocket2Mol_idx-in-all-generaetd-699,0.36111309565607747
O14757_Pocket2Mol_idx-in-all-generaetd-281,0.48994861402072376
O14757_Pocket2Mol_idx-in-all-generaetd-847,0.26046974297495623
O14757_Pocket2Mol_idx-in-all-generaetd-338,0.39263618264893635
O14757_Pocket2Mol_idx-in-all-generaetd-993,0.4315218415364003
O14757_Pocket2Mol_idx-in-all-generaetd-952,0.3480282133304835
O14757_Pocket2Mol_idx-in-all-generaetd-222,0.37592301111898613
O14757_Pocket2Mol_idx-in-all-generaetd-611,0.5211649027939542
O14757_Pocket2Mol_idx-in-all-generaetd-735,0.46142030179520366
O14757_Pocket2Mol_idx-in-all-generaetd-668,0.41821243510098394
O14757_Pocket2Mol_idx-in-all-generaetd-503,0.37601260160001826
O14757_Pocket2Mol_idx-in-all-generaetd-303,0.48738044547561465
O14757_Pocket2Mol_idx-in-all-generaetd-145,0.3409695575729838
O14757_Pocket2Mol_idx-in-all-generaetd-811,0.33956913683463796
O14757_Pocket2Mol_idx-in-all-generaetd-944,0.49404147990568575
O14757_Pocket2Mol_idx-in-all-generaetd-345,0.30279918374554005
O14757_Pocket2Mol_idx-in-all-generaetd-720,0.35607111993264073
O14757_Pocket2Mol_idx-in-all-generaetd-293,0.4202487289020199
O14757_Pocket2Mol_idx-in-all-generaetd-648,0.4231032296888305
O14757_Pocket2Mol_idx-in-all-generaetd-599,0.28195742722176187
O14757_Pocket2Mol_idx-in-all-generaetd-272,0.33877038814187643
O14757_Pocket2Mol_idx-in-all-generaetd-1007,0.3378299194566057
O14757_Pocket2Mol_idx-in-all-generaetd-496,0.44920721895133403
O14757_Pocket2Mol_idx-in-all-generaetd-425,0.2539442360514843
O14757_Pocket2Mol_idx-in-all-generaetd-839,0.47380468991283997
O14757_Pocket2Mol_idx-in-all-generaetd-691,0.3436876389532826
O14757_Pocket2Mol_idx-in-all-generaetd-864,0.28388090190390564
O14757_Pocket2Mol_idx-in-all-generaetd-800,0.29580542785283326
O14757_Pocket2Mol_idx-in-all-generaetd-543,0.34621791060716206
O14757_Pocket2Mol_idx-in-all-generaetd-390,0.3147512293295236
O14757_Pocket2Mol_idx-in-all-generaetd-690,0.37037610649327224
O14757_Pocket2Mol_idx-in-all-generaetd-831,0.3546495418459534
O14757_Pocket2Mol_idx-in-all-generaetd-845,0.2729802759969886
O14757_Pocket2Mol_idx-in-all-generaetd-823,0.5504521998701788
O14757_Pocket2Mol_idx-in-all-generaetd-750,0.2569636638402002
O14757_Pocket2Mol_idx-in-all-generaetd-867,0.46069992196006104
O14757_Pocket2Mol_idx-in-all-generaetd-575,0.5762369540275232
O14757_Pocket2Mol_idx-in-all-generaetd-218,0.30490930103098846
O14757_Pocket2Mol_idx-in-all-generaetd-419,0.3477531157609134
O14757_Pocket2Mol_idx-in-all-generaetd-521,0.22412496537981175
O14757_Pocket2Mol_idx-in-all-generaetd-989,0.2262841520584116
O14757_Pocket2Mol_idx-in-all-generaetd-706,0.3680672351430494
O14757_Pocket2Mol_idx-in-all-generaetd-573,0.39025978034686054
O14757_Pocket2Mol_idx-in-all-generaetd-357,0.39554035422530187
O14757_Pocket2Mol_idx-in-all-generaetd-771,0.2734200101090078
O14757_Pocket2Mol_idx-in-all-generaetd-595,0.3918719804460393
O14757_Pocket2Mol_idx-in-all-generaetd-504,0.3745653838697861
O14757_Pocket2Mol_idx-in-all-generaetd-888,0.42890809033484906
O14757_Pocket2Mol_idx-in-all-generaetd-597,0.25147768571205914
O14757_Pocket2Mol_idx-in-all-generaetd-616,0.5605356596643489
O14757_Pocket2Mol_idx-in-all-generaetd-72,0.39797279378514655
O14757_Pocket2Mol_idx-in-all-generaetd-918,0.4958001898631443
O14757_Pocket2Mol_idx-in-all-generaetd-410,0.2971808122255297
O14757_Pocket2Mol_idx-in-all-generaetd-664,0.285423817933231
O14757_Pocket2Mol_idx-in-all-generaetd-490,0.39685392809928544
O14757_Pocket2Mol_idx-in-all-generaetd-402,0.32344213832724844
O14757_Pocket2Mol_idx-in-all-generaetd-713,0.37520382054763735
O14757_Pocket2Mol_idx-in-all-generaetd-571,0.2795346747085689
O14757_Pocket2Mol_idx-in-all-generaetd-159,0.3058302921292626
O14757_Pocket2Mol_idx-in-all-generaetd-885,0.2451629243046014
O14757_Pocket2Mol_idx-in-all-generaetd-549,0.3408992978274087
O14757_Pocket2Mol_idx-in-all-generaetd-274,0.30872773755557775
O14757_Pocket2Mol_idx-in-all-generaetd-157,0.45193345118455186
O14757_Pocket2Mol_idx-in-all-generaetd-633,0.5003742486584686
O14757_Pocket2Mol_idx-in-all-generaetd-567,0.2990550467391776
O14757_Pocket2Mol_idx-in-all-generaetd-804,0.37357740437966
O14757_Pocket2Mol_idx-in-all-generaetd-752,0.3465177751210309
O14757_Pocket2Mol_idx-in-all-generaetd-860,0.4711343645057472
O14757_Pocket2Mol_idx-in-all-generaetd-576,0.33606885449384244
O14757_Pocket2Mol_idx-in-all-generaetd-399,0.3436619844835757
O14757_Pocket2Mol_idx-in-all-generaetd-924,0.3124672708007224
O14757_Pocket2Mol_idx-in-all-generaetd-947,0.3356704761429484
O14757_Pocket2Mol_idx-in-all-generaetd-114,0.2300576944322432
O14757_Pocket2Mol_idx-in-all-generaetd-200,0.6582744756603216
O14757_Pocket2Mol_idx-in-all-generaetd-483,0.3628846112814002
O14757_Pocket2Mol_idx-in-all-generaetd-286,0.4599328786215162
O14757_Pocket2Mol_idx-in-all-generaetd-380,0.4167940463657076
O14757_Pocket2Mol_idx-in-all-generaetd-343,0.26787301219638454
O14757_Pocket2Mol_idx-in-all-generaetd-147,0.47966598497593527
O14757_Pocket2Mol_idx-in-all-generaetd-978,0.3733140668545131
O14757_Pocket2Mol_idx-in-all-generaetd-998,0.3605621674466075
O14757_Pocket2Mol_idx-in-all-generaetd-235,0.24266165890621938
O14757_Pocket2Mol_idx-in-all-generaetd-904,0.2789347170647432
O14757_Pocket2Mol_idx-in-all-generaetd-717,0.3855867787218043
O14757_Pocket2Mol_idx-in-all-generaetd-972,0.31505283198872963
O14757_Pocket2Mol_idx-in-all-generaetd-538,0.3654220991491226
O14757_Pocket2Mol_idx-in-all-generaetd-107,0.44650084779282156
O14757_Pocket2Mol_idx-in-all-generaetd-100,0.336215022526016
O14757_Pocket2Mol_idx-in-all-generaetd-447,0.24858475168985814
O14757_Pocket2Mol_idx-in-all-generaetd-854,0.20587520585973745
O14757_Pocket2Mol_idx-in-all-generaetd-12,0.28772563881894747
O14757_Pocket2Mol_idx-in-all-generaetd-976,0.34658494289768643
O14757_Pocket2Mol_idx-in-all-generaetd-826,0.22568886212121805
O14757_Pocket2Mol_idx-in-all-generaetd-461,0.3839984274861276
O14757_Pocket2Mol_idx-in-all-generaetd-604,0.30316515129209104
O14757_Pocket2Mol_idx-in-all-generaetd-872,0.41353128866404126
O14757_Pocket2Mol_idx-in-all-generaetd-56,0.19309757584484824
O14757_Pocket2Mol_idx-in-all-generaetd-17,0.2591769986389321
O14757_Pocket2Mol_idx-in-all-generaetd-936,0.22090198867705535
O14757_Pocket2Mol_idx-in-all-generaetd-967,0.3059168208792936
O14757_Pocket2Mol_idx-in-all-generaetd-122,0.3646951739369919
O14757_Pocket2Mol_idx-in-all-generaetd-852,0.31027479874294683
O14757_Pocket2Mol_idx-in-all-generaetd-74,0.5471901680183952
O14757_Pocket2Mol_idx-in-all-generaetd-469,0.3199303258696622
O14757_Pocket2Mol_idx-in-all-generaetd-501,0.2925838092606705
O14757_Pocket2Mol_idx-in-all-generaetd-580,0.35803746425733607
O14757_Pocket2Mol_idx-in-all-generaetd-350,0.2375002422615147
O14757_Pocket2Mol_idx-in-all-generaetd-426,0.3478564992139783
O14757_Pocket2Mol_idx-in-all-generaetd-711,0.2622998495055452
O14757_Pocket2Mol_idx-in-all-generaetd-416,0.24505456452469238
O14757_Pocket2Mol_idx-in-all-generaetd-781,0.37388895915612563
O14757_Pocket2Mol_idx-in-all-generaetd-51,0.3451573519578689
O14757_Pocket2Mol_idx-in-all-generaetd-314,0.2533131767980471
O14757_Pocket2Mol_idx-in-all-generaetd-184,0.4820194874598803
O14757_Pocket2Mol_idx-in-all-generaetd-209,0.30296481344165244
O14757_Pocket2Mol_idx-in-all-generaetd-379,0.3539947910627692
O14757_Pocket2Mol_idx-in-all-generaetd-421,0.2996411263387444
O14757_Pocket2Mol_idx-in-all-generaetd-75,0.20735656924793616
O14757_Pocket2Mol_idx-in-all-generaetd-844,0.18182656422732318
O14757_Pocket2Mol_idx-in-all-generaetd-488,0.3252288050747639
O14757_Pocket2Mol_idx-in-all-generaetd-264,0.40190429114026643
O14757_Pocket2Mol_idx-in-all-generaetd-763,0.4601690887451032
O14757_Pocket2Mol_idx-in-all-generaetd-877,0.33204408798086826
O14757_Pocket2Mol_idx-in-all-generaetd-377,0.2820207435569304
O14757_Pocket2Mol_idx-in-all-generaetd-278,0.341494588768693
O14757_Pocket2Mol_idx-in-all-generaetd-838,0.3924056984582154
O14757_Pocket2Mol_idx-in-all-generaetd-714,0.2116969001100403
O14757_Pocket2Mol_idx-in-all-generaetd-102,0.23562694667072287
O14757_Pocket2Mol_idx-in-all-generaetd-481,0.4172500902864483
O14757_Pocket2Mol_idx-in-all-generaetd-964,0.24466752311992168
O14757_Pocket2Mol_idx-in-all-generaetd-155,0.35688981907840567
O14757_Pocket2Mol_idx-in-all-generaetd-631,0.2204815698854217
O14757_Pocket2Mol_idx-in-all-generaetd-212,0.24965045089871366
O14757_Pocket2Mol_idx-in-all-generaetd-696,0.274335926791192
O14757_Pocket2Mol_idx-in-all-generaetd-136,0.3392183156669015
O14757_Pocket2Mol_idx-in-all-generaetd-658,0.30206656141682725
O14757_Pocket2Mol_idx-in-all-generaetd-138,0.21419833217788603
O14757_Pocket2Mol_idx-in-all-generaetd-29,0.39624776041969373
O14757_Pocket2Mol_idx-in-all-generaetd-276,0.4560635132827913
O14757_Pocket2Mol_idx-in-all-generaetd-366,0.3143404572800527
O14757_Pocket2Mol_idx-in-all-generaetd-1006,0.24493768860242054
O14757_Pocket2Mol_idx-in-all-generaetd-247,0.32742370198431664
O14757_Pocket2Mol_idx-in-all-generaetd-933,0.3637083276121943
O14757_Pocket2Mol_idx-in-all-generaetd-108,0.25553259035209347
O14757_Pocket2Mol_idx-in-all-generaetd-615,0.3456329786324208
O14757_Pocket2Mol_idx-in-all-generaetd-331,0.3125136167854906
O14757_Pocket2Mol_idx-in-all-generaetd-127,0.37499648296551147
O14757_Pocket2Mol_idx-in-all-generaetd-115,0.2206311178726963
O14757_Pocket2Mol_idx-in-all-generaetd-537,0.37214637573287396
O14757_Pocket2Mol_idx-in-all-generaetd-625,0.32104686849827724
O14757_Pocket2Mol_idx-in-all-generaetd-273,0.2619515814027124
O14757_Pocket2Mol_idx-in-all-generaetd-996,0.35675270780689405
O14757_Pocket2Mol_idx-in-all-generaetd-693,0.24432580776192353
O14757_Pocket2Mol_idx-in-all-generaetd-734,0.31888864202602674
O14757_Pocket2Mol_idx-in-all-generaetd-553,0.3680879014467857
O14757_Pocket2Mol_idx-in-all-generaetd-507,0.3697783761525397
O14757_Pocket2Mol_idx-in-all-generaetd-302,0.40997007794916074
O14757_Pocket2Mol_idx-in-all-generaetd-843,0.322574720960497
O14757_Pocket2Mol_idx-in-all-generaetd-700,0.3313024601158729
O14757_Pocket2Mol_idx-in-all-generaetd-583,0.25756948759417014
O14757_Pocket2Mol_idx-in-all-generaetd-861,0.30516954895353493
O14757_Pocket2Mol_idx-in-all-generaetd-346,0.3863151767934634
O14757_Pocket2Mol_idx-in-all-generaetd-85,0.24827958718754858
O14757_Pocket2Mol_idx-in-all-generaetd-667,0.3353162529009682
O14757_Pocket2Mol_idx-in-all-generaetd-224,0.2901305034159849
O14757_Pocket2Mol_idx-in-all-generaetd-589,0.3551344154915749
O14757_Pocket2Mol_idx-in-all-generaetd-269,0.2541683521360847
O14757_Pocket2Mol_idx-in-all-generaetd-433,0.26227235030628687
O14757_Pocket2Mol_idx-in-all-generaetd-449,0.3299095164724187
O14757_Pocket2Mol_idx-in-all-generaetd-423,0.37274214438555475
O14757_Pocket2Mol_idx-in-all-generaetd-513,0.3041771131631548
O14757_Pocket2Mol_idx-in-all-generaetd-638,0.41369445048147613
O14757_Pocket2Mol_idx-in-all-generaetd-201,0.3364587576035924
O14757_Pocket2Mol_idx-in-all-generaetd-788,0.3286060447914735
O14757_Pocket2Mol_idx-in-all-generaetd-471,0.21872857607659202
O14757_Pocket2Mol_idx-in-all-generaetd-13,0.23754213513909456
O14757_Pocket2Mol_idx-in-all-generaetd-73,0.4664070887658185
O14757_Pocket2Mol_idx-in-all-generaetd-8,0.3533783096821662
O14757_Pocket2Mol_idx-in-all-generaetd-398,0.19913894486998152
O14757_Pocket2Mol_idx-in-all-generaetd-258,0.29945797205817576
O14757_Pocket2Mol_idx-in-all-generaetd-363,0.2422418080451453
O14757_Pocket2Mol_idx-in-all-generaetd-413,0.3162180150083169
O14757_Pocket2Mol_idx-in-all-generaetd-328,0.3285191086489855
O14757_Pocket2Mol_idx-in-all-generaetd-484,0.2367510438613905
O14757_Pocket2Mol_idx-in-all-generaetd-849,0.4110650374653979
O14757_Pocket2Mol_idx-in-all-generaetd-381,0.2892037730044666
O14757_Pocket2Mol_idx-in-all-generaetd-808,0.2673338925276658
O14757_Pocket2Mol_idx-in-all-generaetd-65,0.27819003344385324
O14757_Pocket2Mol_idx-in-all-generaetd-70,0.27880520054561786
O14757_Pocket2Mol_idx-in-all-generaetd-708,0.3573632687912111
O14757_Pocket2Mol_idx-in-all-generaetd-477,0.322383574118849
O14757_Pocket2Mol_idx-in-all-generaetd-675,0.2842173376633047
O14757_Pocket2Mol_idx-in-all-generaetd-487,0.487390656264405
O14757_Pocket2Mol_idx-in-all-generaetd-464,0.49829824435183917
O14757_Pocket2Mol_idx-in-all-generaetd-3,0.354188402853427
O14757_Pocket2Mol_idx-in-all-generaetd-349,0.2968339931868451
O14757_Pocket2Mol_idx-in-all-generaetd-237,0.30086004384694304
O14757_Pocket2Mol_idx-in-all-generaetd-391,0.34636270039480505
O14757_Pocket2Mol_idx-in-all-generaetd-697,0.2330442773016782
O14757_Pocket2Mol_idx-in-all-generaetd-167,0.3272395788462762
O14757_Pocket2Mol_idx-in-all-generaetd-231,0.3218310894984454
O14757_Pocket2Mol_idx-in-all-generaetd-499,0.3863093491298806
O14757_Pocket2Mol_idx-in-all-generaetd-389,0.3031125831380965
O14757_Pocket2Mol_idx-in-all-generaetd-58,0.4403072427225817
O14757_Pocket2Mol_idx-in-all-generaetd-520,0.3201554482131221
O14757_Pocket2Mol_idx-in-all-generaetd-64,0.4165981534361133
O14757_Pocket2Mol_idx-in-all-generaetd-563,0.3288672666365816
O14757_Pocket2Mol_idx-in-all-generaetd-1004,0.2674908302092563
O14757_Pocket2Mol_idx-in-all-generaetd-71,0.39981779922366567
O14757_Pocket2Mol_idx-in-all-generaetd-701,0.40856504202453714
O14757_Pocket2Mol_idx-in-all-generaetd-171,0.3633514650109884
O14757_Pocket2Mol_idx-in-all-generaetd-370,0.25707190585942247
O14757_Pocket2Mol_idx-in-all-generaetd-960,0.3678395504644003
O14757_Pocket2Mol_idx-in-all-generaetd-948,0.35282047765796065
O14757_Pocket2Mol_idx-in-all-generaetd-783,0.4004834346876946
O14757_Pocket2Mol_idx-in-all-generaetd-857,0.3403332856788963
O14757_Pocket2Mol_idx-in-all-generaetd-291,0.31364126630554573
O14757_Pocket2Mol_idx-in-all-generaetd-962,0.31109275213217347
O14757_Pocket2Mol_idx-in-all-generaetd-105,0.3669810806020345
O14757_Pocket2Mol_idx-in-all-generaetd-83,0.24058596220650683
O14757_Pocket2Mol_idx-in-all-generaetd-92,0.2682370351549762
O14757_Pocket2Mol_idx-in-all-generaetd-251,0.30148698011982955
O14757_Pocket2Mol_idx-in-all-generaetd-494,0.3217230778516161
O14757_Pocket2Mol_idx-in-all-generaetd-175,0.3439919176448685
O14757_Pocket2Mol_idx-in-all-generaetd-453,0.3245763690753671
O14757_Pocket2Mol_idx-in-all-generaetd-355,0.31384692504822903
O14757_Pocket2Mol_idx-in-all-generaetd-709,0.524681247760618
O14757_Pocket2Mol_idx-in-all-generaetd-437,0.33140819768678487
O14757_Pocket2Mol_idx-in-all-generaetd-431,0.37299372236260153
O14757_Pocket2Mol_idx-in-all-generaetd-93,0.3753535071610618
O14757_Pocket2Mol_idx-in-all-generaetd-476,0.21334272146510996
O14757_Pocket2Mol_idx-in-all-generaetd-731,0.2379829310242219
O14757_Pocket2Mol_idx-in-all-generaetd-870,0.34706945699548464
O14757_Pocket2Mol_idx-in-all-generaetd-139,0.23779638757855417
O14757_Pocket2Mol_idx-in-all-generaetd-506,0.43147166142344595
O14757_Pocket2Mol_idx-in-all-generaetd-119,0.2669286860146287
O14757_Pocket2Mol_idx-in-all-generaetd-779,0.18407448121421233
O14757_Pocket2Mol_idx-in-all-generaetd-462,0.3193374676057174
O14757_Pocket2Mol_idx-in-all-generaetd-165,0.2790544841310102
O14757_Pocket2Mol_idx-in-all-generaetd-290,0.31831929698972183
O14757_Pocket2Mol_idx-in-all-generaetd-908,0.38245229873009406
O14757_Pocket2Mol_idx-in-all-generaetd-834,0.34146831996145666
O14757_Pocket2Mol_idx-in-all-generaetd-77,0.3047688615777294
O14757_Pocket2Mol_idx-in-all-generaetd-979,0.3862828161058307
O14757_Pocket2Mol_idx-in-all-generaetd-893,0.29134144987626576
O14757_Pocket2Mol_idx-in-all-generaetd-530,0.23810025974957005
O14757_Pocket2Mol_idx-in-all-generaetd-213,0.3534152046391042
O14757_Pocket2Mol_idx-in-all-generaetd-52,0.2677812401943521
O14757_Pocket2Mol_idx-in-all-generaetd-994,0.23591799256533874
O14757_Pocket2Mol_idx-in-all-generaetd-1016,0.359218237654139
O14757_Pocket2Mol_idx-in-all-generaetd-265,0.2383125161299003
O14757_Pocket2Mol_idx-in-all-generaetd-782,0.23043493557884331
O14757_Pocket2Mol_idx-in-all-generaetd-317,0.1942200674696537
O14757_Pocket2Mol_idx-in-all-generaetd-886,0.25140552359495916
O14757_Pocket2Mol_idx-in-all-generaetd-394,0.3144534873047533
O14757_Pocket2Mol_idx-in-all-generaetd-945,0.34755876117481554
O14757_Pocket2Mol_idx-in-all-generaetd-652,0.38076723306037963
O14757_Pocket2Mol_idx-in-all-generaetd-938,0.28731772449158655
O14757_Pocket2Mol_idx-in-all-generaetd-784,0.2851796113899882
O14757_Pocket2Mol_idx-in-all-generaetd-472,0.3780953177392971
O14757_Pocket2Mol_idx-in-all-generaetd-131,0.32562305669354125
O14757_Pocket2Mol_idx-in-all-generaetd-910,0.2542606614305135
O14757_Pocket2Mol_idx-in-all-generaetd-963,0.4024454920914599
O14757_Pocket2Mol_idx-in-all-generaetd-455,0.38962936953633087
O14757_Pocket2Mol_idx-in-all-generaetd-887,0.22676699904740605
O14757_Pocket2Mol_idx-in-all-generaetd-677,0.3176988669324239
O14757_Pocket2Mol_idx-in-all-generaetd-452,0.33150956847357127
O14757_Pocket2Mol_idx-in-all-generaetd-26,0.3355605613728496
O14757_Pocket2Mol_idx-in-all-generaetd-896,0.2932163271384465
O14757_Pocket2Mol_idx-in-all-generaetd-444,0.4491086088419688
O14757_Pocket2Mol_idx-in-all-generaetd-932,0.304905461002579
O14757_Pocket2Mol_idx-in-all-generaetd-287,0.49318975818264155
O14757_Pocket2Mol_idx-in-all-generaetd-531,0.30697725190550285
O14757_Pocket2Mol_idx-in-all-generaetd-217,0.3060239921398145
O14757_Pocket2Mol_idx-in-all-generaetd-404,0.3271154481359374
O14757_Pocket2Mol_idx-in-all-generaetd-547,0.4240136151925301
O14757_Pocket2Mol_idx-in-all-generaetd-323,0.32043144881832697
O14757_Pocket2Mol_idx-in-all-generaetd-400,0.36696264805207546
O14757_Pocket2Mol_idx-in-all-generaetd-554,0.42197360912184234
O14757_Pocket2Mol_idx-in-all-generaetd-304,0.25651466997718597
O14757_Pocket2Mol_idx-in-all-generaetd-981,0.4518561248019414
O14757_Pocket2Mol_idx-in-all-generaetd-156,0.5478076184530483
O14757_Pocket2Mol_idx-in-all-generaetd-581,0.2953870929429002
O14757_Pocket2Mol_idx-in-all-generaetd-850,0.30282465996871144
O14757_Pocket2Mol_idx-in-all-generaetd-376,0.3270942758300639
O14757_Pocket2Mol_idx-in-all-generaetd-769,0.34308402829433804
O14757_Pocket2Mol_idx-in-all-generaetd-129,0.3973636568250756
O14757_Pocket2Mol_idx-in-all-generaetd-836,0.256123267353318
O14757_Pocket2Mol_idx-in-all-generaetd-99,0.30103263114830914
O14757_Pocket2Mol_idx-in-all-generaetd-635,0.276158635819761
O14757_Pocket2Mol_idx-in-all-generaetd-393,0.31697703006946365
O14757_Pocket2Mol_idx-in-all-generaetd-28,0.23721568257536194
O14757_Pocket2Mol_idx-in-all-generaetd-397,0.3754259339998225
O14757_Pocket2Mol_idx-in-all-generaetd-551,0.28467054711705336
O14757_Pocket2Mol_idx-in-all-generaetd-1000,0.4335172096630055
O14757_Pocket2Mol_idx-in-all-generaetd-931,0.48575952706546444
O14757_Pocket2Mol_idx-in-all-generaetd-855,0.32624344985947795
O14757_Pocket2Mol_idx-in-all-generaetd-448,0.4827336247569297
O14757_Pocket2Mol_idx-in-all-generaetd-486,0.2779805012687302
O14757_Pocket2Mol_idx-in-all-generaetd-491,0.24391342602826663
O14757_Pocket2Mol_idx-in-all-generaetd-793,0.2988146414940984
O14757_Pocket2Mol_idx-in-all-generaetd-266,0.38634185263237897
O14757_Pocket2Mol_idx-in-all-generaetd-974,0.3586826233755723
O14757_Pocket2Mol_idx-in-all-generaetd-219,0.27018426323719963
O14757_Pocket2Mol_idx-in-all-generaetd-215,0.3222476843597698
O14757_Pocket2Mol_idx-in-all-generaetd-497,0.2669634778571903
O14757_Pocket2Mol_idx-in-all-generaetd-422,0.23764552465070476
O14757_Pocket2Mol_idx-in-all-generaetd-199,0.36257357646370353
O14757_Pocket2Mol_idx-in-all-generaetd-657,0.32680540466941765
O14757_Pocket2Mol_idx-in-all-generaetd-968,0.35894236795129586
O14757_Pocket2Mol_idx-in-all-generaetd-86,0.3514879257581275
O14757_Pocket2Mol_idx-in-all-generaetd-685,0.26269096818007637
O14757_Pocket2Mol_idx-in-all-generaetd-35,0.3111349482103937
O14757_Pocket2Mol_idx-in-all-generaetd-263,0.21546543726996994
O14757_Pocket2Mol_idx-in-all-generaetd-125,0.3136641704879317
O14757_Pocket2Mol_idx-in-all-generaetd-848,0.37170257814166086
O14757_Pocket2Mol_idx-in-all-generaetd-516,0.35709098192629035
O14757_Pocket2Mol_idx-in-all-generaetd-38,0.200403733490941
O14757_Pocket2Mol_idx-in-all-generaetd-311,0.34444866738928237
O14757_Pocket2Mol_idx-in-all-generaetd-20,0.3576531713643897
O14757_Pocket2Mol_idx-in-all-generaetd-456,0.4358556321533936
O14757_Pocket2Mol_idx-in-all-generaetd-736,0.3229747268744457
O14757_Pocket2Mol_idx-in-all-generaetd-259,0.4972216636296253
O14757_Pocket2Mol_idx-in-all-generaetd-341,0.366265204698097
O14757_Pocket2Mol_idx-in-all-generaetd-606,0.5063693297256833
O14757_Pocket2Mol_idx-in-all-generaetd-316,0.33337682601514096
O14757_Pocket2Mol_idx-in-all-generaetd-296,0.5114907955506905
O14757_Pocket2Mol_idx-in-all-generaetd-529,0.2727784309242089
O14757_Pocket2Mol_idx-in-all-generaetd-441,0.2288090409217011
O14757_Pocket2Mol_idx-in-all-generaetd-161,0.2624746872334705
O14757_Pocket2Mol_idx-in-all-generaetd-312,0.37149223352322497
O14757_Pocket2Mol_idx-in-all-generaetd-724,0.37359380186907565
O14757_Pocket2Mol_idx-in-all-generaetd-927,0.24727045327785252
O14757_Pocket2Mol_idx-in-all-generaetd-873,0.4365705197585644
O14757_Pocket2Mol_idx-in-all-generaetd-754,0.1876480631082969
O14757_Pocket2Mol_idx-in-all-generaetd-982,0.4306721299094102
O14757_Pocket2Mol_idx-in-all-generaetd-818,0.17844027759754486
O14757_Pocket2Mol_idx-in-all-generaetd-977,0.40314262885286145
O14757_Pocket2Mol_idx-in-all-generaetd-842,0.4786006827701881
O14757_Pocket2Mol_idx-in-all-generaetd-474,0.3038642241769265
O14757_Pocket2Mol_idx-in-all-generaetd-526,0.4392939150652363
O14757_Pocket2Mol_idx-in-all-generaetd-950,0.3613178629151944
O14757_Pocket2Mol_idx-in-all-generaetd-871,0.32384456523453986
O14757_Pocket2Mol_idx-in-all-generaetd-753,0.4046022650623894
O14757_Pocket2Mol_idx-in-all-generaetd-807,0.23717254899732998
O14757_Pocket2Mol_idx-in-all-generaetd-271,0.3481362850672456
O14757_Pocket2Mol_idx-in-all-generaetd-480,0.2782712844460755
O14757_Pocket2Mol_idx-in-all-generaetd-748,0.3636860013985775
O14757_Pocket2Mol_idx-in-all-generaetd-148,0.30992178740894916
O14757_Pocket2Mol_idx-in-all-generaetd-152,0.3812862916221118
O14757_Pocket2Mol_idx-in-all-generaetd-373,0.3093073046542209
O14757_Pocket2Mol_idx-in-all-generaetd-557,0.33688241722122414
O14757_Pocket2Mol_idx-in-all-generaetd-192,0.29550329785774165
O14757_Pocket2Mol_idx-in-all-generaetd-468,0.3526443490018397
O14757_Pocket2Mol_idx-in-all-generaetd-241,0.29694255300550043
O14757_Pocket2Mol_idx-in-all-generaetd-285,0.25642436088849696
O14757_Pocket2Mol_idx-in-all-generaetd-612,0.34349945930816855
O14757_Pocket2Mol_idx-in-all-generaetd-509,0.37785678227323427
O14757_Pocket2Mol_idx-in-all-generaetd-607,0.3262821630757132
O14757_Pocket2Mol_idx-in-all-generaetd-240,0.26269302777197934
O14757_Pocket2Mol_idx-in-all-generaetd-225,0.5222098910002595
O14757_Pocket2Mol_idx-in-all-generaetd-856,0.36529268950731636
O14757_Pocket2Mol_idx-in-all-generaetd-523,0.32188248152990867
O14757_Pocket2Mol_idx-in-all-generaetd-868,0.2627114472128563
O14757_Pocket2Mol_idx-in-all-generaetd-479,0.3516881679855943
O14757_Pocket2Mol_idx-in-all-generaetd-467,0.2766471322258189
O14757_Pocket2Mol_idx-in-all-generaetd-239,0.26221971816739714
O14757_Pocket2Mol_idx-in-all-generaetd-427,0.23353079042799132
O14757_Pocket2Mol_idx-in-all-generaetd-80,0.3347274489652886
O14757_Pocket2Mol_idx-in-all-generaetd-57,0.354548915477787
O14757_Pocket2Mol_idx-in-all-generaetd-758,0.36258356711887574
O14757_Pocket2Mol_idx-in-all-generaetd-45,0.28650425151342773
O14757_Pocket2Mol_idx-in-all-generaetd-132,0.2453014927631538
O14757_Pocket2Mol_idx-in-all-generaetd-682,0.3057529649201771
O14757_Pocket2Mol_idx-in-all-generaetd-999,0.4665790258476157
O14757_Pocket2Mol_idx-in-all-generaetd-27,0.18022090223322015
O14757_Pocket2Mol_idx-in-all-generaetd-96,0.4463388075992524
O14757_Pocket2Mol_idx-in-all-generaetd-459,0.44341520662531786
O14757_Pocket2Mol_idx-in-all-generaetd-87,0.37052937969848926
O14757_Pocket2Mol_idx-in-all-generaetd-387,0.40146978616349577
O14757_Pocket2Mol_idx-in-all-generaetd-211,0.23047887898433128
O14757_Pocket2Mol_idx-in-all-generaetd-340,0.35691569613249563
O14757_Pocket2Mol_idx-in-all-generaetd-18,0.37193742603237556
O14757_Pocket2Mol_idx-in-all-generaetd-34,0.3137829389281569
O14757_Pocket2Mol_idx-in-all-generaetd-268,0.3479144936870238
O14757_Pocket2Mol_idx-in-all-generaetd-621,0.2943999471067456
O14757_Pocket2Mol_idx-in-all-generaetd-128,0.32244745202322445
O14757_Pocket2Mol_idx-in-all-generaetd-191,0.31202068195809374
O14757_Pocket2Mol_idx-in-all-generaetd-874,0.32194450006669045
O14757_Pocket2Mol_idx-in-all-generaetd-746,0.15458002481213448
O14757_Pocket2Mol_idx-in-all-generaetd-903,0.2450008825486074
O14757_Pocket2Mol_idx-in-all-generaetd-522,0.3487460808025953
O14757_Pocket2Mol_idx-in-all-generaetd-558,0.43785730906426723
O14757_Pocket2Mol_idx-in-all-generaetd-275,0.3579229363855124
O14757_Pocket2Mol_idx-in-all-generaetd-710,0.28305295250040274
O14757_Pocket2Mol_idx-in-all-generaetd-170,0.26260295157235025
O14757_Pocket2Mol_idx-in-all-generaetd-356,0.4250698399281527
O14757_Pocket2Mol_idx-in-all-generaetd-878,0.24618838321350567
O14757_Pocket2Mol_idx-in-all-generaetd-899,0.37553715160905643
O14757_Pocket2Mol_idx-in-all-generaetd-233,0.2795031838760949
O14757_Pocket2Mol_idx-in-all-generaetd-704,0.17747403286622052
O14757_Pocket2Mol_idx-in-all-generaetd-181,0.32510536827188097
O14757_Pocket2Mol_idx-in-all-generaetd-605,0.33854041043787353
O14757_Pocket2Mol_idx-in-all-generaetd-991,0.34144464284858994
O14757_Pocket2Mol_idx-in-all-generaetd-540,0.20920716886266086
O14757_Pocket2Mol_idx-in-all-generaetd-649,0.30780982099776044
O14757_Pocket2Mol_idx-in-all-generaetd-692,0.19960769883485832
O14757_Pocket2Mol_idx-in-all-generaetd-327,0.19063319965397188
O14757_Pocket2Mol_idx-in-all-generaetd-458,0.2638268626417673
O14757_Pocket2Mol_idx-in-all-generaetd-702,0.23372331766634316
O14757_Pocket2Mol_idx-in-all-generaetd-890,0.29241794446529545
O14757_Pocket2Mol_idx-in-all-generaetd-204,0.3041221701350727
O14757_Pocket2Mol_idx-in-all-generaetd-897,0.2791411800837641
O14757_Pocket2Mol_idx-in-all-generaetd-815,0.31251134918375867
O14757_Pocket2Mol_idx-in-all-generaetd-851,0.48869226240911456
O14757_Pocket2Mol_idx-in-all-generaetd-180,0.2611836726133252
O14757_Pocket2Mol_idx-in-all-generaetd-902,0.19996051227529718
O14757_Pocket2Mol_idx-in-all-generaetd-1010,0.5291991075206917
O14757_Pocket2Mol_idx-in-all-generaetd-498,0.31076024726909657
O14757_Pocket2Mol_idx-in-all-generaetd-916,0.2917866884534957
O14757_Pocket2Mol_idx-in-all-generaetd-623,0.31906192073718537
O14757_Pocket2Mol_idx-in-all-generaetd-88,0.23875101949869967
O14757_Pocket2Mol_idx-in-all-generaetd-415,0.2874984131824094
O14757_Pocket2Mol_idx-in-all-generaetd-195,0.24042180827306522
O14757_Pocket2Mol_idx-in-all-generaetd-825,0.23189526966741864
O14757_Pocket2Mol_idx-in-all-generaetd-622,0.24433562107492074
O14757_Pocket2Mol_idx-in-all-generaetd-30,0.35844784984231653
O14757_Pocket2Mol_idx-in-all-generaetd-957,0.3788217080032763
O14757_Pocket2Mol_idx-in-all-generaetd-283,0.29894736167499614
O14757_Pocket2Mol_idx-in-all-generaetd-647,0.36721925021904456
O14757_Pocket2Mol_idx-in-all-generaetd-535,0.34860013476851565
O14757_Pocket2Mol_idx-in-all-generaetd-719,0.2885173933810698
O14757_Pocket2Mol_idx-in-all-generaetd-500,0.3300355794231319
O14757_Pocket2Mol_idx-in-all-generaetd-21,0.3089062577186532
O14757_Pocket2Mol_idx-in-all-generaetd-301,0.14859633678203996
O14757_Pocket2Mol_idx-in-all-generaetd-405,0.38334171501076053
O14757_Pocket2Mol_idx-in-all-generaetd-126,0.33482684246934996
O14757_Pocket2Mol_idx-in-all-generaetd-738,0.24285305169520466
O14757_Pocket2Mol_idx-in-all-generaetd-645,0.3599512864977915
O14757_Pocket2Mol_idx-in-all-generaetd-669,0.19454900465321995
O14757_Pocket2Mol_idx-in-all-generaetd-492,0.328786735250874
O14757_Pocket2Mol_idx-in-all-generaetd-995,0.34039629749647204
O14757_Pocket2Mol_idx-in-all-generaetd-295,0.29866115482553834
O14757_Pocket2Mol_idx-in-all-generaetd-284,0.29879026912785517
O14757_Pocket2Mol_idx-in-all-generaetd-403,0.3191761481095729
O14757_Pocket2Mol_idx-in-all-generaetd-814,0.317505310905289
O14757_Pocket2Mol_idx-in-all-generaetd-926,0.39106421523248636
O14757_Pocket2Mol_idx-in-all-generaetd-943,0.3619020746872962
O14757_Pocket2Mol_idx-in-all-generaetd-698,0.34588830261279946
O14757_Pocket2Mol_idx-in-all-generaetd-229,0.5305186952024293
O14757_Pocket2Mol_idx-in-all-generaetd-342,0.3381241646140932
O14757_Pocket2Mol_idx-in-all-generaetd-121,0.21482715453716675
O14757_Pocket2Mol_idx-in-all-generaetd-882,0.4026365673909721
O14757_Pocket2Mol_idx-in-all-generaetd-361,0.3019102408076213
O14757_Pocket2Mol_idx-in-all-generaetd-142,0.38773815908326503
O14757_Pocket2Mol_idx-in-all-generaetd-775,0.31027432034424
O14757_Pocket2Mol_idx-in-all-generaetd-562,0.3539851555264729
O14757_Pocket2Mol_idx-in-all-generaetd-643,0.3549253050890986
O14757_Pocket2Mol_idx-in-all-generaetd-62,0.27432228886975674
O14757_Pocket2Mol_idx-in-all-generaetd-984,0.28768499395730435
O14757_Pocket2Mol_idx-in-all-generaetd-94,0.33945158502927314
O14757_Pocket2Mol_idx-in-all-generaetd-730,0.2760899934111037
O14757_Pocket2Mol_idx-in-all-generaetd-608,0.28348115625905923
O14757_Pocket2Mol_idx-in-all-generaetd-1013,0.3026759980448944
O14757_Pocket2Mol_idx-in-all-generaetd-418,0.35725763726191606
O14757_Pocket2Mol_idx-in-all-generaetd-889,0.31934087556115104
O14757_Pocket2Mol_idx-in-all-generaetd-31,0.2742847064641917
O14757_Pocket2Mol_idx-in-all-generaetd-68,0.27396646698972354
O14757_Pocket2Mol_idx-in-all-generaetd-891,0.22856768608470046
O14757_Pocket2Mol_idx-in-all-generaetd-819,0.25830978452756
O14757_Pocket2Mol_idx-in-all-generaetd-428,0.3731614716553351
O14757_Pocket2Mol_idx-in-all-generaetd-436,0.32039294879884656
O14757_Pocket2Mol_idx-in-all-generaetd-917,0.345507524911869
O14757_Pocket2Mol_idx-in-all-generaetd-98,0.3036820093474415
O14757_Pocket2Mol_idx-in-all-generaetd-659,0.3347410745799988
O14757_Pocket2Mol_idx-in-all-generaetd-146,0.354599152919818
O14757_Pocket2Mol_idx-in-all-generaetd-988,0.2594046590325956
O14757_Pocket2Mol_idx-in-all-generaetd-585,0.31914435124298574
O14757_Pocket2Mol_idx-in-all-generaetd-206,0.1305454609093024
O14757_Pocket2Mol_idx-in-all-generaetd-528,0.3900552968196368
O14757_Pocket2Mol_idx-in-all-generaetd-408,0.3709143571974505
O14757_Pocket2Mol_idx-in-all-generaetd-150,0.3046699427048603
O14757_Pocket2Mol_idx-in-all-generaetd-299,0.1937533459464817
O14757_Pocket2Mol_idx-in-all-generaetd-183,0.33388271583576956
O14757_Pocket2Mol_idx-in-all-generaetd-593,0.3669880803160411
O14757_Pocket2Mol_idx-in-all-generaetd-166,0.3386312516143888
O14757_Pocket2Mol_idx-in-all-generaetd-439,0.3759680878968109
O14757_Pocket2Mol_idx-in-all-generaetd-2,0.2835753325753224
O14757_Pocket2Mol_idx-in-all-generaetd-430,0.3171125909725675
O14757_Pocket2Mol_idx-in-all-generaetd-110,0.2520763508488157
O14757_Pocket2Mol_idx-in-all-generaetd-329,0.35323120513635503
O14757_Pocket2Mol_idx-in-all-generaetd-539,0.24399336963590745
O14757_Pocket2Mol_idx-in-all-generaetd-202,0.3246812572586904
O14757_Pocket2Mol_idx-in-all-generaetd-949,0.23792634032120738
O14757_Pocket2Mol_idx-in-all-generaetd-351,0.32655682934502195
O14757_Pocket2Mol_idx-in-all-generaetd-617,0.2616037308949685
O14757_Pocket2Mol_idx-in-all-generaetd-971,0.17756497720013728
O14757_Pocket2Mol_idx-in-all-generaetd-332,0.2929840500435378
O14757_Pocket2Mol_idx-in-all-generaetd-348,0.2592910792646713
O14757_Pocket2Mol_idx-in-all-generaetd-420,0.45129481920486386
O14757_Pocket2Mol_idx-in-all-generaetd-95,0.4830968831590362
O14757_Pocket2Mol_idx-in-all-generaetd-660,0.238519367869781
O14757_Pocket2Mol_idx-in-all-generaetd-718,0.1998005663322225
O14757_Pocket2Mol_idx-in-all-generaetd-742,0.3427117438311178
O14757_Pocket2Mol_idx-in-all-generaetd-654,0.4040046577520793
O14757_Pocket2Mol_idx-in-all-generaetd-307,0.2070779510084289
O14757_Pocket2Mol_idx-in-all-generaetd-309,0.39710644542780216
O14757_Pocket2Mol_idx-in-all-generaetd-546,0.4491768851737038
O14757_Pocket2Mol_idx-in-all-generaetd-60,0.3110607503997913
O14757_Pocket2Mol_idx-in-all-generaetd-776,0.3633992915739678
O14757_Pocket2Mol_idx-in-all-generaetd-579,0.2714095923195131
O14757_Pocket2Mol_idx-in-all-generaetd-835,0.3174965749714759
O14757_Pocket2Mol_idx-in-all-generaetd-628,0.39194932456386444
O14757_Pocket2Mol_idx-in-all-generaetd-158,0.28715225064168504
O14757_Pocket2Mol_idx-in-all-generaetd-434,0.3497365899408273
O14757_Pocket2Mol_idx-in-all-generaetd-653,0.3540915901433128
O14757_Pocket2Mol_idx-in-all-generaetd-236,0.3618778540072313
O14757_Pocket2Mol_idx-in-all-generaetd-656,0.34801194729258866
O14757_Pocket2Mol_idx-in-all-generaetd-101,0.2660494968148773
O14757_Pocket2Mol_idx-in-all-generaetd-173,0.29115571816377034
O14757_Pocket2Mol_idx-in-all-generaetd-929,0.25958344406558714
O14757_Pocket2Mol_idx-in-all-generaetd-124,0.33757289559463155
O14757_Pocket2Mol_idx-in-all-generaetd-939,0.23052369306633422
O14757_Pocket2Mol_idx-in-all-generaetd-78,0.3546529902819361
O14757_Pocket2Mol_idx-in-all-generaetd-723,0.4585311108129411
O14757_Pocket2Mol_idx-in-all-generaetd-169,0.3984221323153386
O14757_Pocket2Mol_idx-in-all-generaetd-934,0.24625048471622626
O14757_Pocket2Mol_idx-in-all-generaetd-320,0.2959611655770675
O14757_Pocket2Mol_idx-in-all-generaetd-636,0.3202428020432461
O14757_Pocket2Mol_idx-in-all-generaetd-619,0.24350649185875167
O14757_Pocket2Mol_idx-in-all-generaetd-89,0.4018900417787312
O14757_Pocket2Mol_idx-in-all-generaetd-786,0.4699862107667455
O14757_Pocket2Mol_idx-in-all-generaetd-41,0.27885399599424615
O14757_Pocket2Mol_idx-in-all-generaetd-614,0.3740149578527395
O14757_Pocket2Mol_idx-in-all-generaetd-672,0.25424234190210276
O14757_Pocket2Mol_idx-in-all-generaetd-321,0.2816821256342314
O14757_Pocket2Mol_idx-in-all-generaetd-407,0.271770648954169
O14757_Pocket2Mol_idx-in-all-generaetd-24,0.43374849529372694
O14757_Pocket2Mol_idx-in-all-generaetd-460,0.3929553104122052
O14757_Pocket2Mol_idx-in-all-generaetd-762,0.3066232549739153
O14757_Pocket2Mol_idx-in-all-generaetd-261,0.3556051044333133
O14757_Pocket2Mol_idx-in-all-generaetd-4,0.29509368788127843
O14757_Pocket2Mol_idx-in-all-generaetd-457,0.20392171141885568
O14757_Pocket2Mol_idx-in-all-generaetd-81,0.27252326686412115
O14757_Pocket2Mol_idx-in-all-generaetd-676,0.33048992986386805
O14757_Pocket2Mol_idx-in-all-generaetd-354,0.3266260529807344
O14757_Pocket2Mol_idx-in-all-generaetd-780,0.3643107477733343
O14757_Pocket2Mol_idx-in-all-generaetd-396,0.2662597547946538
O14757_Pocket2Mol_idx-in-all-generaetd-737,0.6332078010400135
O14757_Pocket2Mol_idx-in-all-generaetd-673,0.3592494502006488
O14757_Pocket2Mol_idx-in-all-generaetd-112,0.38543517252374765
O14757_Pocket2Mol_idx-in-all-generaetd-50,0.1839285784750258
O14757_Pocket2Mol_idx-in-all-generaetd-587,0.35672941664271496
O14757_Pocket2Mol_idx-in-all-generaetd-881,0.3675508818936947
O14757_Pocket2Mol_idx-in-all-generaetd-556,0.2360417689647013
O14757_Pocket2Mol_idx-in-all-generaetd-176,0.2967520147808047
O14757_Pocket2Mol_idx-in-all-generaetd-705,0.4662059812606212
O14757_Pocket2Mol_idx-in-all-generaetd-294,0.3965056527986065
O14757_Pocket2Mol_idx-in-all-generaetd-992,0.2646424646544441
O14757_Pocket2Mol_idx-in-all-generaetd-511,0.3488183012404322
O14757_Pocket2Mol_idx-in-all-generaetd-770,0.3058046309781135
O14757_Pocket2Mol_idx-in-all-generaetd-601,0.2381899099384983
O14757_Pocket2Mol_idx-in-all-generaetd-741,0.3050948317167696
O14757_Pocket2Mol_idx-in-all-generaetd-640,0.3198659098069199
O14757_Pocket2Mol_idx-in-all-generaetd-300,0.16040015975975544
O14757_Pocket2Mol_idx-in-all-generaetd-986,0.3089587603787284
O14757_Pocket2Mol_idx-in-all-generaetd-626,0.3285324000620092
O14757_Pocket2Mol_idx-in-all-generaetd-760,0.3098267350240945
O14757_Pocket2Mol_idx-in-all-generaetd-371,0.3422212543861239
O14757_Pocket2Mol_idx-in-all-generaetd-906,0.2125965776249394
O14757_Pocket2Mol_idx-in-all-generaetd-956,0.24559069248858212
O14757_Pocket2Mol_idx-in-all-generaetd-565,0.4881185534398367
O14757_Pocket2Mol_idx-in-all-generaetd-79,0.28579418174699445
O14757_Pocket2Mol_idx-in-all-generaetd-795,0.3125641173866205
O14757_Pocket2Mol_idx-in-all-generaetd-230,0.5042999718801155
O14757_Pocket2Mol_idx-in-all-generaetd-694,0.30168034002216504
O14757_Pocket2Mol_idx-in-all-generaetd-602,0.3556984345845395
O14757_Pocket2Mol_idx-in-all-generaetd-315,0.3556984345845395
O14757_Pocket2Mol_idx-in-all-generaetd-703,0.2458586961453325
O14757_Pocket2Mol_idx-in-all-generaetd-642,0.3830279714107853
O14757_Pocket2Mol_idx-in-all-generaetd-954,0.27735346976080205
O14757_Pocket2Mol_idx-in-all-generaetd-517,0.2487181574783657
O14757_Pocket2Mol_idx-in-all-generaetd-759,0.2901059058095523
O14757_Pocket2Mol_idx-in-all-generaetd-681,0.3679414160288039
O14757_Pocket2Mol_idx-in-all-generaetd-1008,0.2601689824161338
O14757_Pocket2Mol_idx-in-all-generaetd-367,0.4942537778104884
O14757_Pocket2Mol_idx-in-all-generaetd-863,0.35571120199722017
O14757_Pocket2Mol_idx-in-all-generaetd-485,0.3336955888388149
O14757_Pocket2Mol_idx-in-all-generaetd-646,0.23698180742156016
O14757_Pocket2Mol_idx-in-all-generaetd-884,0.23526987101624036
O14757_Pocket2Mol_idx-in-all-generaetd-590,0.321940943504546
O14757_Pocket2Mol_idx-in-all-generaetd-69,0.32142632558696027
O14757_Pocket2Mol_idx-in-all-generaetd-921,0.35468917042293346
O14757_Pocket2Mol_idx-in-all-generaetd-40,0.319461123386961
O14757_Pocket2Mol_idx-in-all-generaetd-143,0.2646805890257344
O14757_Pocket2Mol_idx-in-all-generaetd-969,0.2871204849065823
O14757_Pocket2Mol_idx-in-all-generaetd-726,0.38405689888045214
O14757_Pocket2Mol_idx-in-all-generaetd-749,0.3181389640773159
O14757_Pocket2Mol_idx-in-all-generaetd-495,0.365871071300795
O14757_Pocket2Mol_idx-in-all-generaetd-335,0.39589168083783405
O14757_Pocket2Mol_idx-in-all-generaetd-22,0.2677341363855086
O14757_Pocket2Mol_idx-in-all-generaetd-106,0.19764836889329548
O14757_Pocket2Mol_idx-in-all-generaetd-11,0.24621608667263975
O14757_Pocket2Mol_idx-in-all-generaetd-333,0.25140116670337154
O14757_Pocket2Mol_idx-in-all-generaetd-216,0.3086228516724388
O14757_Pocket2Mol_idx-in-all-generaetd-733,0.2792177204004917
O14757_Pocket2Mol_idx-in-all-generaetd-334,0.2815874119454068
O14757_Pocket2Mol_idx-in-all-generaetd-48,0.3490975460228265
O14757_Pocket2Mol_idx-in-all-generaetd-907,0.2841295922584452
O14757_Pocket2Mol_idx-in-all-generaetd-308,0.25549302456008194
O14757_Pocket2Mol_idx-in-all-generaetd-813,0.19518258095020602
O14757_Pocket2Mol_idx-in-all-generaetd-406,0.24682773111100215
O14757_Pocket2Mol_idx-in-all-generaetd-223,0.29219203474830635
O14757_Pocket2Mol_idx-in-all-generaetd-37,0.31262830484207804
O14757_Pocket2Mol_idx-in-all-generaetd-141,0.26990717378879653
O14757_Pocket2Mol_idx-in-all-generaetd-242,0.3261803223864204
O14757_Pocket2Mol_idx-in-all-generaetd-666,0.27893540692420016
O14757_Pocket2Mol_idx-in-all-generaetd-566,0.30580610236757544
O14757_Pocket2Mol_idx-in-all-generaetd-600,0.32296041903840983
O14757_Pocket2Mol_idx-in-all-generaetd-778,0.5007770577653498
O14757_Pocket2Mol_idx-in-all-generaetd-270,0.4763263372759641
O14757_Pocket2Mol_idx-in-all-generaetd-63,0.35829818343914177
O14757_Pocket2Mol_idx-in-all-generaetd-347,0.223229417607873
O14757_Pocket2Mol_idx-in-all-generaetd-765,0.28759869984262726
O14757_Pocket2Mol_idx-in-all-generaetd-627,0.32267103408027364
O14757_Pocket2Mol_idx-in-all-generaetd-745,0.16309346456541882
O14757_Pocket2Mol_idx-in-all-generaetd-687,0.30883718034950136
O14757_Pocket2Mol_idx-in-all-generaetd-545,0.41182136399972463
O14757_Pocket2Mol_idx-in-all-generaetd-858,0.35759938993305396
O14757_Pocket2Mol_idx-in-all-generaetd-493,0.3002011675121278
O14757_Pocket2Mol_idx-in-all-generaetd-919,0.281229292204003
O14757_Pocket2Mol_idx-in-all-generaetd-10,0.1986229902444211
O14757_Pocket2Mol_idx-in-all-generaetd-586,0.32590049288041
O14757_Pocket2Mol_idx-in-all-generaetd-755,0.26832597416982634
O14757_Pocket2Mol_idx-in-all-generaetd-751,0.2954436460870972
O14757_Pocket2Mol_idx-in-all-generaetd-525,0.3208131811540999
O14757_Pocket2Mol_idx-in-all-generaetd-133,0.3367676544303611
O14757_Pocket2Mol_idx-in-all-generaetd-911,0.5734782539133255
O14757_Pocket2Mol_idx-in-all-generaetd-802,0.3294840446867464
O14757_Pocket2Mol_idx-in-all-generaetd-228,0.28837403579405124
O14757_Pocket2Mol_idx-in-all-generaetd-739,0.33886427914478845
O14757_Pocket2Mol_idx-in-all-generaetd-226,0.3747872160796434
O14757_Pocket2Mol_idx-in-all-generaetd-900,0.32076970181915343
O14757_Pocket2Mol_idx-in-all-generaetd-560,0.40951068555429404
O14757_Pocket2Mol_idx-in-all-generaetd-598,0.33694607410512595
O14757_Pocket2Mol_idx-in-all-generaetd-234,0.49984511440097423
O14757_Pocket2Mol_idx-in-all-generaetd-16,0.35813762874221794
O14757_Pocket2Mol_idx-in-all-generaetd-799,0.365519355215291
O14757_Pocket2Mol_idx-in-all-generaetd-810,0.3237722866354181
O14757_Pocket2Mol_idx-in-all-generaetd-837,0.2489351469039956
O14757_Pocket2Mol_idx-in-all-generaetd-630,0.3390445519333118
O14757_Pocket2Mol_idx-in-all-generaetd-438,0.3518433383782118
O14757_Pocket2Mol_idx-in-all-generaetd-104,0.21434044644587555
O14757_Pocket2Mol_idx-in-all-generaetd-372,0.22559970441929786
O14757_Pocket2Mol_idx-in-all-generaetd-179,0.2911304840784908
O14757_Pocket2Mol_idx-in-all-generaetd-729,0.26435111967210484
O14757_Pocket2Mol_idx-in-all-generaetd-613,0.24581974066074738
O14757_Pocket2Mol_idx-in-all-generaetd-942,0.342064707521796
O14757_Pocket2Mol_idx-in-all-generaetd-683,0.3327833698836311
O14757_Pocket2Mol_idx-in-all-generaetd-603,0.27295770362285454
O14757_Pocket2Mol_idx-in-all-generaetd-298,0.34954257175822534
O14757_Pocket2Mol_idx-in-all-generaetd-59,0.31631252453673786
O14757_Pocket2Mol_idx-in-all-generaetd-279,0.34641727172006326
O14757_Pocket2Mol_idx-in-all-generaetd-792,0.5365761666379703
O14757_Pocket2Mol_idx-in-all-generaetd-883,0.3178546570943957
O14757_Pocket2Mol_idx-in-all-generaetd-117,0.3020514396696536
O14757_Pocket2Mol_idx-in-all-generaetd-591,0.278694102999665
O14757_Pocket2Mol_idx-in-all-generaetd-383,0.3929339736272625
O14757_Pocket2Mol_idx-in-all-generaetd-245,0.48594705104620367
O14757_Pocket2Mol_idx-in-all-generaetd-1003,0.31453912774144677
O14757_Pocket2Mol_idx-in-all-generaetd-244,0.3522277366286041
O14757_Pocket2Mol_idx-in-all-generaetd-559,0.30025269206649635
O14757_Pocket2Mol_idx-in-all-generaetd-149,0.3300712629808926
O14757_Pocket2Mol_idx-in-all-generaetd-482,0.34735554322769663
O14757_Pocket2Mol_idx-in-all-generaetd-318,0.35355134038453295
O14757_Pocket2Mol_idx-in-all-generaetd-953,0.2968397152416112
O14757_Pocket2Mol_idx-in-all-generaetd-689,0.33223737850343527
O14757_Pocket2Mol_idx-in-all-generaetd-326,0.3607507718526005
O14757_Pocket2Mol_idx-in-all-generaetd-821,0.3058156897663421
O14757_Pocket2Mol_idx-in-all-generaetd-118,0.3225762580670352
O14757_Pocket2Mol_idx-in-all-generaetd-113,0.2026983612074451
O14757_Pocket2Mol_idx-in-all-generaetd-336,0.29076964875845474
O14757_Pocket2Mol_idx-in-all-generaetd-388,0.3511139946245537
O14757_Pocket2Mol_idx-in-all-generaetd-257,0.262641657062674
O14757_Pocket2Mol_idx-in-all-generaetd-196,0.3217064684838482
O14757_Pocket2Mol_idx-in-all-generaetd-572,0.32562384184677734
O14757_Pocket2Mol_idx-in-all-generaetd-519,0.3052021558128857
O14757_Pocket2Mol_idx-in-all-generaetd-478,0.3013450846344272
O14757_Pocket2Mol_idx-in-all-generaetd-465,0.21156378592208763
O14757_Pocket2Mol_idx-in-all-generaetd-120,0.46915376146530297
O14757_Pocket2Mol_idx-in-all-generaetd-940,0.2357372649572718
O14757_Pocket2Mol_idx-in-all-generaetd-941,0.2799318530803084
O14757_Pocket2Mol_idx-in-all-generaetd-435,0.27842375555893306
O14757_Pocket2Mol_idx-in-all-generaetd-6,0.28276637993053777
O14757_Pocket2Mol_idx-in-all-generaetd-395,0.28082654736523127
O14757_Pocket2Mol_idx-in-all-generaetd-569,0.31088878460640273
O14757_Pocket2Mol_idx-in-all-generaetd-310,0.33963693448614274
O14757_Pocket2Mol_idx-in-all-generaetd-524,0.3068242749365937
O14757_Pocket2Mol_idx-in-all-generaetd-362,0.27760144351163607
O14757_Pocket2Mol_idx-in-all-generaetd-103,0.4028613182617846
O14757_Pocket2Mol_idx-in-all-generaetd-582,0.39536304700634833
O14757_Pocket2Mol_idx-in-all-generaetd-544,0.39141443056972625
O14757_Pocket2Mol_idx-in-all-generaetd-55,0.2935060988042971
O14757_Pocket2Mol_idx-in-all-generaetd-207,0.3215410397658098
O14757_Pocket2Mol_idx-in-all-generaetd-164,0.3014782807316966
O14757_Pocket2Mol_idx-in-all-generaetd-787,0.2691680781912536
O14757_Pocket2Mol_idx-in-all-generaetd-475,0.18095942847519753
O14757_Pocket2Mol_idx-in-all-generaetd-686,0.17317254023178746
O14757_Pocket2Mol_idx-in-all-generaetd-875,0.2752718209910608
O14757_Pocket2Mol_idx-in-all-generaetd-232,0.5089065978706212
O14757_Pocket2Mol_idx-in-all-generaetd-297,0.21762288476156824
O14757_Pocket2Mol_idx-in-all-generaetd-505,0.24793738082890404
O14757_Pocket2Mol_idx-in-all-generaetd-424,0.21958916278855922
O14757_Pocket2Mol_idx-in-all-generaetd-684,0.21155299514150505
O14757_Pocket2Mol_idx-in-all-generaetd-536,0.3529163831471263
O14757_Pocket2Mol_idx-in-all-generaetd-463,0.3162929421823609
O14757_Pocket2Mol_idx-in-all-generaetd-313,0.2902894026643688
O14757_Pocket2Mol_idx-in-all-generaetd-450,0.24897229477859573
O14757_Pocket2Mol_idx-in-all-generaetd-853,0.3329923834313323
O14757_Pocket2Mol_idx-in-all-generaetd-596,0.24579503470771785
O14757_Pocket2Mol_idx-in-all-generaetd-803,0.25966442232942416
O14757_Pocket2Mol_idx-in-all-generaetd-306,0.387084395188835
O14757_Pocket2Mol_idx-in-all-generaetd-162,0.3141006758513142
O14757_Pocket2Mol_idx-in-all-generaetd-674,0.31447366861724974
O14757_Pocket2Mol_idx-in-all-generaetd-502,0.2699834202945827
O14757_Pocket2Mol_idx-in-all-generaetd-178,0.33898765913072976
O14757_Pocket2Mol_idx-in-all-generaetd-707,0.17518971359271726
O14757_Pocket2Mol_idx-in-all-generaetd-91,0.2760006706202499
O14757_Pocket2Mol_idx-in-all-generaetd-920,0.3604138450574764
O14757_Pocket2Mol_idx-in-all-generaetd-23,0.2839817132165988
O14757_Pocket2Mol_idx-in-all-generaetd-0,0.34170775972842377
O14757_Pocket2Mol_idx-in-all-generaetd-130,0.28412040386138554
O14757_Pocket2Mol_idx-in-all-generaetd-727,0.3497357041727117
O14757_Pocket2Mol_idx-in-all-generaetd-824,0.19064254984998924
O14757_Pocket2Mol_idx-in-all-generaetd-123,0.32191313126303267
O14757_Pocket2Mol_idx-in-all-generaetd-174,0.35135893115067596
O14757_Pocket2Mol_idx-in-all-generaetd-840,0.28680745452448825
O14757_Pocket2Mol_idx-in-all-generaetd-637,0.3136007515714472
O14757_Pocket2Mol_idx-in-all-generaetd-305,0.16700231396453327
O14757_Pocket2Mol_idx-in-all-generaetd-655,0.3400725262108525
O14757_Pocket2Mol_idx-in-all-generaetd-894,0.3708714462103899
O14757_Pocket2Mol_idx-in-all-generaetd-512,0.252502934093937
O14757_Pocket2Mol_idx-in-all-generaetd-153,0.34610755101202884
O14757_Pocket2Mol_idx-in-all-generaetd-292,0.28847929539752803
O14757_Pocket2Mol_idx-in-all-generaetd-246,0.28775442826088593
O14757_Pocket2Mol_idx-in-all-generaetd-744,0.34423570538635806
O14757_Pocket2Mol_idx-in-all-generaetd-534,0.23553272197758965
O14757_Pocket2Mol_idx-in-all-generaetd-797,0.3919340112018316
O14757_Pocket2Mol_idx-in-all-generaetd-260,0.4429695800732519
O14757_Pocket2Mol_idx-in-all-generaetd-935,0.375136168913289
O14757_Pocket2Mol_idx-in-all-generaetd-160,0.5136886953628285
O14757_Pocket2Mol_idx-in-all-generaetd-555,0.35005783457448214
O14757_Pocket2Mol_idx-in-all-generaetd-983,0.3283144684703109
O14757_Pocket2Mol_idx-in-all-generaetd-712,0.3077917742384204
O14757_Pocket2Mol_idx-in-all-generaetd-473,0.24174627133056176
O14757_Pocket2Mol_idx-in-all-generaetd-151,0.32329206896977836
O14757_Pocket2Mol_idx-in-all-generaetd-958,0.42748474169624395
O14757_Pocket2Mol_idx-in-all-generaetd-210,0.4748758448723585
O14757_Pocket2Mol_idx-in-all-generaetd-816,0.3025696706385035
O14757_Pocket2Mol_idx-in-all-generaetd-892,0.2691331570997213
O14757_Pocket2Mol_idx-in-all-generaetd-409,0.37055062809432826
O14757_Pocket2Mol_idx-in-all-generaetd-254,0.30671061040661346
O14757_Pocket2Mol_idx-in-all-generaetd-533,0.2237137376562851
O14757_Pocket2Mol_idx-in-all-generaetd-820,0.273658685891607
O14757_Pocket2Mol_idx-in-all-generaetd-325,0.23217529750775667
O14757_Pocket2Mol_idx-in-all-generaetd-922,0.26501257009152024
O14757_Pocket2Mol_idx-in-all-generaetd-527,0.36101833836255615
O14757_Pocket2Mol_idx-in-all-generaetd-369,0.26162616565053315
O14757_Pocket2Mol_idx-in-all-generaetd-39,0.31443843294628937
O14757_Pocket2Mol_idx-in-all-generaetd-774,0.3364482427670119
O14757_Pocket2Mol_idx-in-all-generaetd-359,0.3258978361776495
O14757_Pocket2Mol_idx-in-all-generaetd-1014,0.30048929730625273
O14757_Pocket2Mol_idx-in-all-generaetd-841,0.2991151712602408
O14757_Pocket2Mol_idx-in-all-generaetd-743,0.23804210713178175
O14757_Pocket2Mol_idx-in-all-generaetd-561,0.28524304733283756
O14757_Pocket2Mol_idx-in-all-generaetd-747,0.2566927318900655
O14757_Pocket2Mol_idx-in-all-generaetd-772,0.2924787899103484
O14757_Pocket2Mol_idx-in-all-generaetd-66,0.34974123535356616
O14757_Pocket2Mol_idx-in-all-generaetd-182,0.2746687513173304
