idx,spyrmsd
O14757_Pocket2Mol_idx-in-all-generaetd-0,13.584651684705964
O14757_Pocket2Mol_idx-in-all-generaetd-1,8.808260763727736
O14757_Pocket2Mol_idx-in-all-generaetd-2,12.535216155601097
O14757_Pocket2Mol_idx-in-all-generaetd-3,10.250628333690544
O14757_Pocket2Mol_idx-in-all-generaetd-4,10.34423886404209
O14757_Pocket2Mol_idx-in-all-generaetd-5,10.33078324114629
O14757_Pocket2Mol_idx-in-all-generaetd-6,10.138199971524354
O14757_Pocket2Mol_idx-in-all-generaetd-7,4.040692069926725
O14757_Pocket2Mol_idx-in-all-generaetd-8,5.14212462220795
O14757_Pocket2Mol_idx-in-all-generaetd-9,8.908570815155308
O14757_Pocket2Mol_idx-in-all-generaetd-10,13.927494911898286
O14757_Pocket2Mol_idx-in-all-generaetd-11,8.561912191285549
O14757_Pocket2Mol_idx-in-all-generaetd-12,9.49471326988701
O14757_Pocket2Mol_idx-in-all-generaetd-13,10.14292587663196
O14757_Pocket2Mol_idx-in-all-generaetd-14,8.64723491496267
O14757_Pocket2Mol_idx-in-all-generaetd-15,1.0027374973795118
O14757_Pocket2Mol_idx-in-all-generaetd-16,10.863650621424025
O14757_Pocket2Mol_idx-in-all-generaetd-17,9.39832319567829
O14757_Pocket2Mol_idx-in-all-generaetd-18,13.0531305525971
O14757_Pocket2Mol_idx-in-all-generaetd-19,
O14757_Pocket2Mol_idx-in-all-generaetd-20,9.224168165352316
O14757_Pocket2Mol_idx-in-all-generaetd-21,15.99984608995609
O14757_Pocket2Mol_idx-in-all-generaetd-22,14.749657503925999
O14757_Pocket2Mol_idx-in-all-generaetd-23,13.889110390177999
O14757_Pocket2Mol_idx-in-all-generaetd-24,11.217889208702418
O14757_Pocket2Mol_idx-in-all-generaetd-25,3.4856590058381545
O14757_Pocket2Mol_idx-in-all-generaetd-26,8.74775332307902
O14757_Pocket2Mol_idx-in-all-generaetd-27,9.9201814435659
O14757_Pocket2Mol_idx-in-all-generaetd-28,11.131822548962578
O14757_Pocket2Mol_idx-in-all-generaetd-29,1.3712524484258435
O14757_Pocket2Mol_idx-in-all-generaetd-30,9.284216212651712
O14757_Pocket2Mol_idx-in-all-generaetd-31,15.608771119845041
O14757_Pocket2Mol_idx-in-all-generaetd-32,11.291778742257385
O14757_Pocket2Mol_idx-in-all-generaetd-33,0.8066495122425443
O14757_Pocket2Mol_idx-in-all-generaetd-34,10.569751849715617
O14757_Pocket2Mol_idx-in-all-generaetd-35,5.000360853804665
O14757_Pocket2Mol_idx-in-all-generaetd-36,2.1217771590497505
O14757_Pocket2Mol_idx-in-all-generaetd-37,6.280332509534181
O14757_Pocket2Mol_idx-in-all-generaetd-38,13.415345835031234
O14757_Pocket2Mol_idx-in-all-generaetd-39,3.708371535809356
O14757_Pocket2Mol_idx-in-all-generaetd-40,8.743400370307139
O14757_Pocket2Mol_idx-in-all-generaetd-41,15.364676225042778
O14757_Pocket2Mol_idx-in-all-generaetd-42,0.9008265049546201
O14757_Pocket2Mol_idx-in-all-generaetd-43,3.3092947447800443
O14757_Pocket2Mol_idx-in-all-generaetd-44,2.8043870389879335
O14757_Pocket2Mol_idx-in-all-generaetd-45,16.358920364146794
O14757_Pocket2Mol_idx-in-all-generaetd-46,10.585506115274857
O14757_Pocket2Mol_idx-in-all-generaetd-47,7.815846583516185
O14757_Pocket2Mol_idx-in-all-generaetd-48,7.61327082556926
O14757_Pocket2Mol_idx-in-all-generaetd-49,4.565275012841911
O14757_Pocket2Mol_idx-in-all-generaetd-50,8.829111816581797
O14757_Pocket2Mol_idx-in-all-generaetd-51,3.125902594552221
O14757_Pocket2Mol_idx-in-all-generaetd-52,8.704031997877104
O14757_Pocket2Mol_idx-in-all-generaetd-53,9.430191689666687
O14757_Pocket2Mol_idx-in-all-generaetd-54,1.6054338344742254
O14757_Pocket2Mol_idx-in-all-generaetd-55,12.107002595300612
O14757_Pocket2Mol_idx-in-all-generaetd-56,3.8924082249384044
O14757_Pocket2Mol_idx-in-all-generaetd-57,8.349939492623522
O14757_Pocket2Mol_idx-in-all-generaetd-58,2.952759459476204
O14757_Pocket2Mol_idx-in-all-generaetd-59,12.4147035601604
O14757_Pocket2Mol_idx-in-all-generaetd-60,9.488648907993568
O14757_Pocket2Mol_idx-in-all-generaetd-61,
O14757_Pocket2Mol_idx-in-all-generaetd-62,14.087846417311273
O14757_Pocket2Mol_idx-in-all-generaetd-63,12.857123564510509
O14757_Pocket2Mol_idx-in-all-generaetd-64,9.531889269390513
O14757_Pocket2Mol_idx-in-all-generaetd-65,15.65153484031565
O14757_Pocket2Mol_idx-in-all-generaetd-66,11.491121285733724
O14757_Pocket2Mol_idx-in-all-generaetd-67,9.743819453081791
O14757_Pocket2Mol_idx-in-all-generaetd-68,9.35428582065292
O14757_Pocket2Mol_idx-in-all-generaetd-69,8.103454085436331
O14757_Pocket2Mol_idx-in-all-generaetd-70,12.071039064582266
O14757_Pocket2Mol_idx-in-all-generaetd-71,7.962896327653099
O14757_Pocket2Mol_idx-in-all-generaetd-72,2.883344573004548
O14757_Pocket2Mol_idx-in-all-generaetd-73,9.979067479790828
O14757_Pocket2Mol_idx-in-all-generaetd-74,9.547584747327678
O14757_Pocket2Mol_idx-in-all-generaetd-75,9.747510179760841
O14757_Pocket2Mol_idx-in-all-generaetd-76,7.568939010006893
O14757_Pocket2Mol_idx-in-all-generaetd-77,5.0568873125833145
O14757_Pocket2Mol_idx-in-all-generaetd-78,4.575846363000274
O14757_Pocket2Mol_idx-in-all-generaetd-79,14.308444255458731
O14757_Pocket2Mol_idx-in-all-generaetd-80,9.33764648691501
O14757_Pocket2Mol_idx-in-all-generaetd-81,17.0830879837638
O14757_Pocket2Mol_idx-in-all-generaetd-82,10.793481160348694
O14757_Pocket2Mol_idx-in-all-generaetd-83,5.739131503469546
O14757_Pocket2Mol_idx-in-all-generaetd-84,6.348627886649736
O14757_Pocket2Mol_idx-in-all-generaetd-85,4.054120008321484
O14757_Pocket2Mol_idx-in-all-generaetd-86,9.470477029741645
O14757_Pocket2Mol_idx-in-all-generaetd-87,1.4300764411787514
O14757_Pocket2Mol_idx-in-all-generaetd-88,8.758628074580786
O14757_Pocket2Mol_idx-in-all-generaetd-89,11.136193208393808
O14757_Pocket2Mol_idx-in-all-generaetd-90,3.900918486821304
O14757_Pocket2Mol_idx-in-all-generaetd-91,13.030513749138052
O14757_Pocket2Mol_idx-in-all-generaetd-92,3.2072313247500697
O14757_Pocket2Mol_idx-in-all-generaetd-93,5.930221003142555
O14757_Pocket2Mol_idx-in-all-generaetd-94,9.394178794027612
O14757_Pocket2Mol_idx-in-all-generaetd-95,8.662373438013319
O14757_Pocket2Mol_idx-in-all-generaetd-96,7.503977499290451
O14757_Pocket2Mol_idx-in-all-generaetd-97,1.2449304774380734
O14757_Pocket2Mol_idx-in-all-generaetd-98,10.957149319969947
O14757_Pocket2Mol_idx-in-all-generaetd-99,12.4734704678903
O14757_Pocket2Mol_idx-in-all-generaetd-100,7.730160552077667
O14757_Pocket2Mol_idx-in-all-generaetd-101,11.473285617179911
O14757_Pocket2Mol_idx-in-all-generaetd-102,9.348015197989568
O14757_Pocket2Mol_idx-in-all-generaetd-103,9.408479604916414
O14757_Pocket2Mol_idx-in-all-generaetd-104,14.965255862913862
O14757_Pocket2Mol_idx-in-all-generaetd-105,3.3073320279752476
O14757_Pocket2Mol_idx-in-all-generaetd-106,15.05144229331215
O14757_Pocket2Mol_idx-in-all-generaetd-107,2.508788287847042
O14757_Pocket2Mol_idx-in-all-generaetd-108,8.940946132941413
O14757_Pocket2Mol_idx-in-all-generaetd-109,4.064781801379915
O14757_Pocket2Mol_idx-in-all-generaetd-110,9.560661130137692
O14757_Pocket2Mol_idx-in-all-generaetd-111,3.352826974023836
O14757_Pocket2Mol_idx-in-all-generaetd-112,10.172510793667819
O14757_Pocket2Mol_idx-in-all-generaetd-113,15.302899950484294
O14757_Pocket2Mol_idx-in-all-generaetd-114,8.420185074266936
O14757_Pocket2Mol_idx-in-all-generaetd-115,11.795774864283597
O14757_Pocket2Mol_idx-in-all-generaetd-116,2.6352940141485424
O14757_Pocket2Mol_idx-in-all-generaetd-117,14.639259939903402
O14757_Pocket2Mol_idx-in-all-generaetd-118,10.657002810934294
O14757_Pocket2Mol_idx-in-all-generaetd-119,11.114424421805767
O14757_Pocket2Mol_idx-in-all-generaetd-120,8.885148616426044
O14757_Pocket2Mol_idx-in-all-generaetd-121,
O14757_Pocket2Mol_idx-in-all-generaetd-122,2.3801828158806426
O14757_Pocket2Mol_idx-in-all-generaetd-123,8.001287514545709
O14757_Pocket2Mol_idx-in-all-generaetd-124,8.09678652249661
O14757_Pocket2Mol_idx-in-all-generaetd-125,12.946320602750667
O14757_Pocket2Mol_idx-in-all-generaetd-126,8.287874857120926
O14757_Pocket2Mol_idx-in-all-generaetd-127,9.726518410029898
O14757_Pocket2Mol_idx-in-all-generaetd-128,12.634119548401685
O14757_Pocket2Mol_idx-in-all-generaetd-129,10.77679304723668
O14757_Pocket2Mol_idx-in-all-generaetd-130,10.381262338156969
O14757_Pocket2Mol_idx-in-all-generaetd-131,9.031515213403713
O14757_Pocket2Mol_idx-in-all-generaetd-132,14.317216961354893
O14757_Pocket2Mol_idx-in-all-generaetd-133,9.540915347762216
O14757_Pocket2Mol_idx-in-all-generaetd-134,2.462923201347262
O14757_Pocket2Mol_idx-in-all-generaetd-135,3.158882185591048
O14757_Pocket2Mol_idx-in-all-generaetd-136,3.8779757848548737
O14757_Pocket2Mol_idx-in-all-generaetd-137,4.301826485762503
O14757_Pocket2Mol_idx-in-all-generaetd-138,11.353668312093735
O14757_Pocket2Mol_idx-in-all-generaetd-139,9.73313678707753
O14757_Pocket2Mol_idx-in-all-generaetd-140,0.9175448797074421
O14757_Pocket2Mol_idx-in-all-generaetd-141,11.895318033726948
O14757_Pocket2Mol_idx-in-all-generaetd-142,9.001592246326362
O14757_Pocket2Mol_idx-in-all-generaetd-143,11.075235257304069
O14757_Pocket2Mol_idx-in-all-generaetd-144,9.629452687373547
O14757_Pocket2Mol_idx-in-all-generaetd-145,9.66144760760963
O14757_Pocket2Mol_idx-in-all-generaetd-146,9.206792773651916
O14757_Pocket2Mol_idx-in-all-generaetd-147,6.4830081117969005
O14757_Pocket2Mol_idx-in-all-generaetd-148,15.520150870478682
O14757_Pocket2Mol_idx-in-all-generaetd-149,9.929625945507693
O14757_Pocket2Mol_idx-in-all-generaetd-150,12.594178265794964
O14757_Pocket2Mol_idx-in-all-generaetd-151,10.048681343754401
O14757_Pocket2Mol_idx-in-all-generaetd-152,1.409907181003584
O14757_Pocket2Mol_idx-in-all-generaetd-153,10.913434414316734
O14757_Pocket2Mol_idx-in-all-generaetd-154,3.0802765096847455
O14757_Pocket2Mol_idx-in-all-generaetd-155,11.11490425329087
O14757_Pocket2Mol_idx-in-all-generaetd-156,9.519730130591704
O14757_Pocket2Mol_idx-in-all-generaetd-157,3.1331183809285648
O14757_Pocket2Mol_idx-in-all-generaetd-158,8.798662688674433
O14757_Pocket2Mol_idx-in-all-generaetd-159,10.365548781377726
O14757_Pocket2Mol_idx-in-all-generaetd-160,8.055707083739389
O14757_Pocket2Mol_idx-in-all-generaetd-161,3.601733197537199
O14757_Pocket2Mol_idx-in-all-generaetd-162,10.704113696149708
O14757_Pocket2Mol_idx-in-all-generaetd-163,2.583828286741729
O14757_Pocket2Mol_idx-in-all-generaetd-164,11.865720493707851
O14757_Pocket2Mol_idx-in-all-generaetd-165,3.990602782092172
O14757_Pocket2Mol_idx-in-all-generaetd-166,9.008234468038218
O14757_Pocket2Mol_idx-in-all-generaetd-167,6.6545200835979745
O14757_Pocket2Mol_idx-in-all-generaetd-168,10.104844678353377
O14757_Pocket2Mol_idx-in-all-generaetd-169,7.540457515397064
O14757_Pocket2Mol_idx-in-all-generaetd-170,16.673535131977996
O14757_Pocket2Mol_idx-in-all-generaetd-171,4.817535860463946
O14757_Pocket2Mol_idx-in-all-generaetd-172,2.44921311325498
O14757_Pocket2Mol_idx-in-all-generaetd-173,2.9426076267901857
O14757_Pocket2Mol_idx-in-all-generaetd-174,12.318459679487528
O14757_Pocket2Mol_idx-in-all-generaetd-175,8.888372547811011
O14757_Pocket2Mol_idx-in-all-generaetd-176,8.828944586053122
O14757_Pocket2Mol_idx-in-all-generaetd-177,
O14757_Pocket2Mol_idx-in-all-generaetd-178,5.046073016942973
O14757_Pocket2Mol_idx-in-all-generaetd-179,12.89405791902182
O14757_Pocket2Mol_idx-in-all-generaetd-180,9.262490191620108
O14757_Pocket2Mol_idx-in-all-generaetd-181,8.877519398557775
O14757_Pocket2Mol_idx-in-all-generaetd-182,12.46913089360253
O14757_Pocket2Mol_idx-in-all-generaetd-183,11.138669777312007
O14757_Pocket2Mol_idx-in-all-generaetd-184,8.556355203163529
O14757_Pocket2Mol_idx-in-all-generaetd-185,9.466012109751306
O14757_Pocket2Mol_idx-in-all-generaetd-186,
O14757_Pocket2Mol_idx-in-all-generaetd-187,8.199324820626027
O14757_Pocket2Mol_idx-in-all-generaetd-188,1.730597117581329
O14757_Pocket2Mol_idx-in-all-generaetd-189,2.9902534445460893
O14757_Pocket2Mol_idx-in-all-generaetd-190,8.110836230101825
O14757_Pocket2Mol_idx-in-all-generaetd-191,7.42477291577949
O14757_Pocket2Mol_idx-in-all-generaetd-192,10.95996188518314
O14757_Pocket2Mol_idx-in-all-generaetd-193,
O14757_Pocket2Mol_idx-in-all-generaetd-194,7.268391906761658
O14757_Pocket2Mol_idx-in-all-generaetd-195,7.591017670847343
O14757_Pocket2Mol_idx-in-all-generaetd-196,13.174374910004705
O14757_Pocket2Mol_idx-in-all-generaetd-197,10.47660435044843
O14757_Pocket2Mol_idx-in-all-generaetd-198,5.6174745061476274
O14757_Pocket2Mol_idx-in-all-generaetd-199,9.230727392473245
O14757_Pocket2Mol_idx-in-all-generaetd-200,2.2713775624799255
O14757_Pocket2Mol_idx-in-all-generaetd-201,14.563361946091995
O14757_Pocket2Mol_idx-in-all-generaetd-202,10.939849442336797
O14757_Pocket2Mol_idx-in-all-generaetd-203,11.778246291959325
O14757_Pocket2Mol_idx-in-all-generaetd-204,9.507064449977742
O14757_Pocket2Mol_idx-in-all-generaetd-205,7.702276430651797
O14757_Pocket2Mol_idx-in-all-generaetd-206,8.924264777791926
O14757_Pocket2Mol_idx-in-all-generaetd-207,13.795818659280696
O14757_Pocket2Mol_idx-in-all-generaetd-208,10.48018807743177
O14757_Pocket2Mol_idx-in-all-generaetd-209,8.110528672606769
O14757_Pocket2Mol_idx-in-all-generaetd-210,4.599361146819589
O14757_Pocket2Mol_idx-in-all-generaetd-211,11.486749974196417
O14757_Pocket2Mol_idx-in-all-generaetd-212,8.79750917489693
O14757_Pocket2Mol_idx-in-all-generaetd-213,8.39227858870246
O14757_Pocket2Mol_idx-in-all-generaetd-214,3.5384572758267825
O14757_Pocket2Mol_idx-in-all-generaetd-215,3.588957983801699
O14757_Pocket2Mol_idx-in-all-generaetd-216,12.388051749405337
O14757_Pocket2Mol_idx-in-all-generaetd-217,2.6660391273070747
O14757_Pocket2Mol_idx-in-all-generaetd-218,10.679035411362833
O14757_Pocket2Mol_idx-in-all-generaetd-219,10.63787783326166
O14757_Pocket2Mol_idx-in-all-generaetd-220,4.476475371348707
O14757_Pocket2Mol_idx-in-all-generaetd-221,9.653413042969701
O14757_Pocket2Mol_idx-in-all-generaetd-222,2.8619920052771723
O14757_Pocket2Mol_idx-in-all-generaetd-223,9.172036643162775
O14757_Pocket2Mol_idx-in-all-generaetd-224,11.085286768443986
O14757_Pocket2Mol_idx-in-all-generaetd-225,7.999665756110801
O14757_Pocket2Mol_idx-in-all-generaetd-226,11.656613593894763
O14757_Pocket2Mol_idx-in-all-generaetd-227,10.88114119265793
O14757_Pocket2Mol_idx-in-all-generaetd-228,9.285193372850921
O14757_Pocket2Mol_idx-in-all-generaetd-229,6.869238743284698
O14757_Pocket2Mol_idx-in-all-generaetd-230,5.356331506288283
O14757_Pocket2Mol_idx-in-all-generaetd-231,3.0897522996979316
O14757_Pocket2Mol_idx-in-all-generaetd-232,12.086278528502664
O14757_Pocket2Mol_idx-in-all-generaetd-233,12.022883900714103
O14757_Pocket2Mol_idx-in-all-generaetd-234,9.464366549030045
O14757_Pocket2Mol_idx-in-all-generaetd-235,9.700562702555601
O14757_Pocket2Mol_idx-in-all-generaetd-236,8.818173682448032
O14757_Pocket2Mol_idx-in-all-generaetd-237,10.805423073018366
O14757_Pocket2Mol_idx-in-all-generaetd-238,3.2440666706932184
O14757_Pocket2Mol_idx-in-all-generaetd-239,4.034990208236889
O14757_Pocket2Mol_idx-in-all-generaetd-240,3.872411227956472
O14757_Pocket2Mol_idx-in-all-generaetd-241,11.50256475521703
O14757_Pocket2Mol_idx-in-all-generaetd-242,9.543007546307404
O14757_Pocket2Mol_idx-in-all-generaetd-243,6.062370172026081
O14757_Pocket2Mol_idx-in-all-generaetd-244,8.49943421891075
O14757_Pocket2Mol_idx-in-all-generaetd-245,9.707687328434199
O14757_Pocket2Mol_idx-in-all-generaetd-246,13.871126288666701
O14757_Pocket2Mol_idx-in-all-generaetd-247,3.5088208177046005
O14757_Pocket2Mol_idx-in-all-generaetd-248,1.3470416718693998
O14757_Pocket2Mol_idx-in-all-generaetd-249,6.870030596870432
O14757_Pocket2Mol_idx-in-all-generaetd-250,0.7638614406258943
O14757_Pocket2Mol_idx-in-all-generaetd-251,12.06177643347503
O14757_Pocket2Mol_idx-in-all-generaetd-252,6.544486474965873
O14757_Pocket2Mol_idx-in-all-generaetd-253,7.953599661068401
O14757_Pocket2Mol_idx-in-all-generaetd-254,10.694906315708296
O14757_Pocket2Mol_idx-in-all-generaetd-255,8.920549728222671
O14757_Pocket2Mol_idx-in-all-generaetd-256,0.767176198829737
O14757_Pocket2Mol_idx-in-all-generaetd-257,9.16510047132837
O14757_Pocket2Mol_idx-in-all-generaetd-258,8.309256277162339
O14757_Pocket2Mol_idx-in-all-generaetd-259,7.195155384740256
O14757_Pocket2Mol_idx-in-all-generaetd-260,8.257655815863927
O14757_Pocket2Mol_idx-in-all-generaetd-261,9.156732165805538
O14757_Pocket2Mol_idx-in-all-generaetd-262,10.47371835211607
O14757_Pocket2Mol_idx-in-all-generaetd-263,13.961795388793224
O14757_Pocket2Mol_idx-in-all-generaetd-264,1.0129608385408801
O14757_Pocket2Mol_idx-in-all-generaetd-265,11.183819236311379
O14757_Pocket2Mol_idx-in-all-generaetd-266,2.7058861351067205
O14757_Pocket2Mol_idx-in-all-generaetd-267,8.655010169469586
O14757_Pocket2Mol_idx-in-all-generaetd-268,11.690709928594007
O14757_Pocket2Mol_idx-in-all-generaetd-269,9.039140295936571
O14757_Pocket2Mol_idx-in-all-generaetd-270,7.936433112474553
O14757_Pocket2Mol_idx-in-all-generaetd-271,6.976708642921487
O14757_Pocket2Mol_idx-in-all-generaetd-272,11.540564396130101
O14757_Pocket2Mol_idx-in-all-generaetd-273,13.415657568308745
O14757_Pocket2Mol_idx-in-all-generaetd-274,3.1896776188228
O14757_Pocket2Mol_idx-in-all-generaetd-275,3.023767868771057
O14757_Pocket2Mol_idx-in-all-generaetd-276,7.646536852284872
O14757_Pocket2Mol_idx-in-all-generaetd-277,4.078442468432259
O14757_Pocket2Mol_idx-in-all-generaetd-278,7.962671789161988
O14757_Pocket2Mol_idx-in-all-generaetd-279,13.735955375042948
O14757_Pocket2Mol_idx-in-all-generaetd-280,10.205271716139128
O14757_Pocket2Mol_idx-in-all-generaetd-281,4.146449322646823
O14757_Pocket2Mol_idx-in-all-generaetd-282,10.894088272602955
O14757_Pocket2Mol_idx-in-all-generaetd-283,11.4080592438973
O14757_Pocket2Mol_idx-in-all-generaetd-284,9.677921372564063
O14757_Pocket2Mol_idx-in-all-generaetd-285,8.998126461717225
O14757_Pocket2Mol_idx-in-all-generaetd-286,7.296598455354458
O14757_Pocket2Mol_idx-in-all-generaetd-287,9.186167494618127
O14757_Pocket2Mol_idx-in-all-generaetd-288,11.404009886896082
O14757_Pocket2Mol_idx-in-all-generaetd-289,10.995276809961098
O14757_Pocket2Mol_idx-in-all-generaetd-290,8.685552396992417
O14757_Pocket2Mol_idx-in-all-generaetd-291,10.34435080348366
O14757_Pocket2Mol_idx-in-all-generaetd-292,13.816038213228103
O14757_Pocket2Mol_idx-in-all-generaetd-293,6.145949065445834
O14757_Pocket2Mol_idx-in-all-generaetd-294,9.113803863024504
O14757_Pocket2Mol_idx-in-all-generaetd-295,11.70441724044522
O14757_Pocket2Mol_idx-in-all-generaetd-296,9.368152668847088
O14757_Pocket2Mol_idx-in-all-generaetd-297,10.48512161181463
O14757_Pocket2Mol_idx-in-all-generaetd-298,11.330372833941071
O14757_Pocket2Mol_idx-in-all-generaetd-299,13.318578920425864
O14757_Pocket2Mol_idx-in-all-generaetd-300,12.670037709089184
O14757_Pocket2Mol_idx-in-all-generaetd-301,13.263567698985389
O14757_Pocket2Mol_idx-in-all-generaetd-302,3.4723380811286133
O14757_Pocket2Mol_idx-in-all-generaetd-303,8.159542164339102
O14757_Pocket2Mol_idx-in-all-generaetd-304,9.81582877606618
O14757_Pocket2Mol_idx-in-all-generaetd-305,11.720034754205141
O14757_Pocket2Mol_idx-in-all-generaetd-306,16.48407258453114
O14757_Pocket2Mol_idx-in-all-generaetd-307,10.937950390966753
O14757_Pocket2Mol_idx-in-all-generaetd-308,9.397926361206167
O14757_Pocket2Mol_idx-in-all-generaetd-309,8.067966116544437
O14757_Pocket2Mol_idx-in-all-generaetd-310,7.892184875842845
O14757_Pocket2Mol_idx-in-all-generaetd-311,8.75616252683065
O14757_Pocket2Mol_idx-in-all-generaetd-312,6.023023159788473
O14757_Pocket2Mol_idx-in-all-generaetd-313,12.03919560462496
O14757_Pocket2Mol_idx-in-all-generaetd-314,9.102689338016114
O14757_Pocket2Mol_idx-in-all-generaetd-315,11.105018428000491
O14757_Pocket2Mol_idx-in-all-generaetd-316,8.435839807320672
O14757_Pocket2Mol_idx-in-all-generaetd-317,11.860416577226893
O14757_Pocket2Mol_idx-in-all-generaetd-318,10.309795377821779
O14757_Pocket2Mol_idx-in-all-generaetd-319,9.045017121331503
O14757_Pocket2Mol_idx-in-all-generaetd-320,8.968563051116044
O14757_Pocket2Mol_idx-in-all-generaetd-321,11.055378466779333
O14757_Pocket2Mol_idx-in-all-generaetd-322,2.4445150758533085
O14757_Pocket2Mol_idx-in-all-generaetd-323,8.153717209113276
O14757_Pocket2Mol_idx-in-all-generaetd-324,2.9996409463821703
O14757_Pocket2Mol_idx-in-all-generaetd-325,9.902851639573909
O14757_Pocket2Mol_idx-in-all-generaetd-326,10.489356931211345
O14757_Pocket2Mol_idx-in-all-generaetd-327,14.640426292634093
O14757_Pocket2Mol_idx-in-all-generaetd-328,9.912846993213602
O14757_Pocket2Mol_idx-in-all-generaetd-329,7.495658789095517
O14757_Pocket2Mol_idx-in-all-generaetd-330,4.680818946776657
O14757_Pocket2Mol_idx-in-all-generaetd-331,3.107847809677203
O14757_Pocket2Mol_idx-in-all-generaetd-332,8.579507585239687
O14757_Pocket2Mol_idx-in-all-generaetd-333,14.99818903620184
O14757_Pocket2Mol_idx-in-all-generaetd-334,14.40812594435377
O14757_Pocket2Mol_idx-in-all-generaetd-335,4.113919232669488
O14757_Pocket2Mol_idx-in-all-generaetd-336,8.829766132888132
O14757_Pocket2Mol_idx-in-all-generaetd-337,1.0121538253024147
O14757_Pocket2Mol_idx-in-all-generaetd-338,11.699928912383957
O14757_Pocket2Mol_idx-in-all-generaetd-339,3.963474408363437
O14757_Pocket2Mol_idx-in-all-generaetd-340,11.143513196019672
O14757_Pocket2Mol_idx-in-all-generaetd-341,9.639289426339115
O14757_Pocket2Mol_idx-in-all-generaetd-342,7.008047623896255
O14757_Pocket2Mol_idx-in-all-generaetd-343,16.441575916611043
O14757_Pocket2Mol_idx-in-all-generaetd-344,2.7212921350283996
O14757_Pocket2Mol_idx-in-all-generaetd-345,8.635984030077344
O14757_Pocket2Mol_idx-in-all-generaetd-346,3.682605166278696
O14757_Pocket2Mol_idx-in-all-generaetd-347,10.308383290646477
O14757_Pocket2Mol_idx-in-all-generaetd-348,11.18808865542508
O14757_Pocket2Mol_idx-in-all-generaetd-349,16.45158960275885
O14757_Pocket2Mol_idx-in-all-generaetd-350,9.535150496501469
O14757_Pocket2Mol_idx-in-all-generaetd-351,8.948995565430991
O14757_Pocket2Mol_idx-in-all-generaetd-352,3.970874690983874
O14757_Pocket2Mol_idx-in-all-generaetd-353,9.726051828497088
O14757_Pocket2Mol_idx-in-all-generaetd-354,11.059611669994727
O14757_Pocket2Mol_idx-in-all-generaetd-355,8.676327195104104
O14757_Pocket2Mol_idx-in-all-generaetd-356,9.492472601187826
O14757_Pocket2Mol_idx-in-all-generaetd-357,8.493400310906665
O14757_Pocket2Mol_idx-in-all-generaetd-358,3.9833550995114293
O14757_Pocket2Mol_idx-in-all-generaetd-359,12.488626909287705
O14757_Pocket2Mol_idx-in-all-generaetd-360,9.582689188629933
O14757_Pocket2Mol_idx-in-all-generaetd-361,15.675249453975546
O14757_Pocket2Mol_idx-in-all-generaetd-362,5.151840127606496
O14757_Pocket2Mol_idx-in-all-generaetd-363,9.595297122839703
O14757_Pocket2Mol_idx-in-all-generaetd-364,11.006332019232037
O14757_Pocket2Mol_idx-in-all-generaetd-365,3.3390950237629715
O14757_Pocket2Mol_idx-in-all-generaetd-366,2.365325994780358
O14757_Pocket2Mol_idx-in-all-generaetd-367,12.389960967243224
O14757_Pocket2Mol_idx-in-all-generaetd-368,3.9318811341091595
O14757_Pocket2Mol_idx-in-all-generaetd-369,7.59597188818096
O14757_Pocket2Mol_idx-in-all-generaetd-370,5.044530846366393
O14757_Pocket2Mol_idx-in-all-generaetd-371,15.452507361311174
O14757_Pocket2Mol_idx-in-all-generaetd-372,10.258527515428433
O14757_Pocket2Mol_idx-in-all-generaetd-373,3.273359762812519
O14757_Pocket2Mol_idx-in-all-generaetd-374,
O14757_Pocket2Mol_idx-in-all-generaetd-375,8.195733272700723
O14757_Pocket2Mol_idx-in-all-generaetd-376,11.005568064463437
O14757_Pocket2Mol_idx-in-all-generaetd-377,14.69736472032467
O14757_Pocket2Mol_idx-in-all-generaetd-378,5.508778894480538
O14757_Pocket2Mol_idx-in-all-generaetd-379,3.040806262246458
O14757_Pocket2Mol_idx-in-all-generaetd-380,3.644635233320012
O14757_Pocket2Mol_idx-in-all-generaetd-381,7.052622528651067
O14757_Pocket2Mol_idx-in-all-generaetd-382,5.550784467869434
O14757_Pocket2Mol_idx-in-all-generaetd-383,9.652657525316766
O14757_Pocket2Mol_idx-in-all-generaetd-384,7.341695174161918
O14757_Pocket2Mol_idx-in-all-generaetd-385,7.871676961590177
O14757_Pocket2Mol_idx-in-all-generaetd-386,10.438770866105113
O14757_Pocket2Mol_idx-in-all-generaetd-387,9.5725629381684
O14757_Pocket2Mol_idx-in-all-generaetd-388,13.0841039578176
O14757_Pocket2Mol_idx-in-all-generaetd-389,10.103193054328228
O14757_Pocket2Mol_idx-in-all-generaetd-390,11.112470980667302
O14757_Pocket2Mol_idx-in-all-generaetd-391,11.856961603233586
O14757_Pocket2Mol_idx-in-all-generaetd-392,4.491551347154019
O14757_Pocket2Mol_idx-in-all-generaetd-393,12.931165259409847
O14757_Pocket2Mol_idx-in-all-generaetd-394,9.69404118372296
O14757_Pocket2Mol_idx-in-all-generaetd-395,14.016407549561228
O14757_Pocket2Mol_idx-in-all-generaetd-396,7.169560792587877
O14757_Pocket2Mol_idx-in-all-generaetd-397,5.950939347253746
O14757_Pocket2Mol_idx-in-all-generaetd-398,8.772030721382803
O14757_Pocket2Mol_idx-in-all-generaetd-399,6.213207538071471
O14757_Pocket2Mol_idx-in-all-generaetd-400,4.24485604863356
O14757_Pocket2Mol_idx-in-all-generaetd-401,5.171816298360312
O14757_Pocket2Mol_idx-in-all-generaetd-402,9.028850152373709
O14757_Pocket2Mol_idx-in-all-generaetd-403,9.082687069636757
O14757_Pocket2Mol_idx-in-all-generaetd-404,2.9345105277211774
O14757_Pocket2Mol_idx-in-all-generaetd-405,8.350959408408816
O14757_Pocket2Mol_idx-in-all-generaetd-406,6.266938258126302
O14757_Pocket2Mol_idx-in-all-generaetd-407,9.218733468357023
O14757_Pocket2Mol_idx-in-all-generaetd-408,9.866375812737674
O14757_Pocket2Mol_idx-in-all-generaetd-409,10.831870107308184
O14757_Pocket2Mol_idx-in-all-generaetd-410,3.7566781557907394
O14757_Pocket2Mol_idx-in-all-generaetd-411,9.490820574607588
O14757_Pocket2Mol_idx-in-all-generaetd-412,3.7925577327070408
O14757_Pocket2Mol_idx-in-all-generaetd-413,14.577571116784913
O14757_Pocket2Mol_idx-in-all-generaetd-414,
O14757_Pocket2Mol_idx-in-all-generaetd-415,7.388243149468433
O14757_Pocket2Mol_idx-in-all-generaetd-416,9.329078313871788
O14757_Pocket2Mol_idx-in-all-generaetd-417,5.311903474462666
O14757_Pocket2Mol_idx-in-all-generaetd-418,11.248656433644108
O14757_Pocket2Mol_idx-in-all-generaetd-419,10.826789337035589
O14757_Pocket2Mol_idx-in-all-generaetd-420,11.886299070129073
O14757_Pocket2Mol_idx-in-all-generaetd-421,9.47977947781525
O14757_Pocket2Mol_idx-in-all-generaetd-422,8.567435555524655
O14757_Pocket2Mol_idx-in-all-generaetd-423,8.24359587603394
O14757_Pocket2Mol_idx-in-all-generaetd-424,9.51303858462638
O14757_Pocket2Mol_idx-in-all-generaetd-425,12.520178486034863
O14757_Pocket2Mol_idx-in-all-generaetd-426,4.65157284294134
O14757_Pocket2Mol_idx-in-all-generaetd-427,8.852804780970265
O14757_Pocket2Mol_idx-in-all-generaetd-428,8.874792881911459
O14757_Pocket2Mol_idx-in-all-generaetd-429,6.974751721544161
O14757_Pocket2Mol_idx-in-all-generaetd-430,9.378837737610153
O14757_Pocket2Mol_idx-in-all-generaetd-431,2.6319000046417127
O14757_Pocket2Mol_idx-in-all-generaetd-432,0.7758973207097514
O14757_Pocket2Mol_idx-in-all-generaetd-433,8.601399546029914
O14757_Pocket2Mol_idx-in-all-generaetd-434,11.536368232092997
O14757_Pocket2Mol_idx-in-all-generaetd-435,13.412792822862807
O14757_Pocket2Mol_idx-in-all-generaetd-436,8.950861842137304
O14757_Pocket2Mol_idx-in-all-generaetd-437,3.7658102885161115
O14757_Pocket2Mol_idx-in-all-generaetd-438,5.475803754528599
O14757_Pocket2Mol_idx-in-all-generaetd-439,9.754541286224368
O14757_Pocket2Mol_idx-in-all-generaetd-440,9.789642712985158
O14757_Pocket2Mol_idx-in-all-generaetd-441,15.17866158849448
O14757_Pocket2Mol_idx-in-all-generaetd-442,7.123439955803358
O14757_Pocket2Mol_idx-in-all-generaetd-443,9.584568420556572
O14757_Pocket2Mol_idx-in-all-generaetd-444,8.98302863132833
O14757_Pocket2Mol_idx-in-all-generaetd-445,15.034190904463017
O14757_Pocket2Mol_idx-in-all-generaetd-446,
O14757_Pocket2Mol_idx-in-all-generaetd-447,9.301877319844165
O14757_Pocket2Mol_idx-in-all-generaetd-448,4.148336574549176
O14757_Pocket2Mol_idx-in-all-generaetd-449,8.392170902960734
O14757_Pocket2Mol_idx-in-all-generaetd-450,11.318923930229326
O14757_Pocket2Mol_idx-in-all-generaetd-451,2.555395176727753
O14757_Pocket2Mol_idx-in-all-generaetd-452,5.611521247937316
O14757_Pocket2Mol_idx-in-all-generaetd-453,9.620090053136742
O14757_Pocket2Mol_idx-in-all-generaetd-454,4.396117939787387
O14757_Pocket2Mol_idx-in-all-generaetd-455,15.536633954393578
O14757_Pocket2Mol_idx-in-all-generaetd-456,7.5327135562691
O14757_Pocket2Mol_idx-in-all-generaetd-457,12.73068514095043
O14757_Pocket2Mol_idx-in-all-generaetd-458,5.617222067646317
O14757_Pocket2Mol_idx-in-all-generaetd-459,4.054834035612965
O14757_Pocket2Mol_idx-in-all-generaetd-460,11.274669005759076
O14757_Pocket2Mol_idx-in-all-generaetd-461,4.169192056678618
O14757_Pocket2Mol_idx-in-all-generaetd-462,7.046157520061944
O14757_Pocket2Mol_idx-in-all-generaetd-463,12.94480480157467
O14757_Pocket2Mol_idx-in-all-generaetd-464,6.927465742359345
O14757_Pocket2Mol_idx-in-all-generaetd-465,11.580875717667295
O14757_Pocket2Mol_idx-in-all-generaetd-466,9.432723665783715
O14757_Pocket2Mol_idx-in-all-generaetd-467,8.522520650811574
O14757_Pocket2Mol_idx-in-all-generaetd-468,3.5336011165672274
O14757_Pocket2Mol_idx-in-all-generaetd-469,11.149675953527462
O14757_Pocket2Mol_idx-in-all-generaetd-470,
O14757_Pocket2Mol_idx-in-all-generaetd-471,13.399459091038297
O14757_Pocket2Mol_idx-in-all-generaetd-472,10.361590778973278
O14757_Pocket2Mol_idx-in-all-generaetd-473,13.96412265083705
O14757_Pocket2Mol_idx-in-all-generaetd-474,5.108581693189428
O14757_Pocket2Mol_idx-in-all-generaetd-475,10.54321922921947
O14757_Pocket2Mol_idx-in-all-generaetd-476,5.350726420686105
O14757_Pocket2Mol_idx-in-all-generaetd-477,9.595881408644285
O14757_Pocket2Mol_idx-in-all-generaetd-478,10.872560433032238
O14757_Pocket2Mol_idx-in-all-generaetd-479,11.126082452783098
O14757_Pocket2Mol_idx-in-all-generaetd-480,9.784626458384585
O14757_Pocket2Mol_idx-in-all-generaetd-481,2.239578773166706
O14757_Pocket2Mol_idx-in-all-generaetd-482,13.425785606765672
O14757_Pocket2Mol_idx-in-all-generaetd-483,3.526613810551384
O14757_Pocket2Mol_idx-in-all-generaetd-484,14.661598498835305
O14757_Pocket2Mol_idx-in-all-generaetd-485,10.14299793331067
O14757_Pocket2Mol_idx-in-all-generaetd-486,9.405353582910994
O14757_Pocket2Mol_idx-in-all-generaetd-487,7.101033999711138
O14757_Pocket2Mol_idx-in-all-generaetd-488,9.647132669220492
O14757_Pocket2Mol_idx-in-all-generaetd-489,3.066577448507691
O14757_Pocket2Mol_idx-in-all-generaetd-490,0.8759915556713032
O14757_Pocket2Mol_idx-in-all-generaetd-491,11.277292843101812
O14757_Pocket2Mol_idx-in-all-generaetd-492,13.173629614099365
O14757_Pocket2Mol_idx-in-all-generaetd-493,7.0737398992987774
O14757_Pocket2Mol_idx-in-all-generaetd-494,3.232824141113876
O14757_Pocket2Mol_idx-in-all-generaetd-495,13.249445596721111
O14757_Pocket2Mol_idx-in-all-generaetd-496,6.501046357720197
O14757_Pocket2Mol_idx-in-all-generaetd-497,13.216918233540493
O14757_Pocket2Mol_idx-in-all-generaetd-498,15.692378643452301
O14757_Pocket2Mol_idx-in-all-generaetd-499,10.650709614400947
O14757_Pocket2Mol_idx-in-all-generaetd-500,7.047437021567619
O14757_Pocket2Mol_idx-in-all-generaetd-501,11.628899399958561
O14757_Pocket2Mol_idx-in-all-generaetd-502,12.940413096591442
O14757_Pocket2Mol_idx-in-all-generaetd-503,8.113667883174877
O14757_Pocket2Mol_idx-in-all-generaetd-504,3.830800941891963
O14757_Pocket2Mol_idx-in-all-generaetd-505,12.312514007727604
O14757_Pocket2Mol_idx-in-all-generaetd-506,6.510781518037732
O14757_Pocket2Mol_idx-in-all-generaetd-507,2.4558636872565742
O14757_Pocket2Mol_idx-in-all-generaetd-508,9.284809256779756
O14757_Pocket2Mol_idx-in-all-generaetd-509,8.220256676939337
O14757_Pocket2Mol_idx-in-all-generaetd-510,
O14757_Pocket2Mol_idx-in-all-generaetd-511,13.760175167472424
O14757_Pocket2Mol_idx-in-all-generaetd-512,16.798835537476624
O14757_Pocket2Mol_idx-in-all-generaetd-513,8.364579188297423
O14757_Pocket2Mol_idx-in-all-generaetd-514,5.024394338929474
O14757_Pocket2Mol_idx-in-all-generaetd-515,12.146755948951682
O14757_Pocket2Mol_idx-in-all-generaetd-516,1.570541099101912
O14757_Pocket2Mol_idx-in-all-generaetd-517,10.183512499824344
O14757_Pocket2Mol_idx-in-all-generaetd-518,8.577235605450507
O14757_Pocket2Mol_idx-in-all-generaetd-519,12.682485316873406
O14757_Pocket2Mol_idx-in-all-generaetd-520,3.14026636071555
O14757_Pocket2Mol_idx-in-all-generaetd-521,10.107992844907674
O14757_Pocket2Mol_idx-in-all-generaetd-522,14.957498145055762
O14757_Pocket2Mol_idx-in-all-generaetd-523,9.035512589783806
O14757_Pocket2Mol_idx-in-all-generaetd-524,10.4564793784459
O14757_Pocket2Mol_idx-in-all-generaetd-525,9.65917132670701
O14757_Pocket2Mol_idx-in-all-generaetd-526,7.114135387138935
O14757_Pocket2Mol_idx-in-all-generaetd-527,14.229101761749916
O14757_Pocket2Mol_idx-in-all-generaetd-528,7.222016421032289
O14757_Pocket2Mol_idx-in-all-generaetd-529,8.677851673685439
O14757_Pocket2Mol_idx-in-all-generaetd-530,12.784544829138534
O14757_Pocket2Mol_idx-in-all-generaetd-531,13.2629203914076
O14757_Pocket2Mol_idx-in-all-generaetd-532,4.8488833366283375
O14757_Pocket2Mol_idx-in-all-generaetd-533,14.19251931135006
O14757_Pocket2Mol_idx-in-all-generaetd-534,10.445672938991196
O14757_Pocket2Mol_idx-in-all-generaetd-535,8.296309080847758
O14757_Pocket2Mol_idx-in-all-generaetd-536,13.355470383478938
O14757_Pocket2Mol_idx-in-all-generaetd-537,2.16168636626504
O14757_Pocket2Mol_idx-in-all-generaetd-538,11.219066417066198
O14757_Pocket2Mol_idx-in-all-generaetd-539,9.126187531137118
O14757_Pocket2Mol_idx-in-all-generaetd-540,9.378455344624845
O14757_Pocket2Mol_idx-in-all-generaetd-541,8.339914256966555
O14757_Pocket2Mol_idx-in-all-generaetd-542,4.26421593182726
O14757_Pocket2Mol_idx-in-all-generaetd-543,9.117205251485112
O14757_Pocket2Mol_idx-in-all-generaetd-544,9.378012807323557
O14757_Pocket2Mol_idx-in-all-generaetd-545,7.926741913644631
O14757_Pocket2Mol_idx-in-all-generaetd-546,10.230051905641673
O14757_Pocket2Mol_idx-in-all-generaetd-547,9.267241863837501
O14757_Pocket2Mol_idx-in-all-generaetd-548,3.4357461607080912
O14757_Pocket2Mol_idx-in-all-generaetd-549,9.670675433690949
O14757_Pocket2Mol_idx-in-all-generaetd-550,2.904228304567288
O14757_Pocket2Mol_idx-in-all-generaetd-551,9.918840431306212
O14757_Pocket2Mol_idx-in-all-generaetd-552,2.898885884453684
O14757_Pocket2Mol_idx-in-all-generaetd-553,3.5542364170477807
O14757_Pocket2Mol_idx-in-all-generaetd-554,2.2244738551050407
O14757_Pocket2Mol_idx-in-all-generaetd-555,4.523606381158219
O14757_Pocket2Mol_idx-in-all-generaetd-556,12.270950716754516
O14757_Pocket2Mol_idx-in-all-generaetd-557,11.068599098828239
O14757_Pocket2Mol_idx-in-all-generaetd-558,3.5986306746224677
O14757_Pocket2Mol_idx-in-all-generaetd-559,14.132603819367954
O14757_Pocket2Mol_idx-in-all-generaetd-560,5.082338818264192
O14757_Pocket2Mol_idx-in-all-generaetd-561,12.497452308304482
O14757_Pocket2Mol_idx-in-all-generaetd-562,10.66615137248468
O14757_Pocket2Mol_idx-in-all-generaetd-563,8.183413796200014
O14757_Pocket2Mol_idx-in-all-generaetd-564,4.273666592523512
O14757_Pocket2Mol_idx-in-all-generaetd-565,4.32291389606183
O14757_Pocket2Mol_idx-in-all-generaetd-566,8.484862591346344
O14757_Pocket2Mol_idx-in-all-generaetd-567,3.19776588354052
O14757_Pocket2Mol_idx-in-all-generaetd-568,7.590741388986413
O14757_Pocket2Mol_idx-in-all-generaetd-569,12.198043708714984
O14757_Pocket2Mol_idx-in-all-generaetd-570,0.9257268731206288
O14757_Pocket2Mol_idx-in-all-generaetd-571,10.975153247950935
O14757_Pocket2Mol_idx-in-all-generaetd-572,11.892118964596852
O14757_Pocket2Mol_idx-in-all-generaetd-573,4.527036269419384
O14757_Pocket2Mol_idx-in-all-generaetd-574,9.649430102679826
O14757_Pocket2Mol_idx-in-all-generaetd-575,1.47814806349645
O14757_Pocket2Mol_idx-in-all-generaetd-576,9.344237317743598
O14757_Pocket2Mol_idx-in-all-generaetd-577,3.28457817393113
O14757_Pocket2Mol_idx-in-all-generaetd-578,
O14757_Pocket2Mol_idx-in-all-generaetd-579,10.755692014867243
O14757_Pocket2Mol_idx-in-all-generaetd-580,2.023527403584096
O14757_Pocket2Mol_idx-in-all-generaetd-581,8.640449564787447
O14757_Pocket2Mol_idx-in-all-generaetd-582,9.04932273469959
O14757_Pocket2Mol_idx-in-all-generaetd-583,9.470060144401089
O14757_Pocket2Mol_idx-in-all-generaetd-584,1.8525796961125933
O14757_Pocket2Mol_idx-in-all-generaetd-585,9.386334672426617
O14757_Pocket2Mol_idx-in-all-generaetd-586,11.897143864390202
O14757_Pocket2Mol_idx-in-all-generaetd-587,5.9113357733613014
O14757_Pocket2Mol_idx-in-all-generaetd-588,7.60937688879973
O14757_Pocket2Mol_idx-in-all-generaetd-589,9.002136708703736
O14757_Pocket2Mol_idx-in-all-generaetd-590,12.231911908369849
O14757_Pocket2Mol_idx-in-all-generaetd-591,5.053059132774998
O14757_Pocket2Mol_idx-in-all-generaetd-592,1.1047363458661097
O14757_Pocket2Mol_idx-in-all-generaetd-593,14.31491478023828
O14757_Pocket2Mol_idx-in-all-generaetd-594,1.3008736482873515
O14757_Pocket2Mol_idx-in-all-generaetd-595,3.488635445905029
O14757_Pocket2Mol_idx-in-all-generaetd-596,14.466151265771583
O14757_Pocket2Mol_idx-in-all-generaetd-597,9.126431036905926
O14757_Pocket2Mol_idx-in-all-generaetd-598,10.423856525642892
O14757_Pocket2Mol_idx-in-all-generaetd-599,10.705474005493576
O14757_Pocket2Mol_idx-in-all-generaetd-600,8.887764605054516
O14757_Pocket2Mol_idx-in-all-generaetd-601,8.786400818259088
O14757_Pocket2Mol_idx-in-all-generaetd-602,11.149916069580614
O14757_Pocket2Mol_idx-in-all-generaetd-603,8.830352439798538
O14757_Pocket2Mol_idx-in-all-generaetd-604,11.974404502315974
O14757_Pocket2Mol_idx-in-all-generaetd-605,11.127552927171868
O14757_Pocket2Mol_idx-in-all-generaetd-606,7.195120221461741
O14757_Pocket2Mol_idx-in-all-generaetd-607,8.946285163426106
O14757_Pocket2Mol_idx-in-all-generaetd-608,8.50675704941159
O14757_Pocket2Mol_idx-in-all-generaetd-609,9.503866438049798
O14757_Pocket2Mol_idx-in-all-generaetd-610,3.9097675813875106
O14757_Pocket2Mol_idx-in-all-generaetd-611,0.7849368975375978
O14757_Pocket2Mol_idx-in-all-generaetd-612,9.138303527770006
O14757_Pocket2Mol_idx-in-all-generaetd-613,9.841941268212755
O14757_Pocket2Mol_idx-in-all-generaetd-614,8.69288741380153
O14757_Pocket2Mol_idx-in-all-generaetd-615,8.89452202937762
O14757_Pocket2Mol_idx-in-all-generaetd-616,8.334022960697217
O14757_Pocket2Mol_idx-in-all-generaetd-617,14.668971577965769
O14757_Pocket2Mol_idx-in-all-generaetd-618,1.9454560248440584
O14757_Pocket2Mol_idx-in-all-generaetd-619,11.632507458451647
O14757_Pocket2Mol_idx-in-all-generaetd-620,3.019054218172213
O14757_Pocket2Mol_idx-in-all-generaetd-621,6.764635003373486
O14757_Pocket2Mol_idx-in-all-generaetd-622,12.758581857343621
O14757_Pocket2Mol_idx-in-all-generaetd-623,9.315645790625906
O14757_Pocket2Mol_idx-in-all-generaetd-624,3.9790490049672806
O14757_Pocket2Mol_idx-in-all-generaetd-625,12.605400926171102
O14757_Pocket2Mol_idx-in-all-generaetd-626,3.390394900027877
O14757_Pocket2Mol_idx-in-all-generaetd-627,10.01456035773929
O14757_Pocket2Mol_idx-in-all-generaetd-628,9.52321328577741
O14757_Pocket2Mol_idx-in-all-generaetd-629,4.355109622156564
O14757_Pocket2Mol_idx-in-all-generaetd-630,13.666238928074955
O14757_Pocket2Mol_idx-in-all-generaetd-631,9.527751513124326
O14757_Pocket2Mol_idx-in-all-generaetd-632,3.0701808541791613
O14757_Pocket2Mol_idx-in-all-generaetd-633,6.4136782065748354
O14757_Pocket2Mol_idx-in-all-generaetd-634,
O14757_Pocket2Mol_idx-in-all-generaetd-635,3.3887348278040608
O14757_Pocket2Mol_idx-in-all-generaetd-636,7.893898852158113
O14757_Pocket2Mol_idx-in-all-generaetd-637,7.652768507242394
O14757_Pocket2Mol_idx-in-all-generaetd-638,1.443140123858476
O14757_Pocket2Mol_idx-in-all-generaetd-639,4.342337362427723
O14757_Pocket2Mol_idx-in-all-generaetd-640,4.436019933015495
O14757_Pocket2Mol_idx-in-all-generaetd-641,7.001134321320509
O14757_Pocket2Mol_idx-in-all-generaetd-642,11.37869676467386
O14757_Pocket2Mol_idx-in-all-generaetd-643,7.72375537206456
O14757_Pocket2Mol_idx-in-all-generaetd-644,4.339709331274783
O14757_Pocket2Mol_idx-in-all-generaetd-645,5.505342319718514
O14757_Pocket2Mol_idx-in-all-generaetd-646,9.706596533051915
O14757_Pocket2Mol_idx-in-all-generaetd-647,12.994650254921249
O14757_Pocket2Mol_idx-in-all-generaetd-648,2.8588202408959993
O14757_Pocket2Mol_idx-in-all-generaetd-649,8.797640866285988
O14757_Pocket2Mol_idx-in-all-generaetd-650,7.269130869427976
O14757_Pocket2Mol_idx-in-all-generaetd-651,7.876322018227768
O14757_Pocket2Mol_idx-in-all-generaetd-652,10.972040866220253
O14757_Pocket2Mol_idx-in-all-generaetd-653,7.260999884436422
O14757_Pocket2Mol_idx-in-all-generaetd-654,10.318620784289559
O14757_Pocket2Mol_idx-in-all-generaetd-655,4.660287884950859
O14757_Pocket2Mol_idx-in-all-generaetd-656,11.379595399507155
O14757_Pocket2Mol_idx-in-all-generaetd-657,4.4271465824404785
O14757_Pocket2Mol_idx-in-all-generaetd-658,8.217412137889633
O14757_Pocket2Mol_idx-in-all-generaetd-659,5.984985683826261
O14757_Pocket2Mol_idx-in-all-generaetd-660,13.21047577249402
O14757_Pocket2Mol_idx-in-all-generaetd-661,
O14757_Pocket2Mol_idx-in-all-generaetd-662,9.04509327070433
O14757_Pocket2Mol_idx-in-all-generaetd-663,9.631383012860905
O14757_Pocket2Mol_idx-in-all-generaetd-664,9.126350887283715
O14757_Pocket2Mol_idx-in-all-generaetd-665,1.2677993057614445
O14757_Pocket2Mol_idx-in-all-generaetd-666,11.610784540029268
O14757_Pocket2Mol_idx-in-all-generaetd-667,4.290478934679597
O14757_Pocket2Mol_idx-in-all-generaetd-668,1.7520812965226085
O14757_Pocket2Mol_idx-in-all-generaetd-669,11.145124832656885
O14757_Pocket2Mol_idx-in-all-generaetd-670,9.332974334314606
O14757_Pocket2Mol_idx-in-all-generaetd-671,9.08663406633865
O14757_Pocket2Mol_idx-in-all-generaetd-672,15.804133154605234
O14757_Pocket2Mol_idx-in-all-generaetd-673,10.748973055337348
O14757_Pocket2Mol_idx-in-all-generaetd-674,11.089257797588493
O14757_Pocket2Mol_idx-in-all-generaetd-675,10.794337862399791
O14757_Pocket2Mol_idx-in-all-generaetd-676,7.207221915921617
O14757_Pocket2Mol_idx-in-all-generaetd-677,8.687847845048374
O14757_Pocket2Mol_idx-in-all-generaetd-678,
O14757_Pocket2Mol_idx-in-all-generaetd-679,2.549626576080404
O14757_Pocket2Mol_idx-in-all-generaetd-680,9.654684366544867
O14757_Pocket2Mol_idx-in-all-generaetd-681,12.055158264785586
O14757_Pocket2Mol_idx-in-all-generaetd-682,10.408755037255041
O14757_Pocket2Mol_idx-in-all-generaetd-683,12.43022297537002
O14757_Pocket2Mol_idx-in-all-generaetd-684,11.188322222868187
O14757_Pocket2Mol_idx-in-all-generaetd-685,10.938823398616092
O14757_Pocket2Mol_idx-in-all-generaetd-686,15.138199836478906
O14757_Pocket2Mol_idx-in-all-generaetd-687,13.044166089735839
O14757_Pocket2Mol_idx-in-all-generaetd-688,5.3640750525351075
O14757_Pocket2Mol_idx-in-all-generaetd-689,11.360730153016007
O14757_Pocket2Mol_idx-in-all-generaetd-690,2.2843067425881225
O14757_Pocket2Mol_idx-in-all-generaetd-691,12.626803121411788
O14757_Pocket2Mol_idx-in-all-generaetd-692,12.248987018580472
O14757_Pocket2Mol_idx-in-all-generaetd-693,11.04384313186932
O14757_Pocket2Mol_idx-in-all-generaetd-694,9.591209875877688
O14757_Pocket2Mol_idx-in-all-generaetd-695,3.2904738641365285
O14757_Pocket2Mol_idx-in-all-generaetd-696,1.8449104811754178
O14757_Pocket2Mol_idx-in-all-generaetd-697,11.05832857107284
O14757_Pocket2Mol_idx-in-all-generaetd-698,8.780241713675146
O14757_Pocket2Mol_idx-in-all-generaetd-699,12.330503516656929
O14757_Pocket2Mol_idx-in-all-generaetd-700,8.632674351945507
O14757_Pocket2Mol_idx-in-all-generaetd-701,4.1658578109547975
O14757_Pocket2Mol_idx-in-all-generaetd-702,12.977256901709953
O14757_Pocket2Mol_idx-in-all-generaetd-703,11.178965783307095
O14757_Pocket2Mol_idx-in-all-generaetd-704,8.976919798684415
O14757_Pocket2Mol_idx-in-all-generaetd-705,7.385434769058181
O14757_Pocket2Mol_idx-in-all-generaetd-706,4.038742615652907
O14757_Pocket2Mol_idx-in-all-generaetd-707,16.521791735904973
O14757_Pocket2Mol_idx-in-all-generaetd-708,8.545572364900035
O14757_Pocket2Mol_idx-in-all-generaetd-709,8.26890940247324
O14757_Pocket2Mol_idx-in-all-generaetd-710,12.085795229333112
O14757_Pocket2Mol_idx-in-all-generaetd-711,9.846884134215635
O14757_Pocket2Mol_idx-in-all-generaetd-712,3.4081913611876584
O14757_Pocket2Mol_idx-in-all-generaetd-713,2.9481139155981944
O14757_Pocket2Mol_idx-in-all-generaetd-714,9.138902186585764
O14757_Pocket2Mol_idx-in-all-generaetd-715,6.1881223454671135
O14757_Pocket2Mol_idx-in-all-generaetd-716,4.019813975647789
O14757_Pocket2Mol_idx-in-all-generaetd-717,0.9485900655763227
O14757_Pocket2Mol_idx-in-all-generaetd-718,10.331498436034687
O14757_Pocket2Mol_idx-in-all-generaetd-719,1.9461704175860521
O14757_Pocket2Mol_idx-in-all-generaetd-720,4.715750727868059
O14757_Pocket2Mol_idx-in-all-generaetd-721,
O14757_Pocket2Mol_idx-in-all-generaetd-722,0.8970281385605169
O14757_Pocket2Mol_idx-in-all-generaetd-723,11.108090158193267
O14757_Pocket2Mol_idx-in-all-generaetd-724,8.616979615099282
O14757_Pocket2Mol_idx-in-all-generaetd-725,0.700930760801843
O14757_Pocket2Mol_idx-in-all-generaetd-726,13.237805504741955
O14757_Pocket2Mol_idx-in-all-generaetd-727,4.910487886800854
O14757_Pocket2Mol_idx-in-all-generaetd-728,3.4297354201901307
O14757_Pocket2Mol_idx-in-all-generaetd-729,4.940408157987634
O14757_Pocket2Mol_idx-in-all-generaetd-730,14.669695505614524
O14757_Pocket2Mol_idx-in-all-generaetd-731,10.020368118628658
O14757_Pocket2Mol_idx-in-all-generaetd-732,4.7851849483226365
O14757_Pocket2Mol_idx-in-all-generaetd-733,12.199434270220445
O14757_Pocket2Mol_idx-in-all-generaetd-734,8.119192657585483
O14757_Pocket2Mol_idx-in-all-generaetd-735,5.085362773970851
O14757_Pocket2Mol_idx-in-all-generaetd-736,2.8072496163007865
O14757_Pocket2Mol_idx-in-all-generaetd-737,0.8188268770711193
O14757_Pocket2Mol_idx-in-all-generaetd-738,16.078727932095195
O14757_Pocket2Mol_idx-in-all-generaetd-739,9.470386066985943
O14757_Pocket2Mol_idx-in-all-generaetd-740,9.275751621194676
O14757_Pocket2Mol_idx-in-all-generaetd-741,8.881336015291273
O14757_Pocket2Mol_idx-in-all-generaetd-742,10.95143082130604
O14757_Pocket2Mol_idx-in-all-generaetd-743,10.511913066489408
O14757_Pocket2Mol_idx-in-all-generaetd-744,12.889008406407415
O14757_Pocket2Mol_idx-in-all-generaetd-745,11.659698463733106
O14757_Pocket2Mol_idx-in-all-generaetd-746,14.987312449211476
O14757_Pocket2Mol_idx-in-all-generaetd-747,11.656746983696529
O14757_Pocket2Mol_idx-in-all-generaetd-748,4.018562433980712
O14757_Pocket2Mol_idx-in-all-generaetd-749,9.3681560330601
O14757_Pocket2Mol_idx-in-all-generaetd-750,6.115625016985189
O14757_Pocket2Mol_idx-in-all-generaetd-751,12.0526791369642
O14757_Pocket2Mol_idx-in-all-generaetd-752,13.725272124562002
O14757_Pocket2Mol_idx-in-all-generaetd-753,6.434259496239263
O14757_Pocket2Mol_idx-in-all-generaetd-754,16.079691650339882
O14757_Pocket2Mol_idx-in-all-generaetd-755,8.411162638701892
O14757_Pocket2Mol_idx-in-all-generaetd-756,4.131728261106415
O14757_Pocket2Mol_idx-in-all-generaetd-757,
O14757_Pocket2Mol_idx-in-all-generaetd-758,8.555518875566374
O14757_Pocket2Mol_idx-in-all-generaetd-759,11.115239578080157
O14757_Pocket2Mol_idx-in-all-generaetd-760,8.474832541030043
O14757_Pocket2Mol_idx-in-all-generaetd-761,3.3656031663557755
O14757_Pocket2Mol_idx-in-all-generaetd-762,9.55851162454738
O14757_Pocket2Mol_idx-in-all-generaetd-763,9.980405088398825
O14757_Pocket2Mol_idx-in-all-generaetd-764,10.120637174777526
O14757_Pocket2Mol_idx-in-all-generaetd-765,10.917604802547128
O14757_Pocket2Mol_idx-in-all-generaetd-766,3.627062392042116
O14757_Pocket2Mol_idx-in-all-generaetd-767,
O14757_Pocket2Mol_idx-in-all-generaetd-768,10.468687235911277
O14757_Pocket2Mol_idx-in-all-generaetd-769,8.68061360808943
O14757_Pocket2Mol_idx-in-all-generaetd-770,9.199351606584605
O14757_Pocket2Mol_idx-in-all-generaetd-771,16.164505549836573
O14757_Pocket2Mol_idx-in-all-generaetd-772,10.443699880656704
O14757_Pocket2Mol_idx-in-all-generaetd-773,
O14757_Pocket2Mol_idx-in-all-generaetd-774,7.952788171195213
O14757_Pocket2Mol_idx-in-all-generaetd-775,10.958435269847019
O14757_Pocket2Mol_idx-in-all-generaetd-776,13.82288437639802
O14757_Pocket2Mol_idx-in-all-generaetd-777,8.221715346671683
O14757_Pocket2Mol_idx-in-all-generaetd-778,8.349427882571858
O14757_Pocket2Mol_idx-in-all-generaetd-779,16.823560831984697
O14757_Pocket2Mol_idx-in-all-generaetd-780,9.647151133106608
O14757_Pocket2Mol_idx-in-all-generaetd-781,11.418807113025311
O14757_Pocket2Mol_idx-in-all-generaetd-782,4.0600409780956035
O14757_Pocket2Mol_idx-in-all-generaetd-783,6.632252104625555
O14757_Pocket2Mol_idx-in-all-generaetd-784,3.4258006281242683
O14757_Pocket2Mol_idx-in-all-generaetd-785,3.972119793946117
O14757_Pocket2Mol_idx-in-all-generaetd-786,11.655800524712877
O14757_Pocket2Mol_idx-in-all-generaetd-787,8.360275118532536
O14757_Pocket2Mol_idx-in-all-generaetd-788,8.37689167180049
O14757_Pocket2Mol_idx-in-all-generaetd-789,3.9427438842282814
O14757_Pocket2Mol_idx-in-all-generaetd-790,1.6894469808179449
O14757_Pocket2Mol_idx-in-all-generaetd-791,2.5793959615238538
O14757_Pocket2Mol_idx-in-all-generaetd-792,10.07640397322409
O14757_Pocket2Mol_idx-in-all-generaetd-793,11.814785237698604
O14757_Pocket2Mol_idx-in-all-generaetd-794,2.1111495182620876
O14757_Pocket2Mol_idx-in-all-generaetd-795,11.844328794278452
O14757_Pocket2Mol_idx-in-all-generaetd-796,9.065692411022633
O14757_Pocket2Mol_idx-in-all-generaetd-797,11.961719527786073
O14757_Pocket2Mol_idx-in-all-generaetd-798,4.204379048521885
O14757_Pocket2Mol_idx-in-all-generaetd-799,9.9679684407057
O14757_Pocket2Mol_idx-in-all-generaetd-800,8.15900733175367
O14757_Pocket2Mol_idx-in-all-generaetd-801,10.189696472846514
O14757_Pocket2Mol_idx-in-all-generaetd-802,11.223776106820086
O14757_Pocket2Mol_idx-in-all-generaetd-803,15.596725469279857
O14757_Pocket2Mol_idx-in-all-generaetd-804,4.740244337182016
O14757_Pocket2Mol_idx-in-all-generaetd-805,3.595041364473224
O14757_Pocket2Mol_idx-in-all-generaetd-806,3.801612873645219
O14757_Pocket2Mol_idx-in-all-generaetd-807,14.530437424579246
O14757_Pocket2Mol_idx-in-all-generaetd-808,9.761556994734375
O14757_Pocket2Mol_idx-in-all-generaetd-809,7.715179335818056
O14757_Pocket2Mol_idx-in-all-generaetd-810,8.30106009654856
O14757_Pocket2Mol_idx-in-all-generaetd-811,5.843327342739933
O14757_Pocket2Mol_idx-in-all-generaetd-812,2.5659593155016127
O14757_Pocket2Mol_idx-in-all-generaetd-813,8.177383573980899
O14757_Pocket2Mol_idx-in-all-generaetd-814,7.277221181925859
O14757_Pocket2Mol_idx-in-all-generaetd-815,8.836465735302603
O14757_Pocket2Mol_idx-in-all-generaetd-816,13.5670555537562
O14757_Pocket2Mol_idx-in-all-generaetd-817,3.980713598080587
O14757_Pocket2Mol_idx-in-all-generaetd-818,15.069581144014128
O14757_Pocket2Mol_idx-in-all-generaetd-819,10.042701305677639
O14757_Pocket2Mol_idx-in-all-generaetd-820,17.010507308641106
O14757_Pocket2Mol_idx-in-all-generaetd-821,4.960248620821031
O14757_Pocket2Mol_idx-in-all-generaetd-822,0.5563536152693556
O14757_Pocket2Mol_idx-in-all-generaetd-823,4.842978341160804
O14757_Pocket2Mol_idx-in-all-generaetd-824,13.325892702141953
O14757_Pocket2Mol_idx-in-all-generaetd-825,13.83094681721474
O14757_Pocket2Mol_idx-in-all-generaetd-826,3.8716227683675384
O14757_Pocket2Mol_idx-in-all-generaetd-827,7.32164604834297
O14757_Pocket2Mol_idx-in-all-generaetd-828,1.3008912799202696
O14757_Pocket2Mol_idx-in-all-generaetd-829,7.894059215621106
O14757_Pocket2Mol_idx-in-all-generaetd-830,8.733342749352595
O14757_Pocket2Mol_idx-in-all-generaetd-831,8.566924126428077
O14757_Pocket2Mol_idx-in-all-generaetd-832,6.812636053817054
O14757_Pocket2Mol_idx-in-all-generaetd-833,2.7703876330483492
O14757_Pocket2Mol_idx-in-all-generaetd-834,13.44524074721132
O14757_Pocket2Mol_idx-in-all-generaetd-835,8.401196151456165
O14757_Pocket2Mol_idx-in-all-generaetd-836,11.511369135756945
O14757_Pocket2Mol_idx-in-all-generaetd-837,9.879042697847325
O14757_Pocket2Mol_idx-in-all-generaetd-838,8.054423746623403
O14757_Pocket2Mol_idx-in-all-generaetd-839,7.147651782627294
O14757_Pocket2Mol_idx-in-all-generaetd-840,10.645023138540624
O14757_Pocket2Mol_idx-in-all-generaetd-841,11.077693524945541
O14757_Pocket2Mol_idx-in-all-generaetd-842,8.618137729113128
O14757_Pocket2Mol_idx-in-all-generaetd-843,8.920449866126654
O14757_Pocket2Mol_idx-in-all-generaetd-844,9.950610363421447
O14757_Pocket2Mol_idx-in-all-generaetd-845,10.13521261920727
O14757_Pocket2Mol_idx-in-all-generaetd-846,5.7791033516122265
O14757_Pocket2Mol_idx-in-all-generaetd-847,10.360920543258018
O14757_Pocket2Mol_idx-in-all-generaetd-848,8.697643082132902
O14757_Pocket2Mol_idx-in-all-generaetd-849,2.862062781486877
O14757_Pocket2Mol_idx-in-all-generaetd-850,8.305001595363517
O14757_Pocket2Mol_idx-in-all-generaetd-851,3.308822679512582
O14757_Pocket2Mol_idx-in-all-generaetd-852,10.258391959363205
O14757_Pocket2Mol_idx-in-all-generaetd-853,5.597822105275231
O14757_Pocket2Mol_idx-in-all-generaetd-854,5.016933064657661
O14757_Pocket2Mol_idx-in-all-generaetd-855,8.013037138331095
O14757_Pocket2Mol_idx-in-all-generaetd-856,9.741632340304989
O14757_Pocket2Mol_idx-in-all-generaetd-857,3.0852475452359522
O14757_Pocket2Mol_idx-in-all-generaetd-858,3.2119587434459556
O14757_Pocket2Mol_idx-in-all-generaetd-859,8.155655641356443
O14757_Pocket2Mol_idx-in-all-generaetd-860,6.388157778041182
O14757_Pocket2Mol_idx-in-all-generaetd-861,3.668580123306149
O14757_Pocket2Mol_idx-in-all-generaetd-862,5.2873429206086255
O14757_Pocket2Mol_idx-in-all-generaetd-863,7.628642636115373
O14757_Pocket2Mol_idx-in-all-generaetd-864,9.29191524453998
O14757_Pocket2Mol_idx-in-all-generaetd-865,2.1258002949043897
O14757_Pocket2Mol_idx-in-all-generaetd-866,0.6171765865247894
O14757_Pocket2Mol_idx-in-all-generaetd-867,1.047831052360507
O14757_Pocket2Mol_idx-in-all-generaetd-868,4.482447692128124
O14757_Pocket2Mol_idx-in-all-generaetd-869,9.390761526265273
O14757_Pocket2Mol_idx-in-all-generaetd-870,8.25330192791514
O14757_Pocket2Mol_idx-in-all-generaetd-871,2.9892995048095163
O14757_Pocket2Mol_idx-in-all-generaetd-872,4.40144798205653
O14757_Pocket2Mol_idx-in-all-generaetd-873,5.3623845978652325
O14757_Pocket2Mol_idx-in-all-generaetd-874,7.917837810477351
O14757_Pocket2Mol_idx-in-all-generaetd-875,10.242707672940941
O14757_Pocket2Mol_idx-in-all-generaetd-876,0.9517952507181288
O14757_Pocket2Mol_idx-in-all-generaetd-877,4.399360751487613
O14757_Pocket2Mol_idx-in-all-generaetd-878,9.609090418530208
O14757_Pocket2Mol_idx-in-all-generaetd-879,8.94583053059002
O14757_Pocket2Mol_idx-in-all-generaetd-880,6.802532438802654
O14757_Pocket2Mol_idx-in-all-generaetd-881,12.976223339665355
O14757_Pocket2Mol_idx-in-all-generaetd-882,7.003251648575605
O14757_Pocket2Mol_idx-in-all-generaetd-883,8.443398678126037
O14757_Pocket2Mol_idx-in-all-generaetd-884,11.294986255608423
O14757_Pocket2Mol_idx-in-all-generaetd-885,10.40705463332765
O14757_Pocket2Mol_idx-in-all-generaetd-886,4.2548079846832865
O14757_Pocket2Mol_idx-in-all-generaetd-887,11.605285042856872
O14757_Pocket2Mol_idx-in-all-generaetd-888,8.518786652513421
O14757_Pocket2Mol_idx-in-all-generaetd-889,2.505534796122098
O14757_Pocket2Mol_idx-in-all-generaetd-890,10.690378217627984
O14757_Pocket2Mol_idx-in-all-generaetd-891,10.033456768958834
O14757_Pocket2Mol_idx-in-all-generaetd-892,8.174536581423329
O14757_Pocket2Mol_idx-in-all-generaetd-893,3.4633429872386063
O14757_Pocket2Mol_idx-in-all-generaetd-894,13.046449723786216
O14757_Pocket2Mol_idx-in-all-generaetd-895,9.778944309544574
O14757_Pocket2Mol_idx-in-all-generaetd-896,10.962504980836322
O14757_Pocket2Mol_idx-in-all-generaetd-897,8.707377459784032
O14757_Pocket2Mol_idx-in-all-generaetd-898,10.459207420300729
O14757_Pocket2Mol_idx-in-all-generaetd-899,8.862740528768585
O14757_Pocket2Mol_idx-in-all-generaetd-900,5.807831599315303
O14757_Pocket2Mol_idx-in-all-generaetd-901,9.105874822233778
O14757_Pocket2Mol_idx-in-all-generaetd-902,9.102236104842273
O14757_Pocket2Mol_idx-in-all-generaetd-903,10.23506768923429
O14757_Pocket2Mol_idx-in-all-generaetd-904,11.216129469537007
O14757_Pocket2Mol_idx-in-all-generaetd-905,4.995510276235341
O14757_Pocket2Mol_idx-in-all-generaetd-906,11.676172598704522
O14757_Pocket2Mol_idx-in-all-generaetd-907,7.335238085263027
O14757_Pocket2Mol_idx-in-all-generaetd-908,4.337080639610213
O14757_Pocket2Mol_idx-in-all-generaetd-909,2.943397015636614
O14757_Pocket2Mol_idx-in-all-generaetd-910,8.97915963536168
O14757_Pocket2Mol_idx-in-all-generaetd-911,10.007989807817703
O14757_Pocket2Mol_idx-in-all-generaetd-912,
O14757_Pocket2Mol_idx-in-all-generaetd-913,3.5571269689555693
O14757_Pocket2Mol_idx-in-all-generaetd-914,10.18366769286716
O14757_Pocket2Mol_idx-in-all-generaetd-915,9.297281237444174
O14757_Pocket2Mol_idx-in-all-generaetd-916,15.265278537787108
O14757_Pocket2Mol_idx-in-all-generaetd-917,6.637837622628792
O14757_Pocket2Mol_idx-in-all-generaetd-918,2.380598647694067
O14757_Pocket2Mol_idx-in-all-generaetd-919,14.965812641702943
O14757_Pocket2Mol_idx-in-all-generaetd-920,11.339100826493995
O14757_Pocket2Mol_idx-in-all-generaetd-921,10.813516172091488
O14757_Pocket2Mol_idx-in-all-generaetd-922,14.57460450700609
O14757_Pocket2Mol_idx-in-all-generaetd-923,0.6363654965341802
O14757_Pocket2Mol_idx-in-all-generaetd-924,2.739772958006938
O14757_Pocket2Mol_idx-in-all-generaetd-925,
O14757_Pocket2Mol_idx-in-all-generaetd-926,7.2542653369101675
O14757_Pocket2Mol_idx-in-all-generaetd-927,11.688094867609465
O14757_Pocket2Mol_idx-in-all-generaetd-928,9.3640163210349
O14757_Pocket2Mol_idx-in-all-generaetd-929,10.577278412930355
O14757_Pocket2Mol_idx-in-all-generaetd-930,8.20217011279845
O14757_Pocket2Mol_idx-in-all-generaetd-931,2.580965313881389
O14757_Pocket2Mol_idx-in-all-generaetd-932,8.873116272451027
O14757_Pocket2Mol_idx-in-all-generaetd-933,9.020230237326365
O14757_Pocket2Mol_idx-in-all-generaetd-934,9.398115687292059
O14757_Pocket2Mol_idx-in-all-generaetd-935,11.85871104550426
O14757_Pocket2Mol_idx-in-all-generaetd-936,9.3402596670962
O14757_Pocket2Mol_idx-in-all-generaetd-937,1.623858970741138
O14757_Pocket2Mol_idx-in-all-generaetd-938,9.675691407476824
O14757_Pocket2Mol_idx-in-all-generaetd-939,16.166105765073265
O14757_Pocket2Mol_idx-in-all-generaetd-940,9.552519254700567
O14757_Pocket2Mol_idx-in-all-generaetd-941,8.452408857682894
O14757_Pocket2Mol_idx-in-all-generaetd-942,11.636470998453118
O14757_Pocket2Mol_idx-in-all-generaetd-943,9.697491519586757
O14757_Pocket2Mol_idx-in-all-generaetd-944,2.7397366641595373
O14757_Pocket2Mol_idx-in-all-generaetd-945,16.110311072760027
O14757_Pocket2Mol_idx-in-all-generaetd-946,
O14757_Pocket2Mol_idx-in-all-generaetd-947,5.251961124119829
O14757_Pocket2Mol_idx-in-all-generaetd-948,9.416956709653151
O14757_Pocket2Mol_idx-in-all-generaetd-949,13.039032228267663
O14757_Pocket2Mol_idx-in-all-generaetd-950,8.794330940182059
O14757_Pocket2Mol_idx-in-all-generaetd-951,1.8519835708477592
O14757_Pocket2Mol_idx-in-all-generaetd-952,11.697615484177089
O14757_Pocket2Mol_idx-in-all-generaetd-953,8.968937176322203
O14757_Pocket2Mol_idx-in-all-generaetd-954,9.989815277743126
O14757_Pocket2Mol_idx-in-all-generaetd-955,2.5884478716648602
O14757_Pocket2Mol_idx-in-all-generaetd-956,14.225244167851184
O14757_Pocket2Mol_idx-in-all-generaetd-957,8.27137683425681
O14757_Pocket2Mol_idx-in-all-generaetd-958,10.52977698185676
O14757_Pocket2Mol_idx-in-all-generaetd-959,
O14757_Pocket2Mol_idx-in-all-generaetd-960,12.449246521037333
O14757_Pocket2Mol_idx-in-all-generaetd-961,7.510740994057697
O14757_Pocket2Mol_idx-in-all-generaetd-962,3.06718230879323
O14757_Pocket2Mol_idx-in-all-generaetd-963,8.796825474880077
O14757_Pocket2Mol_idx-in-all-generaetd-964,3.526254145414632
O14757_Pocket2Mol_idx-in-all-generaetd-965,9.075208422957864
O14757_Pocket2Mol_idx-in-all-generaetd-966,1.032468232533317
O14757_Pocket2Mol_idx-in-all-generaetd-967,11.846849472258128
O14757_Pocket2Mol_idx-in-all-generaetd-968,12.40403699197938
O14757_Pocket2Mol_idx-in-all-generaetd-969,9.381417486541242
O14757_Pocket2Mol_idx-in-all-generaetd-970,4.196406187209755
O14757_Pocket2Mol_idx-in-all-generaetd-971,8.6749252521026
O14757_Pocket2Mol_idx-in-all-generaetd-972,3.6129006628467395
O14757_Pocket2Mol_idx-in-all-generaetd-973,7.273027207836464
O14757_Pocket2Mol_idx-in-all-generaetd-974,9.106701897463774
O14757_Pocket2Mol_idx-in-all-generaetd-975,2.7233633549188636
O14757_Pocket2Mol_idx-in-all-generaetd-976,2.4028402904668904
O14757_Pocket2Mol_idx-in-all-generaetd-977,9.105415047518433
O14757_Pocket2Mol_idx-in-all-generaetd-978,0.9896694967431107
O14757_Pocket2Mol_idx-in-all-generaetd-979,4.519797256769822
O14757_Pocket2Mol_idx-in-all-generaetd-980,9.595377696492339
O14757_Pocket2Mol_idx-in-all-generaetd-981,8.53715613248539
O14757_Pocket2Mol_idx-in-all-generaetd-982,6.548201302692352
O14757_Pocket2Mol_idx-in-all-generaetd-983,11.592420172547842
O14757_Pocket2Mol_idx-in-all-generaetd-984,9.92359257227109
O14757_Pocket2Mol_idx-in-all-generaetd-985,6.061027350909793
O14757_Pocket2Mol_idx-in-all-generaetd-986,15.32614905659836
O14757_Pocket2Mol_idx-in-all-generaetd-987,7.523431029899462
O14757_Pocket2Mol_idx-in-all-generaetd-988,14.005169505285306
O14757_Pocket2Mol_idx-in-all-generaetd-989,1.8785260236244186
O14757_Pocket2Mol_idx-in-all-generaetd-990,3.9358653274951756
O14757_Pocket2Mol_idx-in-all-generaetd-991,10.503254877124126
O14757_Pocket2Mol_idx-in-all-generaetd-992,6.382424764843385
O14757_Pocket2Mol_idx-in-all-generaetd-993,8.421603014636746
O14757_Pocket2Mol_idx-in-all-generaetd-994,10.01265833615512
O14757_Pocket2Mol_idx-in-all-generaetd-995,8.389740392690056
O14757_Pocket2Mol_idx-in-all-generaetd-996,5.994795145886204
O14757_Pocket2Mol_idx-in-all-generaetd-997,3.0362281080309
O14757_Pocket2Mol_idx-in-all-generaetd-998,4.103783739256321
O14757_Pocket2Mol_idx-in-all-generaetd-999,10.896059531142734
O14757_Pocket2Mol_idx-in-all-generaetd-1000,1.5083890904833648
O14757_Pocket2Mol_idx-in-all-generaetd-1001,1.7163992928119156
O14757_Pocket2Mol_idx-in-all-generaetd-1002,9.047072411479604
O14757_Pocket2Mol_idx-in-all-generaetd-1003,8.43657241203035
O14757_Pocket2Mol_idx-in-all-generaetd-1004,10.510596105594498
O14757_Pocket2Mol_idx-in-all-generaetd-1005,3.944853474631289
O14757_Pocket2Mol_idx-in-all-generaetd-1006,0.9470123064720812
O14757_Pocket2Mol_idx-in-all-generaetd-1007,3.3187858030126853
O14757_Pocket2Mol_idx-in-all-generaetd-1008,13.173934694805947
O14757_Pocket2Mol_idx-in-all-generaetd-1009,7.889809466449896
O14757_Pocket2Mol_idx-in-all-generaetd-1010,9.180994906799478
O14757_Pocket2Mol_idx-in-all-generaetd-1011,9.456555029723653
O14757_Pocket2Mol_idx-in-all-generaetd-1012,9.503288535615392
O14757_Pocket2Mol_idx-in-all-generaetd-1013,10.652651937278032
O14757_Pocket2Mol_idx-in-all-generaetd-1014,14.818842185968292
O14757_Pocket2Mol_idx-in-all-generaetd-1015,9.743339777994876
O14757_Pocket2Mol_idx-in-all-generaetd-1016,10.969805955549468
