idx,strain_energy
O14757_Pocket2Mol_idx-in-all-generaetd-0,363.64
O14757_Pocket2Mol_idx-in-all-generaetd-1,1242.01
O14757_Pocket2Mol_idx-in-all-generaetd-2,5834.320000000001
O14757_Pocket2Mol_idx-in-all-generaetd-3,622.71
O14757_Pocket2Mol_idx-in-all-generaetd-4,808.5699999999999
O14757_Pocket2Mol_idx-in-all-generaetd-5,842.79
O14757_Pocket2Mol_idx-in-all-generaetd-6,735.6300000000001
O14757_Pocket2Mol_idx-in-all-generaetd-7,513.38
O14757_Pocket2Mol_idx-in-all-generaetd-8,367.35
O14757_Pocket2Mol_idx-in-all-generaetd-9,1383.69
O14757_Pocket2Mol_idx-in-all-generaetd-10,737.46
O14757_Pocket2Mol_idx-in-all-generaetd-11,765.0699999999999
O14757_Pocket2Mol_idx-in-all-generaetd-12,739.84
O14757_Pocket2Mol_idx-in-all-generaetd-13,896.0600000000001
O14757_Pocket2Mol_idx-in-all-generaetd-14,299.04999999999995
O14757_Pocket2Mol_idx-in-all-generaetd-15,3857.15
O14757_Pocket2Mol_idx-in-all-generaetd-16,317.83000000000004
O14757_Pocket2Mol_idx-in-all-generaetd-17,713.48
O14757_Pocket2Mol_idx-in-all-generaetd-18,639.63
O14757_Pocket2Mol_idx-in-all-generaetd-19,3857.56
O14757_Pocket2Mol_idx-in-all-generaetd-20,322.52
O14757_Pocket2Mol_idx-in-all-generaetd-21,738.79
O14757_Pocket2Mol_idx-in-all-generaetd-22,1222.74
O14757_Pocket2Mol_idx-in-all-generaetd-23,1154.6
O14757_Pocket2Mol_idx-in-all-generaetd-24,1324.4
O14757_Pocket2Mol_idx-in-all-generaetd-25,626.23
O14757_Pocket2Mol_idx-in-all-generaetd-26,262.09
O14757_Pocket2Mol_idx-in-all-generaetd-27,741.24
O14757_Pocket2Mol_idx-in-all-generaetd-28,798.93
O14757_Pocket2Mol_idx-in-all-generaetd-29,353.59
O14757_Pocket2Mol_idx-in-all-generaetd-30,280.28
O14757_Pocket2Mol_idx-in-all-generaetd-31,731.47
O14757_Pocket2Mol_idx-in-all-generaetd-32,510.53000000000003
O14757_Pocket2Mol_idx-in-all-generaetd-33,3840.86
O14757_Pocket2Mol_idx-in-all-generaetd-34,633.55
O14757_Pocket2Mol_idx-in-all-generaetd-35,638.51
O14757_Pocket2Mol_idx-in-all-generaetd-36,141.74
O14757_Pocket2Mol_idx-in-all-generaetd-37,852.2199999999999
O14757_Pocket2Mol_idx-in-all-generaetd-38,1411.29
O14757_Pocket2Mol_idx-in-all-generaetd-39,3936.7599999999998
O14757_Pocket2Mol_idx-in-all-generaetd-40,1181.95
O14757_Pocket2Mol_idx-in-all-generaetd-41,717.03
O14757_Pocket2Mol_idx-in-all-generaetd-42,142.64000000000001
O14757_Pocket2Mol_idx-in-all-generaetd-43,47581.51
O14757_Pocket2Mol_idx-in-all-generaetd-44,297.2
O14757_Pocket2Mol_idx-in-all-generaetd-45,614.4000000000001
O14757_Pocket2Mol_idx-in-all-generaetd-46,722.95
O14757_Pocket2Mol_idx-in-all-generaetd-47,3997.43
O14757_Pocket2Mol_idx-in-all-generaetd-48,983.0
O14757_Pocket2Mol_idx-in-all-generaetd-49,300.22
O14757_Pocket2Mol_idx-in-all-generaetd-50,912.5
O14757_Pocket2Mol_idx-in-all-generaetd-51,713.3100000000001
O14757_Pocket2Mol_idx-in-all-generaetd-52,293.79
O14757_Pocket2Mol_idx-in-all-generaetd-53,775.02
O14757_Pocket2Mol_idx-in-all-generaetd-54,3869.67
O14757_Pocket2Mol_idx-in-all-generaetd-55,460.79999999999995
O14757_Pocket2Mol_idx-in-all-generaetd-56,813.17
O14757_Pocket2Mol_idx-in-all-generaetd-57,683.16
O14757_Pocket2Mol_idx-in-all-generaetd-58,
O14757_Pocket2Mol_idx-in-all-generaetd-59,538.7
O14757_Pocket2Mol_idx-in-all-generaetd-60,600.93
O14757_Pocket2Mol_idx-in-all-generaetd-61,404.03999999999996
O14757_Pocket2Mol_idx-in-all-generaetd-62,741.1199999999999
O14757_Pocket2Mol_idx-in-all-generaetd-63,673.32
O14757_Pocket2Mol_idx-in-all-generaetd-64,6850.2699999999995
O14757_Pocket2Mol_idx-in-all-generaetd-65,1170.1000000000001
O14757_Pocket2Mol_idx-in-all-generaetd-66,1271.17
O14757_Pocket2Mol_idx-in-all-generaetd-67,826.82
O14757_Pocket2Mol_idx-in-all-generaetd-68,758.2700000000001
O14757_Pocket2Mol_idx-in-all-generaetd-69,307.41999999999996
O14757_Pocket2Mol_idx-in-all-generaetd-70,646.94
O14757_Pocket2Mol_idx-in-all-generaetd-71,217.98999999999998
O14757_Pocket2Mol_idx-in-all-generaetd-72,347.12
O14757_Pocket2Mol_idx-in-all-generaetd-73,6689.3099999999995
O14757_Pocket2Mol_idx-in-all-generaetd-74,242.17000000000002
O14757_Pocket2Mol_idx-in-all-generaetd-75,724.48
O14757_Pocket2Mol_idx-in-all-generaetd-76,483.84
O14757_Pocket2Mol_idx-in-all-generaetd-77,454.19000000000005
O14757_Pocket2Mol_idx-in-all-generaetd-78,572.03
O14757_Pocket2Mol_idx-in-all-generaetd-79,846.97
O14757_Pocket2Mol_idx-in-all-generaetd-80,252.6
O14757_Pocket2Mol_idx-in-all-generaetd-81,676.25
O14757_Pocket2Mol_idx-in-all-generaetd-82,353.21
O14757_Pocket2Mol_idx-in-all-generaetd-83,877.65
O14757_Pocket2Mol_idx-in-all-generaetd-84,1054.0600000000002
O14757_Pocket2Mol_idx-in-all-generaetd-85,600.3900000000001
O14757_Pocket2Mol_idx-in-all-generaetd-86,459.07000000000005
O14757_Pocket2Mol_idx-in-all-generaetd-87,301.39
O14757_Pocket2Mol_idx-in-all-generaetd-88,2734.4199999999996
O14757_Pocket2Mol_idx-in-all-generaetd-89,594.3299999999999
O14757_Pocket2Mol_idx-in-all-generaetd-90,508.25
O14757_Pocket2Mol_idx-in-all-generaetd-91,1180.4199999999998
O14757_Pocket2Mol_idx-in-all-generaetd-92,583.3399999999999
O14757_Pocket2Mol_idx-in-all-generaetd-93,469.5400000000001
O14757_Pocket2Mol_idx-in-all-generaetd-94,543.17
O14757_Pocket2Mol_idx-in-all-generaetd-95,170.60999999999996
O14757_Pocket2Mol_idx-in-all-generaetd-96,466.01000000000005
O14757_Pocket2Mol_idx-in-all-generaetd-97,368.52000000000004
O14757_Pocket2Mol_idx-in-all-generaetd-98,1147.6599999999999
O14757_Pocket2Mol_idx-in-all-generaetd-99,830.47
O14757_Pocket2Mol_idx-in-all-generaetd-100,237.22
O14757_Pocket2Mol_idx-in-all-generaetd-101,611.95
O14757_Pocket2Mol_idx-in-all-generaetd-102,780.96
O14757_Pocket2Mol_idx-in-all-generaetd-103,324.80999999999995
O14757_Pocket2Mol_idx-in-all-generaetd-104,740.9000000000001
O14757_Pocket2Mol_idx-in-all-generaetd-105,1096.99
O14757_Pocket2Mol_idx-in-all-generaetd-106,1458.82
O14757_Pocket2Mol_idx-in-all-generaetd-107,227.42999999999998
O14757_Pocket2Mol_idx-in-all-generaetd-108,665.54
O14757_Pocket2Mol_idx-in-all-generaetd-109,494.92999999999995
O14757_Pocket2Mol_idx-in-all-generaetd-110,1373.27
O14757_Pocket2Mol_idx-in-all-generaetd-111,326.88
O14757_Pocket2Mol_idx-in-all-generaetd-112,700.0600000000001
O14757_Pocket2Mol_idx-in-all-generaetd-113,1148.8400000000001
O14757_Pocket2Mol_idx-in-all-generaetd-114,657.11
O14757_Pocket2Mol_idx-in-all-generaetd-115,706.15
O14757_Pocket2Mol_idx-in-all-generaetd-116,216.11999999999998
O14757_Pocket2Mol_idx-in-all-generaetd-117,1476.78
O14757_Pocket2Mol_idx-in-all-generaetd-118,753.3500000000001
O14757_Pocket2Mol_idx-in-all-generaetd-119,903.6
O14757_Pocket2Mol_idx-in-all-generaetd-120,1825.89
O14757_Pocket2Mol_idx-in-all-generaetd-121,797.18
O14757_Pocket2Mol_idx-in-all-generaetd-122,363.46
O14757_Pocket2Mol_idx-in-all-generaetd-123,1204.24
O14757_Pocket2Mol_idx-in-all-generaetd-124,428.09999999999997
O14757_Pocket2Mol_idx-in-all-generaetd-125,531.63
O14757_Pocket2Mol_idx-in-all-generaetd-126,375.11
O14757_Pocket2Mol_idx-in-all-generaetd-127,665.09
O14757_Pocket2Mol_idx-in-all-generaetd-128,318.85
O14757_Pocket2Mol_idx-in-all-generaetd-129,634.23
O14757_Pocket2Mol_idx-in-all-generaetd-130,284.41
O14757_Pocket2Mol_idx-in-all-generaetd-131,266.9
O14757_Pocket2Mol_idx-in-all-generaetd-132,1210.5900000000001
O14757_Pocket2Mol_idx-in-all-generaetd-133,351.09000000000003
O14757_Pocket2Mol_idx-in-all-generaetd-134,3937.6899999999996
O14757_Pocket2Mol_idx-in-all-generaetd-135,3912.94
O14757_Pocket2Mol_idx-in-all-generaetd-136,382.97999999999996
O14757_Pocket2Mol_idx-in-all-generaetd-137,345.24
O14757_Pocket2Mol_idx-in-all-generaetd-138,846.09
O14757_Pocket2Mol_idx-in-all-generaetd-139,753.53
O14757_Pocket2Mol_idx-in-all-generaetd-140,3846.91
O14757_Pocket2Mol_idx-in-all-generaetd-141,769.58
O14757_Pocket2Mol_idx-in-all-generaetd-142,815.61
O14757_Pocket2Mol_idx-in-all-generaetd-143,896.9100000000001
O14757_Pocket2Mol_idx-in-all-generaetd-144,491.21999999999997
O14757_Pocket2Mol_idx-in-all-generaetd-145,794.0899999999999
O14757_Pocket2Mol_idx-in-all-generaetd-146,256.26
O14757_Pocket2Mol_idx-in-all-generaetd-147,140.43
O14757_Pocket2Mol_idx-in-all-generaetd-148,579.0600000000001
O14757_Pocket2Mol_idx-in-all-generaetd-149,463.08000000000004
O14757_Pocket2Mol_idx-in-all-generaetd-150,809.57
O14757_Pocket2Mol_idx-in-all-generaetd-151,1240.1599999999999
O14757_Pocket2Mol_idx-in-all-generaetd-152,457.88
O14757_Pocket2Mol_idx-in-all-generaetd-153,1161.3200000000002
O14757_Pocket2Mol_idx-in-all-generaetd-154,265.69
O14757_Pocket2Mol_idx-in-all-generaetd-155,728.8299999999999
O14757_Pocket2Mol_idx-in-all-generaetd-156,251.29
O14757_Pocket2Mol_idx-in-all-generaetd-157,
O14757_Pocket2Mol_idx-in-all-generaetd-158,442.27000000000004
O14757_Pocket2Mol_idx-in-all-generaetd-159,757.12
O14757_Pocket2Mol_idx-in-all-generaetd-160,11232.310000000001
O14757_Pocket2Mol_idx-in-all-generaetd-161,353.37
O14757_Pocket2Mol_idx-in-all-generaetd-162,1166.39
O14757_Pocket2Mol_idx-in-all-generaetd-163,382.88
O14757_Pocket2Mol_idx-in-all-generaetd-164,1119.1599999999999
O14757_Pocket2Mol_idx-in-all-generaetd-165,642.88
O14757_Pocket2Mol_idx-in-all-generaetd-166,793.77
O14757_Pocket2Mol_idx-in-all-generaetd-167,735.75
O14757_Pocket2Mol_idx-in-all-generaetd-168,731.9100000000001
O14757_Pocket2Mol_idx-in-all-generaetd-169,398.99
O14757_Pocket2Mol_idx-in-all-generaetd-170,761.2800000000001
O14757_Pocket2Mol_idx-in-all-generaetd-171,523.1500000000001
O14757_Pocket2Mol_idx-in-all-generaetd-172,409.73
O14757_Pocket2Mol_idx-in-all-generaetd-173,447.5
O14757_Pocket2Mol_idx-in-all-generaetd-174,1117.8600000000001
O14757_Pocket2Mol_idx-in-all-generaetd-175,235.41000000000003
O14757_Pocket2Mol_idx-in-all-generaetd-176,1132.4499999999998
O14757_Pocket2Mol_idx-in-all-generaetd-177,306.67999999999995
O14757_Pocket2Mol_idx-in-all-generaetd-178,329.01
O14757_Pocket2Mol_idx-in-all-generaetd-179,265.53
O14757_Pocket2Mol_idx-in-all-generaetd-180,1366.95
O14757_Pocket2Mol_idx-in-all-generaetd-181,267.88
O14757_Pocket2Mol_idx-in-all-generaetd-182,1251.74
O14757_Pocket2Mol_idx-in-all-generaetd-183,255.37
O14757_Pocket2Mol_idx-in-all-generaetd-184,409.87
O14757_Pocket2Mol_idx-in-all-generaetd-185,544.38
O14757_Pocket2Mol_idx-in-all-generaetd-186,439.25
O14757_Pocket2Mol_idx-in-all-generaetd-187,321.89
O14757_Pocket2Mol_idx-in-all-generaetd-188,481.31
O14757_Pocket2Mol_idx-in-all-generaetd-189,455.29
O14757_Pocket2Mol_idx-in-all-generaetd-190,346.96000000000004
O14757_Pocket2Mol_idx-in-all-generaetd-191,389.18
O14757_Pocket2Mol_idx-in-all-generaetd-192,1170.39
O14757_Pocket2Mol_idx-in-all-generaetd-193,711.02
O14757_Pocket2Mol_idx-in-all-generaetd-194,469.01
O14757_Pocket2Mol_idx-in-all-generaetd-195,259.32
O14757_Pocket2Mol_idx-in-all-generaetd-196,784.4300000000001
O14757_Pocket2Mol_idx-in-all-generaetd-197,735.46
O14757_Pocket2Mol_idx-in-all-generaetd-198,6793.38
O14757_Pocket2Mol_idx-in-all-generaetd-199,314.69
O14757_Pocket2Mol_idx-in-all-generaetd-200,185.55
O14757_Pocket2Mol_idx-in-all-generaetd-201,1427.45
O14757_Pocket2Mol_idx-in-all-generaetd-202,833.3900000000001
O14757_Pocket2Mol_idx-in-all-generaetd-203,550.76
O14757_Pocket2Mol_idx-in-all-generaetd-204,247.89
O14757_Pocket2Mol_idx-in-all-generaetd-205,914.8399999999999
O14757_Pocket2Mol_idx-in-all-generaetd-206,776.6600000000001
O14757_Pocket2Mol_idx-in-all-generaetd-207,1152.73
O14757_Pocket2Mol_idx-in-all-generaetd-208,567.3000000000001
O14757_Pocket2Mol_idx-in-all-generaetd-209,235.45
O14757_Pocket2Mol_idx-in-all-generaetd-210,525.73
O14757_Pocket2Mol_idx-in-all-generaetd-211,1170.6
O14757_Pocket2Mol_idx-in-all-generaetd-212,778.06
O14757_Pocket2Mol_idx-in-all-generaetd-213,264.81
O14757_Pocket2Mol_idx-in-all-generaetd-214,2939.71
O14757_Pocket2Mol_idx-in-all-generaetd-215,535.3
O14757_Pocket2Mol_idx-in-all-generaetd-216,443.42999999999995
O14757_Pocket2Mol_idx-in-all-generaetd-217,347.27000000000004
O14757_Pocket2Mol_idx-in-all-generaetd-218,710.99
O14757_Pocket2Mol_idx-in-all-generaetd-219,882.0999999999999
O14757_Pocket2Mol_idx-in-all-generaetd-220,534.1800000000001
O14757_Pocket2Mol_idx-in-all-generaetd-221,601.87
O14757_Pocket2Mol_idx-in-all-generaetd-222,523.3000000000001
O14757_Pocket2Mol_idx-in-all-generaetd-223,367.28999999999996
O14757_Pocket2Mol_idx-in-all-generaetd-224,879.52
O14757_Pocket2Mol_idx-in-all-generaetd-225,6697.91
O14757_Pocket2Mol_idx-in-all-generaetd-226,1178.91
O14757_Pocket2Mol_idx-in-all-generaetd-227,714.79
O14757_Pocket2Mol_idx-in-all-generaetd-228,267.45000000000005
O14757_Pocket2Mol_idx-in-all-generaetd-229,229.2
O14757_Pocket2Mol_idx-in-all-generaetd-230,176.14000000000001
O14757_Pocket2Mol_idx-in-all-generaetd-231,738.79
O14757_Pocket2Mol_idx-in-all-generaetd-232,956.74
O14757_Pocket2Mol_idx-in-all-generaetd-233,410.78
O14757_Pocket2Mol_idx-in-all-generaetd-234,592.83
O14757_Pocket2Mol_idx-in-all-generaetd-235,710.92
O14757_Pocket2Mol_idx-in-all-generaetd-236,234.99
O14757_Pocket2Mol_idx-in-all-generaetd-237,1234.63
O14757_Pocket2Mol_idx-in-all-generaetd-238,526.1899999999999
O14757_Pocket2Mol_idx-in-all-generaetd-239,286.39
O14757_Pocket2Mol_idx-in-all-generaetd-240,608.56
O14757_Pocket2Mol_idx-in-all-generaetd-241,808.64
O14757_Pocket2Mol_idx-in-all-generaetd-242,377.28
O14757_Pocket2Mol_idx-in-all-generaetd-243,464.09
O14757_Pocket2Mol_idx-in-all-generaetd-244,1234.73
O14757_Pocket2Mol_idx-in-all-generaetd-245,122.87
O14757_Pocket2Mol_idx-in-all-generaetd-246,864.4000000000001
O14757_Pocket2Mol_idx-in-all-generaetd-247,718.0899999999999
O14757_Pocket2Mol_idx-in-all-generaetd-248,266.40000000000003
O14757_Pocket2Mol_idx-in-all-generaetd-249,383.69
O14757_Pocket2Mol_idx-in-all-generaetd-250,3869.42
O14757_Pocket2Mol_idx-in-all-generaetd-251,805.46
O14757_Pocket2Mol_idx-in-all-generaetd-252,204.38
O14757_Pocket2Mol_idx-in-all-generaetd-253,519.69
O14757_Pocket2Mol_idx-in-all-generaetd-254,795.47
O14757_Pocket2Mol_idx-in-all-generaetd-255,3860.2000000000003
O14757_Pocket2Mol_idx-in-all-generaetd-256,280.67999999999995
O14757_Pocket2Mol_idx-in-all-generaetd-257,249.9
O14757_Pocket2Mol_idx-in-all-generaetd-258,245.48000000000002
O14757_Pocket2Mol_idx-in-all-generaetd-259,352.49
O14757_Pocket2Mol_idx-in-all-generaetd-260,347.57
O14757_Pocket2Mol_idx-in-all-generaetd-261,1402.71
O14757_Pocket2Mol_idx-in-all-generaetd-262,474.69999999999993
O14757_Pocket2Mol_idx-in-all-generaetd-263,814.4100000000001
O14757_Pocket2Mol_idx-in-all-generaetd-264,443.65000000000003
O14757_Pocket2Mol_idx-in-all-generaetd-265,748.5899999999999
O14757_Pocket2Mol_idx-in-all-generaetd-266,315.74
O14757_Pocket2Mol_idx-in-all-generaetd-267,374.09999999999997
O14757_Pocket2Mol_idx-in-all-generaetd-268,775.74
O14757_Pocket2Mol_idx-in-all-generaetd-269,340.89
O14757_Pocket2Mol_idx-in-all-generaetd-270,298.47999999999996
O14757_Pocket2Mol_idx-in-all-generaetd-271,886.24
O14757_Pocket2Mol_idx-in-all-generaetd-272,486.78999999999996
O14757_Pocket2Mol_idx-in-all-generaetd-273,847.4200000000001
O14757_Pocket2Mol_idx-in-all-generaetd-274,732.65
O14757_Pocket2Mol_idx-in-all-generaetd-275,517.8
O14757_Pocket2Mol_idx-in-all-generaetd-276,390.56
O14757_Pocket2Mol_idx-in-all-generaetd-277,3817.0299999999997
O14757_Pocket2Mol_idx-in-all-generaetd-278,586.38
O14757_Pocket2Mol_idx-in-all-generaetd-279,604.55
O14757_Pocket2Mol_idx-in-all-generaetd-280,580.37
O14757_Pocket2Mol_idx-in-all-generaetd-281,264.64
O14757_Pocket2Mol_idx-in-all-generaetd-282,508.72
O14757_Pocket2Mol_idx-in-all-generaetd-283,641.77
O14757_Pocket2Mol_idx-in-all-generaetd-284,726.1700000000001
O14757_Pocket2Mol_idx-in-all-generaetd-285,297.03999999999996
O14757_Pocket2Mol_idx-in-all-generaetd-286,6752.64
O14757_Pocket2Mol_idx-in-all-generaetd-287,6734.99
O14757_Pocket2Mol_idx-in-all-generaetd-288,699.31
O14757_Pocket2Mol_idx-in-all-generaetd-289,732.5
O14757_Pocket2Mol_idx-in-all-generaetd-290,1354.3200000000002
O14757_Pocket2Mol_idx-in-all-generaetd-291,822.22
O14757_Pocket2Mol_idx-in-all-generaetd-292,773.1700000000001
O14757_Pocket2Mol_idx-in-all-generaetd-293,14140.230000000001
O14757_Pocket2Mol_idx-in-all-generaetd-294,230.95
O14757_Pocket2Mol_idx-in-all-generaetd-295,642.1800000000001
O14757_Pocket2Mol_idx-in-all-generaetd-296,6735.17
O14757_Pocket2Mol_idx-in-all-generaetd-297,766.6999999999999
O14757_Pocket2Mol_idx-in-all-generaetd-298,471.98
O14757_Pocket2Mol_idx-in-all-generaetd-299,957.54
O14757_Pocket2Mol_idx-in-all-generaetd-300,902.1800000000001
O14757_Pocket2Mol_idx-in-all-generaetd-301,808.43
O14757_Pocket2Mol_idx-in-all-generaetd-302,487.0899999999999
O14757_Pocket2Mol_idx-in-all-generaetd-303,623.04
O14757_Pocket2Mol_idx-in-all-generaetd-304,1175.17
O14757_Pocket2Mol_idx-in-all-generaetd-305,866.94
O14757_Pocket2Mol_idx-in-all-generaetd-306,1354.53
O14757_Pocket2Mol_idx-in-all-generaetd-307,750.4399999999999
O14757_Pocket2Mol_idx-in-all-generaetd-308,792.53
O14757_Pocket2Mol_idx-in-all-generaetd-309,701.49
O14757_Pocket2Mol_idx-in-all-generaetd-310,1084.55
O14757_Pocket2Mol_idx-in-all-generaetd-311,738.06
O14757_Pocket2Mol_idx-in-all-generaetd-312,475.53000000000003
O14757_Pocket2Mol_idx-in-all-generaetd-313,1184.06
O14757_Pocket2Mol_idx-in-all-generaetd-314,920.98
O14757_Pocket2Mol_idx-in-all-generaetd-315,14176.51
O14757_Pocket2Mol_idx-in-all-generaetd-316,730.0899999999999
O14757_Pocket2Mol_idx-in-all-generaetd-317,1150.6100000000001
O14757_Pocket2Mol_idx-in-all-generaetd-318,545.99
O14757_Pocket2Mol_idx-in-all-generaetd-319,440.70000000000005
O14757_Pocket2Mol_idx-in-all-generaetd-320,1251.09
O14757_Pocket2Mol_idx-in-all-generaetd-321,593.6800000000001
O14757_Pocket2Mol_idx-in-all-generaetd-322,412.68
O14757_Pocket2Mol_idx-in-all-generaetd-323,265.69
O14757_Pocket2Mol_idx-in-all-generaetd-324,478.5799999999999
O14757_Pocket2Mol_idx-in-all-generaetd-325,904.4499999999999
O14757_Pocket2Mol_idx-in-all-generaetd-326,769.6099999999999
O14757_Pocket2Mol_idx-in-all-generaetd-327,727.9200000000001
O14757_Pocket2Mol_idx-in-all-generaetd-328,746.46
O14757_Pocket2Mol_idx-in-all-generaetd-329,449.09
O14757_Pocket2Mol_idx-in-all-generaetd-330,540.1400000000001
O14757_Pocket2Mol_idx-in-all-generaetd-331,772.86
O14757_Pocket2Mol_idx-in-all-generaetd-332,1228.8799999999999
O14757_Pocket2Mol_idx-in-all-generaetd-333,1151.0
O14757_Pocket2Mol_idx-in-all-generaetd-334,1156.02
O14757_Pocket2Mol_idx-in-all-generaetd-335,536.25
O14757_Pocket2Mol_idx-in-all-generaetd-336,1178.75
O14757_Pocket2Mol_idx-in-all-generaetd-337,720.03
O14757_Pocket2Mol_idx-in-all-generaetd-338,3879.71
O14757_Pocket2Mol_idx-in-all-generaetd-339,502.21000000000004
O14757_Pocket2Mol_idx-in-all-generaetd-340,522.64
O14757_Pocket2Mol_idx-in-all-generaetd-341,590.19
O14757_Pocket2Mol_idx-in-all-generaetd-342,930.18
O14757_Pocket2Mol_idx-in-all-generaetd-343,628.0699999999999
O14757_Pocket2Mol_idx-in-all-generaetd-344,429.7
O14757_Pocket2Mol_idx-in-all-generaetd-345,261.36
O14757_Pocket2Mol_idx-in-all-generaetd-346,670.18
O14757_Pocket2Mol_idx-in-all-generaetd-347,277.12
O14757_Pocket2Mol_idx-in-all-generaetd-348,745.74
O14757_Pocket2Mol_idx-in-all-generaetd-349,601.83
O14757_Pocket2Mol_idx-in-all-generaetd-350,683.19
O14757_Pocket2Mol_idx-in-all-generaetd-351,262.49
O14757_Pocket2Mol_idx-in-all-generaetd-352,645.6700000000001
O14757_Pocket2Mol_idx-in-all-generaetd-353,517.9300000000001
O14757_Pocket2Mol_idx-in-all-generaetd-354,283.07
O14757_Pocket2Mol_idx-in-all-generaetd-355,236.79999999999998
O14757_Pocket2Mol_idx-in-all-generaetd-356,615.2
O14757_Pocket2Mol_idx-in-all-generaetd-357,425.14
O14757_Pocket2Mol_idx-in-all-generaetd-358,2936.16
O14757_Pocket2Mol_idx-in-all-generaetd-359,1178.25
O14757_Pocket2Mol_idx-in-all-generaetd-360,3911.93
O14757_Pocket2Mol_idx-in-all-generaetd-361,622.88
O14757_Pocket2Mol_idx-in-all-generaetd-362,288.85
O14757_Pocket2Mol_idx-in-all-generaetd-363,373.31
O14757_Pocket2Mol_idx-in-all-generaetd-364,727.8199999999999
O14757_Pocket2Mol_idx-in-all-generaetd-365,296.06
O14757_Pocket2Mol_idx-in-all-generaetd-366,353.64
O14757_Pocket2Mol_idx-in-all-generaetd-367,471.82000000000005
O14757_Pocket2Mol_idx-in-all-generaetd-368,618.18
O14757_Pocket2Mol_idx-in-all-generaetd-369,1172.8
O14757_Pocket2Mol_idx-in-all-generaetd-370,523.78
O14757_Pocket2Mol_idx-in-all-generaetd-371,1147.1799999999998
O14757_Pocket2Mol_idx-in-all-generaetd-372,806.46
O14757_Pocket2Mol_idx-in-all-generaetd-373,523.9300000000001
O14757_Pocket2Mol_idx-in-all-generaetd-374,3900.68
O14757_Pocket2Mol_idx-in-all-generaetd-375,492.28999999999996
O14757_Pocket2Mol_idx-in-all-generaetd-376,732.8199999999999
O14757_Pocket2Mol_idx-in-all-generaetd-377,743.03
O14757_Pocket2Mol_idx-in-all-generaetd-378,227.84000000000003
O14757_Pocket2Mol_idx-in-all-generaetd-379,685.9100000000001
O14757_Pocket2Mol_idx-in-all-generaetd-380,19090.45
O14757_Pocket2Mol_idx-in-all-generaetd-381,3954.13
O14757_Pocket2Mol_idx-in-all-generaetd-382,497.51
O14757_Pocket2Mol_idx-in-all-generaetd-383,315.39
O14757_Pocket2Mol_idx-in-all-generaetd-384,427.81
O14757_Pocket2Mol_idx-in-all-generaetd-385,3859.54
O14757_Pocket2Mol_idx-in-all-generaetd-386,788.76
O14757_Pocket2Mol_idx-in-all-generaetd-387,271.62
O14757_Pocket2Mol_idx-in-all-generaetd-388,1768.8600000000001
O14757_Pocket2Mol_idx-in-all-generaetd-389,1187.58
O14757_Pocket2Mol_idx-in-all-generaetd-390,547.74
O14757_Pocket2Mol_idx-in-all-generaetd-391,519.34
O14757_Pocket2Mol_idx-in-all-generaetd-392,256.34000000000003
O14757_Pocket2Mol_idx-in-all-generaetd-393,727.78
O14757_Pocket2Mol_idx-in-all-generaetd-394,430.84999999999997
O14757_Pocket2Mol_idx-in-all-generaetd-395,786.4499999999999
O14757_Pocket2Mol_idx-in-all-generaetd-396,635.47
O14757_Pocket2Mol_idx-in-all-generaetd-397,14296.550000000001
O14757_Pocket2Mol_idx-in-all-generaetd-398,2173.6
O14757_Pocket2Mol_idx-in-all-generaetd-399,598.5
O14757_Pocket2Mol_idx-in-all-generaetd-400,632.6600000000001
O14757_Pocket2Mol_idx-in-all-generaetd-401,834.0899999999999
O14757_Pocket2Mol_idx-in-all-generaetd-402,237.78000000000003
O14757_Pocket2Mol_idx-in-all-generaetd-403,330.3
O14757_Pocket2Mol_idx-in-all-generaetd-404,619.0200000000001
O14757_Pocket2Mol_idx-in-all-generaetd-405,1073.84
O14757_Pocket2Mol_idx-in-all-generaetd-406,851.1600000000001
O14757_Pocket2Mol_idx-in-all-generaetd-407,927.7299999999999
O14757_Pocket2Mol_idx-in-all-generaetd-408,740.75
O14757_Pocket2Mol_idx-in-all-generaetd-409,790.5
O14757_Pocket2Mol_idx-in-all-generaetd-410,566.01
O14757_Pocket2Mol_idx-in-all-generaetd-411,812.17
O14757_Pocket2Mol_idx-in-all-generaetd-412,606.33
O14757_Pocket2Mol_idx-in-all-generaetd-413,747.07
O14757_Pocket2Mol_idx-in-all-generaetd-414,3932.84
O14757_Pocket2Mol_idx-in-all-generaetd-415,436.40000000000003
O14757_Pocket2Mol_idx-in-all-generaetd-416,306.56
O14757_Pocket2Mol_idx-in-all-generaetd-417,249.71
O14757_Pocket2Mol_idx-in-all-generaetd-418,450.92999999999995
O14757_Pocket2Mol_idx-in-all-generaetd-419,924.4
O14757_Pocket2Mol_idx-in-all-generaetd-420,314.33000000000004
O14757_Pocket2Mol_idx-in-all-generaetd-421,751.54
O14757_Pocket2Mol_idx-in-all-generaetd-422,310.79999999999995
O14757_Pocket2Mol_idx-in-all-generaetd-423,488.78
O14757_Pocket2Mol_idx-in-all-generaetd-424,795.3199999999999
O14757_Pocket2Mol_idx-in-all-generaetd-425,4029.03
O14757_Pocket2Mol_idx-in-all-generaetd-426,703.35
O14757_Pocket2Mol_idx-in-all-generaetd-427,251.22000000000003
O14757_Pocket2Mol_idx-in-all-generaetd-428,633.8699999999999
O14757_Pocket2Mol_idx-in-all-generaetd-429,192.21999999999997
O14757_Pocket2Mol_idx-in-all-generaetd-430,816.1700000000001
O14757_Pocket2Mol_idx-in-all-generaetd-431,770.29
O14757_Pocket2Mol_idx-in-all-generaetd-432,441.11
O14757_Pocket2Mol_idx-in-all-generaetd-433,11248.32
O14757_Pocket2Mol_idx-in-all-generaetd-434,277.76
O14757_Pocket2Mol_idx-in-all-generaetd-435,1294.5500000000002
O14757_Pocket2Mol_idx-in-all-generaetd-436,442.71000000000004
O14757_Pocket2Mol_idx-in-all-generaetd-437,481.31
O14757_Pocket2Mol_idx-in-all-generaetd-438,719.26
O14757_Pocket2Mol_idx-in-all-generaetd-439,704.8399999999999
O14757_Pocket2Mol_idx-in-all-generaetd-440,409.26000000000005
O14757_Pocket2Mol_idx-in-all-generaetd-441,1221.99
O14757_Pocket2Mol_idx-in-all-generaetd-442,139.41
O14757_Pocket2Mol_idx-in-all-generaetd-443,803.48
O14757_Pocket2Mol_idx-in-all-generaetd-444,492.61
O14757_Pocket2Mol_idx-in-all-generaetd-445,799.1800000000001
O14757_Pocket2Mol_idx-in-all-generaetd-446,311.66999999999996
O14757_Pocket2Mol_idx-in-all-generaetd-447,1412.81
O14757_Pocket2Mol_idx-in-all-generaetd-448,332.51
O14757_Pocket2Mol_idx-in-all-generaetd-449,262.06000000000006
O14757_Pocket2Mol_idx-in-all-generaetd-450,815.1899999999998
O14757_Pocket2Mol_idx-in-all-generaetd-451,307.69
O14757_Pocket2Mol_idx-in-all-generaetd-452,788.44
O14757_Pocket2Mol_idx-in-all-generaetd-453,659.0799999999999
O14757_Pocket2Mol_idx-in-all-generaetd-454,3956.9
O14757_Pocket2Mol_idx-in-all-generaetd-455,742.85
O14757_Pocket2Mol_idx-in-all-generaetd-456,357.81
O14757_Pocket2Mol_idx-in-all-generaetd-457,782.6999999999999
O14757_Pocket2Mol_idx-in-all-generaetd-458,1021.1200000000001
O14757_Pocket2Mol_idx-in-all-generaetd-459,268.52
O14757_Pocket2Mol_idx-in-all-generaetd-460,1432.8700000000001
O14757_Pocket2Mol_idx-in-all-generaetd-461,376.55
O14757_Pocket2Mol_idx-in-all-generaetd-462,460759.32
O14757_Pocket2Mol_idx-in-all-generaetd-463,1168.17
O14757_Pocket2Mol_idx-in-all-generaetd-464,501.8299999999999
O14757_Pocket2Mol_idx-in-all-generaetd-465,832.78
O14757_Pocket2Mol_idx-in-all-generaetd-466,453.25
O14757_Pocket2Mol_idx-in-all-generaetd-467,1341.5
O14757_Pocket2Mol_idx-in-all-generaetd-468,450.07
O14757_Pocket2Mol_idx-in-all-generaetd-469,771.61
O14757_Pocket2Mol_idx-in-all-generaetd-470,1138.8500000000001
O14757_Pocket2Mol_idx-in-all-generaetd-471,1460.3600000000001
O14757_Pocket2Mol_idx-in-all-generaetd-472,451.25
O14757_Pocket2Mol_idx-in-all-generaetd-473,752.95
O14757_Pocket2Mol_idx-in-all-generaetd-474,14162.85
O14757_Pocket2Mol_idx-in-all-generaetd-475,1147.19
O14757_Pocket2Mol_idx-in-all-generaetd-476,656.63
O14757_Pocket2Mol_idx-in-all-generaetd-477,673.72
O14757_Pocket2Mol_idx-in-all-generaetd-478,979.3
O14757_Pocket2Mol_idx-in-all-generaetd-479,605.2700000000001
O14757_Pocket2Mol_idx-in-all-generaetd-480,651.6800000000001
O14757_Pocket2Mol_idx-in-all-generaetd-481,13089.02
O14757_Pocket2Mol_idx-in-all-generaetd-482,276.57
O14757_Pocket2Mol_idx-in-all-generaetd-483,679.46
O14757_Pocket2Mol_idx-in-all-generaetd-484,761.08
O14757_Pocket2Mol_idx-in-all-generaetd-485,720.37
O14757_Pocket2Mol_idx-in-all-generaetd-486,828.04
O14757_Pocket2Mol_idx-in-all-generaetd-487,272.79999999999995
O14757_Pocket2Mol_idx-in-all-generaetd-488,480.73
O14757_Pocket2Mol_idx-in-all-generaetd-489,248.32
O14757_Pocket2Mol_idx-in-all-generaetd-490,452.27
O14757_Pocket2Mol_idx-in-all-generaetd-491,791.9399999999999
O14757_Pocket2Mol_idx-in-all-generaetd-492,843.03
O14757_Pocket2Mol_idx-in-all-generaetd-493,648.23
O14757_Pocket2Mol_idx-in-all-generaetd-494,780.53
O14757_Pocket2Mol_idx-in-all-generaetd-495,3907.71
O14757_Pocket2Mol_idx-in-all-generaetd-496,121.67999999999999
O14757_Pocket2Mol_idx-in-all-generaetd-497,830.21
O14757_Pocket2Mol_idx-in-all-generaetd-498,719.5600000000001
O14757_Pocket2Mol_idx-in-all-generaetd-499,123.49000000000001
O14757_Pocket2Mol_idx-in-all-generaetd-500,778.12
O14757_Pocket2Mol_idx-in-all-generaetd-501,481.08
O14757_Pocket2Mol_idx-in-all-generaetd-502,1203.99
O14757_Pocket2Mol_idx-in-all-generaetd-503,398.97999999999996
O14757_Pocket2Mol_idx-in-all-generaetd-504,632.3
O14757_Pocket2Mol_idx-in-all-generaetd-505,1143.3600000000001
O14757_Pocket2Mol_idx-in-all-generaetd-506,440.68000000000006
O14757_Pocket2Mol_idx-in-all-generaetd-507,356.01
O14757_Pocket2Mol_idx-in-all-generaetd-508,448.21000000000004
O14757_Pocket2Mol_idx-in-all-generaetd-509,278.05
O14757_Pocket2Mol_idx-in-all-generaetd-510,3938.38
O14757_Pocket2Mol_idx-in-all-generaetd-511,1280.23
O14757_Pocket2Mol_idx-in-all-generaetd-512,771.57
O14757_Pocket2Mol_idx-in-all-generaetd-513,288.68999999999994
O14757_Pocket2Mol_idx-in-all-generaetd-514,199.34
O14757_Pocket2Mol_idx-in-all-generaetd-515,659.95
O14757_Pocket2Mol_idx-in-all-generaetd-516,253.9
O14757_Pocket2Mol_idx-in-all-generaetd-517,755.54
O14757_Pocket2Mol_idx-in-all-generaetd-518,2070.0899999999997
O14757_Pocket2Mol_idx-in-all-generaetd-519,1138.5
O14757_Pocket2Mol_idx-in-all-generaetd-520,746.25
O14757_Pocket2Mol_idx-in-all-generaetd-521,816.7100000000002
O14757_Pocket2Mol_idx-in-all-generaetd-522,744.1199999999999
O14757_Pocket2Mol_idx-in-all-generaetd-523,268.64
O14757_Pocket2Mol_idx-in-all-generaetd-524,756.0
O14757_Pocket2Mol_idx-in-all-generaetd-525,745.15
O14757_Pocket2Mol_idx-in-all-generaetd-526,532.98
O14757_Pocket2Mol_idx-in-all-generaetd-527,817.25
O14757_Pocket2Mol_idx-in-all-generaetd-528,2331.33
O14757_Pocket2Mol_idx-in-all-generaetd-529,268.28
O14757_Pocket2Mol_idx-in-all-generaetd-530,885.98
O14757_Pocket2Mol_idx-in-all-generaetd-531,745.8100000000001
O14757_Pocket2Mol_idx-in-all-generaetd-532,835.27
O14757_Pocket2Mol_idx-in-all-generaetd-533,868.14
O14757_Pocket2Mol_idx-in-all-generaetd-534,912.48
O14757_Pocket2Mol_idx-in-all-generaetd-535,296.45000000000005
O14757_Pocket2Mol_idx-in-all-generaetd-536,800.08
O14757_Pocket2Mol_idx-in-all-generaetd-537,282.37
O14757_Pocket2Mol_idx-in-all-generaetd-538,333.79
O14757_Pocket2Mol_idx-in-all-generaetd-539,270.7
O14757_Pocket2Mol_idx-in-all-generaetd-540,299.18
O14757_Pocket2Mol_idx-in-all-generaetd-541,319.93999999999994
O14757_Pocket2Mol_idx-in-all-generaetd-542,1868.89
O14757_Pocket2Mol_idx-in-all-generaetd-543,268.86
O14757_Pocket2Mol_idx-in-all-generaetd-544,675.8499999999999
O14757_Pocket2Mol_idx-in-all-generaetd-545,956.51
O14757_Pocket2Mol_idx-in-all-generaetd-546,298.53000000000003
O14757_Pocket2Mol_idx-in-all-generaetd-547,281724.99000000005
O14757_Pocket2Mol_idx-in-all-generaetd-548,6662.36
O14757_Pocket2Mol_idx-in-all-generaetd-549,853.0799999999999
O14757_Pocket2Mol_idx-in-all-generaetd-550,533.4799999999999
O14757_Pocket2Mol_idx-in-all-generaetd-551,812.45
O14757_Pocket2Mol_idx-in-all-generaetd-552,435.63
O14757_Pocket2Mol_idx-in-all-generaetd-553,25584.68
O14757_Pocket2Mol_idx-in-all-generaetd-554,240.23
O14757_Pocket2Mol_idx-in-all-generaetd-555,283.55
O14757_Pocket2Mol_idx-in-all-generaetd-556,916.42
O14757_Pocket2Mol_idx-in-all-generaetd-557,627.92
O14757_Pocket2Mol_idx-in-all-generaetd-558,3888.3
O14757_Pocket2Mol_idx-in-all-generaetd-559,738.76
O14757_Pocket2Mol_idx-in-all-generaetd-560,906.67
O14757_Pocket2Mol_idx-in-all-generaetd-561,835.41
O14757_Pocket2Mol_idx-in-all-generaetd-562,6681.280000000001
O14757_Pocket2Mol_idx-in-all-generaetd-563,917.8899999999999
O14757_Pocket2Mol_idx-in-all-generaetd-564,481.38000000000005
O14757_Pocket2Mol_idx-in-all-generaetd-565,572.48
O14757_Pocket2Mol_idx-in-all-generaetd-566,778.63
O14757_Pocket2Mol_idx-in-all-generaetd-567,700.0899999999999
O14757_Pocket2Mol_idx-in-all-generaetd-568,363.01
O14757_Pocket2Mol_idx-in-all-generaetd-569,1164.94
O14757_Pocket2Mol_idx-in-all-generaetd-570,239.79
O14757_Pocket2Mol_idx-in-all-generaetd-571,937.5399999999998
O14757_Pocket2Mol_idx-in-all-generaetd-572,489.61
O14757_Pocket2Mol_idx-in-all-generaetd-573,349.86
O14757_Pocket2Mol_idx-in-all-generaetd-574,681.4
O14757_Pocket2Mol_idx-in-all-generaetd-575,
O14757_Pocket2Mol_idx-in-all-generaetd-576,502.15999999999997
O14757_Pocket2Mol_idx-in-all-generaetd-577,285.63
O14757_Pocket2Mol_idx-in-all-generaetd-578,806.15
O14757_Pocket2Mol_idx-in-all-generaetd-579,772.49
O14757_Pocket2Mol_idx-in-all-generaetd-580,491.6
O14757_Pocket2Mol_idx-in-all-generaetd-581,613.93
O14757_Pocket2Mol_idx-in-all-generaetd-582,1825.6299999999999
O14757_Pocket2Mol_idx-in-all-generaetd-583,1083.84
O14757_Pocket2Mol_idx-in-all-generaetd-584,136.0
O14757_Pocket2Mol_idx-in-all-generaetd-585,382.87
O14757_Pocket2Mol_idx-in-all-generaetd-586,491.80999999999995
O14757_Pocket2Mol_idx-in-all-generaetd-587,457.25
O14757_Pocket2Mol_idx-in-all-generaetd-588,471.83
O14757_Pocket2Mol_idx-in-all-generaetd-589,1410.2600000000002
O14757_Pocket2Mol_idx-in-all-generaetd-590,506.75
O14757_Pocket2Mol_idx-in-all-generaetd-591,257.72
O14757_Pocket2Mol_idx-in-all-generaetd-592,211.92999999999998
O14757_Pocket2Mol_idx-in-all-generaetd-593,539.76
O14757_Pocket2Mol_idx-in-all-generaetd-594,477.97
O14757_Pocket2Mol_idx-in-all-generaetd-595,471.14
O14757_Pocket2Mol_idx-in-all-generaetd-596,1201.88
O14757_Pocket2Mol_idx-in-all-generaetd-597,288.63
O14757_Pocket2Mol_idx-in-all-generaetd-598,819.0400000000001
O14757_Pocket2Mol_idx-in-all-generaetd-599,811.17
O14757_Pocket2Mol_idx-in-all-generaetd-600,1175.76
O14757_Pocket2Mol_idx-in-all-generaetd-601,1228.38
O14757_Pocket2Mol_idx-in-all-generaetd-602,14151.26
O14757_Pocket2Mol_idx-in-all-generaetd-603,746.94
O14757_Pocket2Mol_idx-in-all-generaetd-604,524.3100000000001
O14757_Pocket2Mol_idx-in-all-generaetd-605,749.16
O14757_Pocket2Mol_idx-in-all-generaetd-606,222.11
O14757_Pocket2Mol_idx-in-all-generaetd-607,234.54
O14757_Pocket2Mol_idx-in-all-generaetd-608,281.43
O14757_Pocket2Mol_idx-in-all-generaetd-609,769.81
O14757_Pocket2Mol_idx-in-all-generaetd-610,2636.8999999999996
O14757_Pocket2Mol_idx-in-all-generaetd-611,395.94
O14757_Pocket2Mol_idx-in-all-generaetd-612,632.54
O14757_Pocket2Mol_idx-in-all-generaetd-613,836.3599999999999
O14757_Pocket2Mol_idx-in-all-generaetd-614,624.69
O14757_Pocket2Mol_idx-in-all-generaetd-615,267.42
O14757_Pocket2Mol_idx-in-all-generaetd-616,6756.09
O14757_Pocket2Mol_idx-in-all-generaetd-617,1142.8300000000002
O14757_Pocket2Mol_idx-in-all-generaetd-618,3927.25
O14757_Pocket2Mol_idx-in-all-generaetd-619,619.7099999999999
O14757_Pocket2Mol_idx-in-all-generaetd-620,47562.95
O14757_Pocket2Mol_idx-in-all-generaetd-621,665.62
O14757_Pocket2Mol_idx-in-all-generaetd-622,754.36
O14757_Pocket2Mol_idx-in-all-generaetd-623,245.96000000000004
O14757_Pocket2Mol_idx-in-all-generaetd-624,519.8
O14757_Pocket2Mol_idx-in-all-generaetd-625,530.8900000000001
O14757_Pocket2Mol_idx-in-all-generaetd-626,521.0
O14757_Pocket2Mol_idx-in-all-generaetd-627,1398.04
O14757_Pocket2Mol_idx-in-all-generaetd-628,1163.91
O14757_Pocket2Mol_idx-in-all-generaetd-629,2952.94
O14757_Pocket2Mol_idx-in-all-generaetd-630,716.04
O14757_Pocket2Mol_idx-in-all-generaetd-631,646.19
O14757_Pocket2Mol_idx-in-all-generaetd-632,2965.19
O14757_Pocket2Mol_idx-in-all-generaetd-633,247.54000000000002
O14757_Pocket2Mol_idx-in-all-generaetd-634,378.23
O14757_Pocket2Mol_idx-in-all-generaetd-635,1035.03
O14757_Pocket2Mol_idx-in-all-generaetd-636,762.22
O14757_Pocket2Mol_idx-in-all-generaetd-637,629.1099999999999
O14757_Pocket2Mol_idx-in-all-generaetd-638,233.41
O14757_Pocket2Mol_idx-in-all-generaetd-639,378.12
O14757_Pocket2Mol_idx-in-all-generaetd-640,14139.119999999999
O14757_Pocket2Mol_idx-in-all-generaetd-641,328.03
O14757_Pocket2Mol_idx-in-all-generaetd-642,622.97
O14757_Pocket2Mol_idx-in-all-generaetd-643,712.4200000000001
O14757_Pocket2Mol_idx-in-all-generaetd-644,707.78
O14757_Pocket2Mol_idx-in-all-generaetd-645,209.89
O14757_Pocket2Mol_idx-in-all-generaetd-646,783.86
O14757_Pocket2Mol_idx-in-all-generaetd-647,735.51
O14757_Pocket2Mol_idx-in-all-generaetd-648,5741.99
O14757_Pocket2Mol_idx-in-all-generaetd-649,260.7
O14757_Pocket2Mol_idx-in-all-generaetd-650,6704.030000000001
O14757_Pocket2Mol_idx-in-all-generaetd-651,531.77
O14757_Pocket2Mol_idx-in-all-generaetd-652,706.25
O14757_Pocket2Mol_idx-in-all-generaetd-653,826.3799999999999
O14757_Pocket2Mol_idx-in-all-generaetd-654,266.28
O14757_Pocket2Mol_idx-in-all-generaetd-655,302.78
O14757_Pocket2Mol_idx-in-all-generaetd-656,692.09
O14757_Pocket2Mol_idx-in-all-generaetd-657,506.73999999999995
O14757_Pocket2Mol_idx-in-all-generaetd-658,297.54
O14757_Pocket2Mol_idx-in-all-generaetd-659,450.59000000000003
O14757_Pocket2Mol_idx-in-all-generaetd-660,516.9
O14757_Pocket2Mol_idx-in-all-generaetd-661,585.26
O14757_Pocket2Mol_idx-in-all-generaetd-662,276.83
O14757_Pocket2Mol_idx-in-all-generaetd-663,515.5600000000001
O14757_Pocket2Mol_idx-in-all-generaetd-664,671.77
O14757_Pocket2Mol_idx-in-all-generaetd-665,3846.75
O14757_Pocket2Mol_idx-in-all-generaetd-666,751.64
O14757_Pocket2Mol_idx-in-all-generaetd-667,603.5
O14757_Pocket2Mol_idx-in-all-generaetd-668,143.57000000000002
O14757_Pocket2Mol_idx-in-all-generaetd-669,843.79
O14757_Pocket2Mol_idx-in-all-generaetd-670,466.34000000000003
O14757_Pocket2Mol_idx-in-all-generaetd-671,291.89
O14757_Pocket2Mol_idx-in-all-generaetd-672,706.8199999999999
O14757_Pocket2Mol_idx-in-all-generaetd-673,733.72
O14757_Pocket2Mol_idx-in-all-generaetd-674,1152.69
O14757_Pocket2Mol_idx-in-all-generaetd-675,720.51
O14757_Pocket2Mol_idx-in-all-generaetd-676,1050.18
O14757_Pocket2Mol_idx-in-all-generaetd-677,238.49
O14757_Pocket2Mol_idx-in-all-generaetd-678,3938.22
O14757_Pocket2Mol_idx-in-all-generaetd-679,201.25
O14757_Pocket2Mol_idx-in-all-generaetd-680,663.46
O14757_Pocket2Mol_idx-in-all-generaetd-681,830.87
O14757_Pocket2Mol_idx-in-all-generaetd-682,847.4300000000001
O14757_Pocket2Mol_idx-in-all-generaetd-683,1156.9299999999998
O14757_Pocket2Mol_idx-in-all-generaetd-684,853.2900000000001
O14757_Pocket2Mol_idx-in-all-generaetd-685,767.75
O14757_Pocket2Mol_idx-in-all-generaetd-686,807.6499999999999
O14757_Pocket2Mol_idx-in-all-generaetd-687,776.57
O14757_Pocket2Mol_idx-in-all-generaetd-688,2972.94
O14757_Pocket2Mol_idx-in-all-generaetd-689,1102.99
O14757_Pocket2Mol_idx-in-all-generaetd-690,459.03999999999996
O14757_Pocket2Mol_idx-in-all-generaetd-691,267.53000000000003
O14757_Pocket2Mol_idx-in-all-generaetd-692,799.27
O14757_Pocket2Mol_idx-in-all-generaetd-693,732.36
O14757_Pocket2Mol_idx-in-all-generaetd-694,611.75
O14757_Pocket2Mol_idx-in-all-generaetd-695,486.16999999999996
O14757_Pocket2Mol_idx-in-all-generaetd-696,928.93
O14757_Pocket2Mol_idx-in-all-generaetd-697,838.06
O14757_Pocket2Mol_idx-in-all-generaetd-698,2738.56
O14757_Pocket2Mol_idx-in-all-generaetd-699,4006.0299999999997
O14757_Pocket2Mol_idx-in-all-generaetd-700,660.1700000000001
O14757_Pocket2Mol_idx-in-all-generaetd-701,428.78999999999996
O14757_Pocket2Mol_idx-in-all-generaetd-702,778.38
O14757_Pocket2Mol_idx-in-all-generaetd-703,665.76
O14757_Pocket2Mol_idx-in-all-generaetd-704,737.2
O14757_Pocket2Mol_idx-in-all-generaetd-705,467.46000000000004
O14757_Pocket2Mol_idx-in-all-generaetd-706,577.8100000000001
O14757_Pocket2Mol_idx-in-all-generaetd-707,872.8600000000001
O14757_Pocket2Mol_idx-in-all-generaetd-708,618.35
O14757_Pocket2Mol_idx-in-all-generaetd-709,258.89
O14757_Pocket2Mol_idx-in-all-generaetd-710,1221.73
O14757_Pocket2Mol_idx-in-all-generaetd-711,811.7400000000001
O14757_Pocket2Mol_idx-in-all-generaetd-712,341.67999999999995
O14757_Pocket2Mol_idx-in-all-generaetd-713,172.13
O14757_Pocket2Mol_idx-in-all-generaetd-714,798.03
O14757_Pocket2Mol_idx-in-all-generaetd-715,243.42000000000002
O14757_Pocket2Mol_idx-in-all-generaetd-716,374.39
O14757_Pocket2Mol_idx-in-all-generaetd-717,268.89
O14757_Pocket2Mol_idx-in-all-generaetd-718,731.78
O14757_Pocket2Mol_idx-in-all-generaetd-719,305.21
O14757_Pocket2Mol_idx-in-all-generaetd-720,278.75
O14757_Pocket2Mol_idx-in-all-generaetd-721,814.97
O14757_Pocket2Mol_idx-in-all-generaetd-722,155.64
O14757_Pocket2Mol_idx-in-all-generaetd-723,273.84999999999997
O14757_Pocket2Mol_idx-in-all-generaetd-724,6848.49
O14757_Pocket2Mol_idx-in-all-generaetd-725,102.24999999999999
O14757_Pocket2Mol_idx-in-all-generaetd-726,3909.05
O14757_Pocket2Mol_idx-in-all-generaetd-727,297.2
O14757_Pocket2Mol_idx-in-all-generaetd-728,105.19000000000001
O14757_Pocket2Mol_idx-in-all-generaetd-729,657.51
O14757_Pocket2Mol_idx-in-all-generaetd-730,528.21
O14757_Pocket2Mol_idx-in-all-generaetd-731,806.71
O14757_Pocket2Mol_idx-in-all-generaetd-732,14168.289999999999
O14757_Pocket2Mol_idx-in-all-generaetd-733,851.2500000000001
O14757_Pocket2Mol_idx-in-all-generaetd-734,238.62999999999997
O14757_Pocket2Mol_idx-in-all-generaetd-735,456.84000000000003
O14757_Pocket2Mol_idx-in-all-generaetd-736,294.75
O14757_Pocket2Mol_idx-in-all-generaetd-737,250.85
O14757_Pocket2Mol_idx-in-all-generaetd-738,597.65
O14757_Pocket2Mol_idx-in-all-generaetd-739,771.8299999999999
O14757_Pocket2Mol_idx-in-all-generaetd-740,753.29
O14757_Pocket2Mol_idx-in-all-generaetd-741,1341.05
O14757_Pocket2Mol_idx-in-all-generaetd-742,1382.86
O14757_Pocket2Mol_idx-in-all-generaetd-743,820.4900000000001
O14757_Pocket2Mol_idx-in-all-generaetd-744,1485.64
O14757_Pocket2Mol_idx-in-all-generaetd-745,839.3600000000001
O14757_Pocket2Mol_idx-in-all-generaetd-746,1136.28
O14757_Pocket2Mol_idx-in-all-generaetd-747,768.14
O14757_Pocket2Mol_idx-in-all-generaetd-748,657.98
O14757_Pocket2Mol_idx-in-all-generaetd-749,341.75
O14757_Pocket2Mol_idx-in-all-generaetd-750,657.36
O14757_Pocket2Mol_idx-in-all-generaetd-751,776.19
O14757_Pocket2Mol_idx-in-all-generaetd-752,727.65
O14757_Pocket2Mol_idx-in-all-generaetd-753,430.16999999999996
O14757_Pocket2Mol_idx-in-all-generaetd-754,759.49
O14757_Pocket2Mol_idx-in-all-generaetd-755,844.4399999999999
O14757_Pocket2Mol_idx-in-all-generaetd-756,226.2
O14757_Pocket2Mol_idx-in-all-generaetd-757,1057.8700000000001
O14757_Pocket2Mol_idx-in-all-generaetd-758,515.1800000000001
O14757_Pocket2Mol_idx-in-all-generaetd-759,1200.9499999999998
O14757_Pocket2Mol_idx-in-all-generaetd-760,274.59999999999997
O14757_Pocket2Mol_idx-in-all-generaetd-761,479.64000000000004
O14757_Pocket2Mol_idx-in-all-generaetd-762,270.38
O14757_Pocket2Mol_idx-in-all-generaetd-763,936.56
O14757_Pocket2Mol_idx-in-all-generaetd-764,546.63
O14757_Pocket2Mol_idx-in-all-generaetd-765,1174.28
O14757_Pocket2Mol_idx-in-all-generaetd-766,371.37
O14757_Pocket2Mol_idx-in-all-generaetd-767,3934.57
O14757_Pocket2Mol_idx-in-all-generaetd-768,888.49
O14757_Pocket2Mol_idx-in-all-generaetd-769,285.05999999999995
O14757_Pocket2Mol_idx-in-all-generaetd-770,282.32000000000005
O14757_Pocket2Mol_idx-in-all-generaetd-771,603.97
O14757_Pocket2Mol_idx-in-all-generaetd-772,1150.1999999999998
O14757_Pocket2Mol_idx-in-all-generaetd-773,319.54
O14757_Pocket2Mol_idx-in-all-generaetd-774,319.82
O14757_Pocket2Mol_idx-in-all-generaetd-775,656.73
O14757_Pocket2Mol_idx-in-all-generaetd-776,529.28
O14757_Pocket2Mol_idx-in-all-generaetd-777,99.48
O14757_Pocket2Mol_idx-in-all-generaetd-778,224.17000000000002
O14757_Pocket2Mol_idx-in-all-generaetd-779,611.74
O14757_Pocket2Mol_idx-in-all-generaetd-780,1411.6100000000001
O14757_Pocket2Mol_idx-in-all-generaetd-781,710.94
O14757_Pocket2Mol_idx-in-all-generaetd-782,3787.26
O14757_Pocket2Mol_idx-in-all-generaetd-783,241.29000000000002
O14757_Pocket2Mol_idx-in-all-generaetd-784,8647.6
O14757_Pocket2Mol_idx-in-all-generaetd-785,363.78999999999996
O14757_Pocket2Mol_idx-in-all-generaetd-786,161.89000000000001
O14757_Pocket2Mol_idx-in-all-generaetd-787,825.89
O14757_Pocket2Mol_idx-in-all-generaetd-788,363.17
O14757_Pocket2Mol_idx-in-all-generaetd-789,528.5999999999999
O14757_Pocket2Mol_idx-in-all-generaetd-790,449.61
O14757_Pocket2Mol_idx-in-all-generaetd-791,252.17000000000002
O14757_Pocket2Mol_idx-in-all-generaetd-792,563.4
O14757_Pocket2Mol_idx-in-all-generaetd-793,633.8100000000001
O14757_Pocket2Mol_idx-in-all-generaetd-794,3949.51
O14757_Pocket2Mol_idx-in-all-generaetd-795,11294.14
O14757_Pocket2Mol_idx-in-all-generaetd-796,254.72
O14757_Pocket2Mol_idx-in-all-generaetd-797,582.86
O14757_Pocket2Mol_idx-in-all-generaetd-798,3960.4300000000003
O14757_Pocket2Mol_idx-in-all-generaetd-799,736.55
O14757_Pocket2Mol_idx-in-all-generaetd-800,462.89
O14757_Pocket2Mol_idx-in-all-generaetd-801,699.4300000000001
O14757_Pocket2Mol_idx-in-all-generaetd-802,1311.6599999999999
O14757_Pocket2Mol_idx-in-all-generaetd-803,854.0199999999999
O14757_Pocket2Mol_idx-in-all-generaetd-804,195.28
O14757_Pocket2Mol_idx-in-all-generaetd-805,378.25
O14757_Pocket2Mol_idx-in-all-generaetd-806,311.79999999999995
O14757_Pocket2Mol_idx-in-all-generaetd-807,738.6800000000001
O14757_Pocket2Mol_idx-in-all-generaetd-808,1141.1200000000001
O14757_Pocket2Mol_idx-in-all-generaetd-809,208.85
O14757_Pocket2Mol_idx-in-all-generaetd-810,288.87
O14757_Pocket2Mol_idx-in-all-generaetd-811,380.23
O14757_Pocket2Mol_idx-in-all-generaetd-812,270.74
O14757_Pocket2Mol_idx-in-all-generaetd-813,764.69
O14757_Pocket2Mol_idx-in-all-generaetd-814,706.26
O14757_Pocket2Mol_idx-in-all-generaetd-815,284.48
O14757_Pocket2Mol_idx-in-all-generaetd-816,288.95000000000005
O14757_Pocket2Mol_idx-in-all-generaetd-817,527.8299999999999
O14757_Pocket2Mol_idx-in-all-generaetd-818,3634.33
O14757_Pocket2Mol_idx-in-all-generaetd-819,748.56
O14757_Pocket2Mol_idx-in-all-generaetd-820,868.4300000000001
O14757_Pocket2Mol_idx-in-all-generaetd-821,2274.8
O14757_Pocket2Mol_idx-in-all-generaetd-822,69.5
O14757_Pocket2Mol_idx-in-all-generaetd-823,839.76
O14757_Pocket2Mol_idx-in-all-generaetd-824,699.16
O14757_Pocket2Mol_idx-in-all-generaetd-825,1178.21
O14757_Pocket2Mol_idx-in-all-generaetd-826,754.52
O14757_Pocket2Mol_idx-in-all-generaetd-827,222.54
O14757_Pocket2Mol_idx-in-all-generaetd-828,146.28
O14757_Pocket2Mol_idx-in-all-generaetd-829,221.33999999999997
O14757_Pocket2Mol_idx-in-all-generaetd-830,1394.3300000000002
O14757_Pocket2Mol_idx-in-all-generaetd-831,748.0600000000001
O14757_Pocket2Mol_idx-in-all-generaetd-832,303.81
O14757_Pocket2Mol_idx-in-all-generaetd-833,349.8
O14757_Pocket2Mol_idx-in-all-generaetd-834,915.2099999999999
O14757_Pocket2Mol_idx-in-all-generaetd-835,206.40999999999997
O14757_Pocket2Mol_idx-in-all-generaetd-836,672.49
O14757_Pocket2Mol_idx-in-all-generaetd-837,863.3299999999999
O14757_Pocket2Mol_idx-in-all-generaetd-838,1137.8200000000002
O14757_Pocket2Mol_idx-in-all-generaetd-839,817.7199999999999
O14757_Pocket2Mol_idx-in-all-generaetd-840,823.1999999999999
O14757_Pocket2Mol_idx-in-all-generaetd-841,277.14
O14757_Pocket2Mol_idx-in-all-generaetd-842,550.46
O14757_Pocket2Mol_idx-in-all-generaetd-843,374.67
O14757_Pocket2Mol_idx-in-all-generaetd-844,790.9000000000001
O14757_Pocket2Mol_idx-in-all-generaetd-845,781.74
O14757_Pocket2Mol_idx-in-all-generaetd-846,283.36
O14757_Pocket2Mol_idx-in-all-generaetd-847,774.3
O14757_Pocket2Mol_idx-in-all-generaetd-848,779.85
O14757_Pocket2Mol_idx-in-all-generaetd-849,461.9
O14757_Pocket2Mol_idx-in-all-generaetd-850,351.79
O14757_Pocket2Mol_idx-in-all-generaetd-851,190.08000000000004
O14757_Pocket2Mol_idx-in-all-generaetd-852,817.3900000000001
O14757_Pocket2Mol_idx-in-all-generaetd-853,758.31
O14757_Pocket2Mol_idx-in-all-generaetd-854,765.1700000000001
O14757_Pocket2Mol_idx-in-all-generaetd-855,270.09
O14757_Pocket2Mol_idx-in-all-generaetd-856,233.38
O14757_Pocket2Mol_idx-in-all-generaetd-857,648.47
O14757_Pocket2Mol_idx-in-all-generaetd-858,787.86
O14757_Pocket2Mol_idx-in-all-generaetd-859,432.94000000000005
O14757_Pocket2Mol_idx-in-all-generaetd-860,283.40999999999997
O14757_Pocket2Mol_idx-in-all-generaetd-861,919.6999999999999
O14757_Pocket2Mol_idx-in-all-generaetd-862,623.1700000000001
O14757_Pocket2Mol_idx-in-all-generaetd-863,779.43
O14757_Pocket2Mol_idx-in-all-generaetd-864,1347.99
O14757_Pocket2Mol_idx-in-all-generaetd-865,370.33
O14757_Pocket2Mol_idx-in-all-generaetd-866,3851.5200000000004
O14757_Pocket2Mol_idx-in-all-generaetd-867,271.46000000000004
O14757_Pocket2Mol_idx-in-all-generaetd-868,762.4399999999999
O14757_Pocket2Mol_idx-in-all-generaetd-869,6747.26
O14757_Pocket2Mol_idx-in-all-generaetd-870,251.86999999999998
O14757_Pocket2Mol_idx-in-all-generaetd-871,353.95
O14757_Pocket2Mol_idx-in-all-generaetd-872,533.02
O14757_Pocket2Mol_idx-in-all-generaetd-873,172.32
O14757_Pocket2Mol_idx-in-all-generaetd-874,922.4799999999999
O14757_Pocket2Mol_idx-in-all-generaetd-875,348.33000000000004
O14757_Pocket2Mol_idx-in-all-generaetd-876,348.38
O14757_Pocket2Mol_idx-in-all-generaetd-877,679.9000000000001
O14757_Pocket2Mol_idx-in-all-generaetd-878,408.06000000000006
O14757_Pocket2Mol_idx-in-all-generaetd-879,1443.78
O14757_Pocket2Mol_idx-in-all-generaetd-880,438.9
O14757_Pocket2Mol_idx-in-all-generaetd-881,1140.92
O14757_Pocket2Mol_idx-in-all-generaetd-882,259.33
O14757_Pocket2Mol_idx-in-all-generaetd-883,326.99
O14757_Pocket2Mol_idx-in-all-generaetd-884,760.9599999999999
O14757_Pocket2Mol_idx-in-all-generaetd-885,718.1299999999999
O14757_Pocket2Mol_idx-in-all-generaetd-886,643.17
O14757_Pocket2Mol_idx-in-all-generaetd-887,816.3900000000001
O14757_Pocket2Mol_idx-in-all-generaetd-888,6816.16
O14757_Pocket2Mol_idx-in-all-generaetd-889,488.73999999999995
O14757_Pocket2Mol_idx-in-all-generaetd-890,877.52
O14757_Pocket2Mol_idx-in-all-generaetd-891,376.28
O14757_Pocket2Mol_idx-in-all-generaetd-892,1188.8600000000001
O14757_Pocket2Mol_idx-in-all-generaetd-893,579.54
O14757_Pocket2Mol_idx-in-all-generaetd-894,244.50000000000003
O14757_Pocket2Mol_idx-in-all-generaetd-895,803.5500000000001
O14757_Pocket2Mol_idx-in-all-generaetd-896,725.73
O14757_Pocket2Mol_idx-in-all-generaetd-897,235.51999999999998
O14757_Pocket2Mol_idx-in-all-generaetd-898,637.27
O14757_Pocket2Mol_idx-in-all-generaetd-899,233.27999999999997
O14757_Pocket2Mol_idx-in-all-generaetd-900,736.02
O14757_Pocket2Mol_idx-in-all-generaetd-901,706.38
O14757_Pocket2Mol_idx-in-all-generaetd-902,942.4700000000001
O14757_Pocket2Mol_idx-in-all-generaetd-903,1157.77
O14757_Pocket2Mol_idx-in-all-generaetd-904,468.45
O14757_Pocket2Mol_idx-in-all-generaetd-905,605.34
O14757_Pocket2Mol_idx-in-all-generaetd-906,863.6700000000001
O14757_Pocket2Mol_idx-in-all-generaetd-907,657.74
O14757_Pocket2Mol_idx-in-all-generaetd-908,714.6700000000001
O14757_Pocket2Mol_idx-in-all-generaetd-909,364.19
O14757_Pocket2Mol_idx-in-all-generaetd-910,1421.83
O14757_Pocket2Mol_idx-in-all-generaetd-911,494.46000000000004
O14757_Pocket2Mol_idx-in-all-generaetd-912,3888.36
O14757_Pocket2Mol_idx-in-all-generaetd-913,645.5
O14757_Pocket2Mol_idx-in-all-generaetd-914,543.44
O14757_Pocket2Mol_idx-in-all-generaetd-915,14152.72
O14757_Pocket2Mol_idx-in-all-generaetd-916,616.84
O14757_Pocket2Mol_idx-in-all-generaetd-917,806.4
O14757_Pocket2Mol_idx-in-all-generaetd-918,299.05999999999995
O14757_Pocket2Mol_idx-in-all-generaetd-919,573.07
O14757_Pocket2Mol_idx-in-all-generaetd-920,2175.71
O14757_Pocket2Mol_idx-in-all-generaetd-921,422.02000000000004
O14757_Pocket2Mol_idx-in-all-generaetd-922,832.81
O14757_Pocket2Mol_idx-in-all-generaetd-923,3813.79
O14757_Pocket2Mol_idx-in-all-generaetd-924,795.88
O14757_Pocket2Mol_idx-in-all-generaetd-925,375.14
O14757_Pocket2Mol_idx-in-all-generaetd-926,822.0500000000001
O14757_Pocket2Mol_idx-in-all-generaetd-927,628.11
O14757_Pocket2Mol_idx-in-all-generaetd-928,666.81
O14757_Pocket2Mol_idx-in-all-generaetd-929,614.78
O14757_Pocket2Mol_idx-in-all-generaetd-930,497.06999999999994
O14757_Pocket2Mol_idx-in-all-generaetd-931,478.59999999999997
O14757_Pocket2Mol_idx-in-all-generaetd-932,777.75
O14757_Pocket2Mol_idx-in-all-generaetd-933,427.76000000000005
O14757_Pocket2Mol_idx-in-all-generaetd-934,829.5400000000001
O14757_Pocket2Mol_idx-in-all-generaetd-935,1168.79
O14757_Pocket2Mol_idx-in-all-generaetd-936,823.3000000000001
O14757_Pocket2Mol_idx-in-all-generaetd-937,492.27
O14757_Pocket2Mol_idx-in-all-generaetd-938,282.07000000000005
O14757_Pocket2Mol_idx-in-all-generaetd-939,633.03
O14757_Pocket2Mol_idx-in-all-generaetd-940,882.8199999999999
O14757_Pocket2Mol_idx-in-all-generaetd-941,776.77
O14757_Pocket2Mol_idx-in-all-generaetd-942,500.02
O14757_Pocket2Mol_idx-in-all-generaetd-943,444.44000000000005
O14757_Pocket2Mol_idx-in-all-generaetd-944,788.36
O14757_Pocket2Mol_idx-in-all-generaetd-945,706.8100000000001
O14757_Pocket2Mol_idx-in-all-generaetd-946,820.8199999999999
O14757_Pocket2Mol_idx-in-all-generaetd-947,14152.84
O14757_Pocket2Mol_idx-in-all-generaetd-948,624.9399999999999
O14757_Pocket2Mol_idx-in-all-generaetd-949,723.77
O14757_Pocket2Mol_idx-in-all-generaetd-950,762.5699999999999
O14757_Pocket2Mol_idx-in-all-generaetd-951,14145.11
O14757_Pocket2Mol_idx-in-all-generaetd-952,757.75
O14757_Pocket2Mol_idx-in-all-generaetd-953,1156.48
O14757_Pocket2Mol_idx-in-all-generaetd-954,778.24
O14757_Pocket2Mol_idx-in-all-generaetd-955,335.63
O14757_Pocket2Mol_idx-in-all-generaetd-956,1161.97
O14757_Pocket2Mol_idx-in-all-generaetd-957,282.7
O14757_Pocket2Mol_idx-in-all-generaetd-958,3988.3
O14757_Pocket2Mol_idx-in-all-generaetd-959,719.8299999999999
O14757_Pocket2Mol_idx-in-all-generaetd-960,632.9100000000001
O14757_Pocket2Mol_idx-in-all-generaetd-961,6849.24
O14757_Pocket2Mol_idx-in-all-generaetd-962,815.26
O14757_Pocket2Mol_idx-in-all-generaetd-963,550.56
O14757_Pocket2Mol_idx-in-all-generaetd-964,688.25
O14757_Pocket2Mol_idx-in-all-generaetd-965,1386.51
O14757_Pocket2Mol_idx-in-all-generaetd-966,295.85
O14757_Pocket2Mol_idx-in-all-generaetd-967,1193.23
O14757_Pocket2Mol_idx-in-all-generaetd-968,825.81
O14757_Pocket2Mol_idx-in-all-generaetd-969,791.4799999999999
O14757_Pocket2Mol_idx-in-all-generaetd-970,351.77
O14757_Pocket2Mol_idx-in-all-generaetd-971,792.7800000000001
O14757_Pocket2Mol_idx-in-all-generaetd-972,249.42999999999998
O14757_Pocket2Mol_idx-in-all-generaetd-973,309.19000000000005
O14757_Pocket2Mol_idx-in-all-generaetd-974,224.85999999999999
O14757_Pocket2Mol_idx-in-all-generaetd-975,423.94999999999993
O14757_Pocket2Mol_idx-in-all-generaetd-976,259.28
O14757_Pocket2Mol_idx-in-all-generaetd-977,458.97999999999996
O14757_Pocket2Mol_idx-in-all-generaetd-978,314.8
O14757_Pocket2Mol_idx-in-all-generaetd-979,222.38000000000002
O14757_Pocket2Mol_idx-in-all-generaetd-980,643.34
O14757_Pocket2Mol_idx-in-all-generaetd-981,98.61
O14757_Pocket2Mol_idx-in-all-generaetd-982,1812.73
O14757_Pocket2Mol_idx-in-all-generaetd-983,963.0699999999999
O14757_Pocket2Mol_idx-in-all-generaetd-984,785.66
O14757_Pocket2Mol_idx-in-all-generaetd-985,821.55
O14757_Pocket2Mol_idx-in-all-generaetd-986,2030.96
O14757_Pocket2Mol_idx-in-all-generaetd-987,454.6
O14757_Pocket2Mol_idx-in-all-generaetd-988,1153.1599999999999
O14757_Pocket2Mol_idx-in-all-generaetd-989,264.45
O14757_Pocket2Mol_idx-in-all-generaetd-990,641.04
O14757_Pocket2Mol_idx-in-all-generaetd-991,163.94
O14757_Pocket2Mol_idx-in-all-generaetd-992,866.8600000000001
O14757_Pocket2Mol_idx-in-all-generaetd-993,442.45000000000005
O14757_Pocket2Mol_idx-in-all-generaetd-994,1379.29
O14757_Pocket2Mol_idx-in-all-generaetd-995,233.33000000000004
O14757_Pocket2Mol_idx-in-all-generaetd-996,706.8000000000001
O14757_Pocket2Mol_idx-in-all-generaetd-997,450.92
O14757_Pocket2Mol_idx-in-all-generaetd-998,625.88
O14757_Pocket2Mol_idx-in-all-generaetd-999,868.8699999999999
O14757_Pocket2Mol_idx-in-all-generaetd-1000,206.06000000000003
O14757_Pocket2Mol_idx-in-all-generaetd-1001,225.04000000000002
O14757_Pocket2Mol_idx-in-all-generaetd-1002,14143.12
O14757_Pocket2Mol_idx-in-all-generaetd-1003,807.28
O14757_Pocket2Mol_idx-in-all-generaetd-1004,825.14
O14757_Pocket2Mol_idx-in-all-generaetd-1005,14548.050000000001
O14757_Pocket2Mol_idx-in-all-generaetd-1006,466.89
O14757_Pocket2Mol_idx-in-all-generaetd-1007,435.78
O14757_Pocket2Mol_idx-in-all-generaetd-1008,1182.25
O14757_Pocket2Mol_idx-in-all-generaetd-1009,459.26
O14757_Pocket2Mol_idx-in-all-generaetd-1010,266.43
O14757_Pocket2Mol_idx-in-all-generaetd-1011,3926.44
O14757_Pocket2Mol_idx-in-all-generaetd-1012,522.66
O14757_Pocket2Mol_idx-in-all-generaetd-1013,762.09
O14757_Pocket2Mol_idx-in-all-generaetd-1014,1196.62
O14757_Pocket2Mol_idx-in-all-generaetd-1015,631.4300000000001
O14757_Pocket2Mol_idx-in-all-generaetd-1016,444.14
