SeriseID,Scaffold,FilteredMols,Threshold,NumFilteredMols
O14757_Sries17243,[#6&!R](=&!@[#8&!R])-&!@[#6&R]1:&@[#6&R]:&@[#6&R](:&@[#16&R]:&@[#6&R]:&@1-&!@[#7&!R]-&!@[#6&!R](-&!@[#7&!R])=&!@[#8&!R])-&!@[#6&R],"NC(=O)Nc1sc(-c2ccc(CNC3CCCC3)cc2)cc1C(N)=O,NC(=O)Nc1sc(-c2ccccc2)cc1C(=O)NC1CNCCNC1=O,Cc1ccc(-c2cc(C(=O)N[C@H]3CCCNC3)c(NC(N)=O)s2)cc1,NCCNC(=O)c1cc(-c2ccccc2)sc1NC(N)=O,NC(=O)Nc1sc(-c2ccncc2)cc1C(=O)N[C@H]1CCCNC1,CN(CCO)Cc1ccc(-c2cc(C(N)=O)c(NC(N)=O)s2)cc1,NC(=O)Nc1sc(-c2ccccc2)cc1C(=O)NC1CCCCNC1=O,NC(=O)Nc1sc(-c2ccc(Cl)cc2)cc1C(=O)N[C@H]1CCCNC1,CN1CCN(C(=O)c2cc(-c3ccccc3)sc2NC(N)=O)CC1,NC(=O)Nc1sc(-c2cccnc2)cc1C(=O)N[C@H]1CCCNC1,COCCNCc1ccc(-c2cc(C(N)=O)c(NC(N)=O)s2)cc1,NC(=O)Nc1sc(-c2ccccc2)cc1C(=O)N[C@@H]1CCCCNC1,CN(C)CCOc1ccc(-c2cc(C(N)=O)c(NC(N)=O)s2)cc1,NC(=O)Nc1sc(-c2ccccc2)cc1C(=O)NCCO,NC(=O)Nc1sc(-c2cccc(Cl)c2)cc1C(=O)N[C@H]1CCCNC1,NC(=O)Nc1sc(-c2ccsc2)cc1C(=O)N[C@H]1CCCNC1,NC(=O)Nc1sc(-c2ccc(OC(F)(F)F)cc2)cc1C(N)=O,NC(=O)Nc1sc(-c2ccccc2)cc1C(=O)NCC1CNCCO1,NC(=O)Nc1sc(-c2ccc(F)cc2)cc1C(=O)N[C@H]1CCCNC1,NC(=O)Nc1sc(-c2ccccc2)cc1C(=O)NC1CCCCC1,NC(=O)Nc1sc(-c2cccs2)cc1C(=O)N[C@H]1CCCNC1,CCN(CC)CCOc1ccc(-c2cc(C(=O)NC3CCCNC3)c(NC(N)=O)s2)cc1,COc1ccc(-c2cc(C(N)=O)c(NC(N)=O)s2)cc1,NC(=O)Nc1sc(-c2ccccc2)cc1C(=O)NC[C@@H]1CCCNC1,NC(=O)Nc1sc(-c2cccc(F)c2)cc1C(=O)N[C@H]1CCCNC1,NC(=O)Nc1sc(-c2ccccc2)cc1C(=O)NC1CCOCC1,CC(=O)c1ccc(-c2cc(C(=O)N[C@H]3CCCNC3)c(NC(N)=O)s2)cc1,CCN(CC)CCOc1ccc(-c2cc(C(=O)NC3CCNCC3)c(NC(N)=O)s2)cc1,COCCOc1ccc(-c2cc(C(N)=O)c(NC(N)=O)s2)cc1,NC(=O)Nc1sc(-c2ccccc2)cc1C(=O)NC[C@H]1CCCNC1,NC(=O)Nc1sc(-c2ccccc2F)cc1C(=O)N[C@H]1CCCNC1,NC(=O)Nc1sc(-c2ccccc2)cc1C(=O)Nc1ccccc1,CS(=O)(=O)c1ccc(-c2cc(C(=O)N[C@H]3CCCNC3)c(NC(N)=O)s2)cc1,CCN(CC)CCOc1ccc(-c2cc(C(=O)NC3CCNC3)c(NC(N)=O)s2)cc1,COCCOCCOc1ccc(-c2cc(C(N)=O)c(NC(N)=O)s2)cc1,CN1CCC[C@@H](NC(=O)c2cc(-c3ccccc3)sc2NC(N)=O)C1,NC(=O)Nc1sc(-c2ccc(O)cc2)cc1C(=O)N[C@H]1CCCNC1,CNC(=O)c1cc(-c2ccccc2)sc1NC(N)=O,CS(=O)(=O)Nc1ccc(-c2cc(C(=O)N[C@H]3CCCNC3)c(NC(N)=O)s2)cc1,CCN(CC)CCOc1ccc(-c2cc(C(=O)Nc3cccnc3)c(NC(N)=O)s2)cc1,NC(=O)Nc1sc(-c2ccc(OCCOCC3CC3)cc2)cc1C(N)=O,NC(=O)Nc1sc(-c2ccccc2)cc1C(=O)N[C@@H]1CCCNC1,CCN(CC)CCOc1cccc(-c2cc(C(=O)NC3CCCNC3)c(NC(N)=O)s2)c1,NC(=O)Nc1sc(-c2ccc(C(=O)N3CCCCC3)cc2)cc1C(=O)N[C@H]1CCCNC1,CC(=O)Nc1cccc(-c2cc(C(=O)N[C@H]3CCCNC3)c(NC(N)=O)s2)c1,CCN(CC)CCOc1ccc(-c2cc(C(=O)Nc3cccc(CO)c3)c(NC(N)=O)s2)cc1,NC(=O)Nc1sc(-c2ccc(OCCN3CCCCC3)cc2)cc1C(N)=O,NC(=O)Nc1sc(-c2ccccc2)cc1C(=O)N[C@H]1CCCNC1,NC(=O)Nc1sc(-c2ccc(C(=O)N3CCOCC3)cc2)cc1C(=O)N[C@H]1CCCNC1,CN(C)c1ccc(-c2cc(C(=O)N[C@H]3CCCNC3)c(NC(N)=O)s2)cc1,CC1(C)CCCC(C)(C)N1Cc1ccc(-c2cc(C(N)=O)c(NC(N)=O)s2)cc1,CN(C)CCCOc1ccc(-c2cc(C(N)=O)c(NC(N)=O)s2)cc1,NC(=O)Nc1sc(-c2ccccc2)cc1C(=O)NC1CCNCC1,CN(C)C(=O)c1ccc(-c2cc(C(=O)N[C@H]3CCCNC3)c(NC(N)=O)s2)cc1,NC(=O)Nc1sc(-c2ccc(N)cc2)cc1C(=O)N[C@H]1CCCNC1,CN1CCN(Cc2ccc(-c3cc(C(N)=O)c(NC(N)=O)s3)cc2)CC1,CNCCOc1ccc(-c2cc(C(N)=O)c(NC(N)=O)s2)cc1,CN(CCN)C(=O)c1cc(-c2ccccc2)sc1NC(N)=O,CNC(=O)c1ccc(-c2cc(C(=O)N[C@H]3CCCNC3)c(NC(N)=O)s2)cc1,NC(=O)Nc1sc(-c2ccc(C(F)(F)F)cc2)cc1C(=O)N[C@H]1CCCNC1,NC(=O)Nc1sc(-c2ccc(CN3CCCCC3)cc2)cc1C(N)=O,NC(=O)Nc1sc(-c2ccccc2)cc1C(=O)N[C@H]1CN2CCC1CC2,CN(C)CCNC(=O)c1cc(-c2ccccc2)sc1NC(N)=O,NC(=O)Nc1sc(-c2ccc(C(N)=O)cc2)cc1C(=O)N[C@H]1CCCNC1,N#Cc1ccc(-c2cc(C(=O)N[C@H]3CCCNC3)c(NC(N)=O)s2)cc1,COc1ccc(CNCc2ccc(-c3cc(C(N)=O)c(NC(N)=O)s3)cc2)cc1,NC(=O)Nc1sc(-c2ccccc2)cc1C(=O)N[C@@H]1CN2CCC1CC2,CNCCNC(=O)c1cc(-c2ccccc2)sc1NC(N)=O,NC(=O)Nc1sc(-c2cccc(C(N)=O)c2)cc1C(=O)N[C@H]1CCCNC1",1.0,69
O14757_Sries15811,[#6&R]1:&@[#7&R]:&@[#7&R]:&@[#6&R]2:&@[#6&R]:&@1-&@[#6&R]-&@[#6&R]1:&@[#6&R]-&@2:&@[#6&R]:&@[#6&R]:&@[#6&R]:&@[#6&R]:&@1,"COc1cc2c(cc1OC)-c1n[nH]c(-c3ccc(N4CCC(O)CC4)cc3)c1C2,COc1cc2c(cc1OCCCN(C)C)Cc1c-2n[nH]c1-c1ccc(C#N)cc1,COc1cc2c(cc1OC)-c1n[nH]c(-c3ccc(-c4ccc(O)cc4)nc3)c1C2,COc1cc2c(cc1OCc1ccccn1)Cc1c-2n[nH]c1-c1ccc(C#N)cc1,COc1cc2c(cc1OC)-c1n[nH]c(-c3ccc(N4CCOCC4)cc3)c1C2,COc1cc2c(cc1CN[C@H]1CC[C@H](O)CC1)Cc1c-2n[nH]c1-c1ccc(C#N)cc1,COc1cc2c(cc1OC)-c1n[nH]c(C#Cc3ccc(NC(N)=O)cc3)c1C2,COc1cc2c(cc1OC)-c1n[nH]c(-c3ccc(Nc4ccncc4)cc3)c1C2,COc1cc(C#Cc2[nH]nc3c2Cc2cc(OC)c(OC)cc2-3)ccc1O,COc1cc2c(cc1OCc1ccncc1)Cc1c-2n[nH]c1-c1ccc(C#N)cc1,COc1cc2c(cc1OC)-c1n[nH]c(-c3ccc(Br)cc3)c1C2,COc1cc2c(cc1OC1CCOC1)Cc1c-2n[nH]c1-c1ccc(C#N)cc1,COc1cc2c(cc1OC)-c1n[nH]c(C#Cc3ccc(O)cc3)c1C2,COc1cc2c(cc1OC)-c1n[nH]c(-c3ccc(-c4ccc(N)cc4)cc3)c1C2,COc1cc2c(cc1OC)-c1n[nH]c(-c3cnccn3)c1C2,C#Cc1[nH]nc2c1Cc1cc(OC)c(OC)cc1-2,COc1cc2c(cc1OCc1cccnc1)Cc1c-2n[nH]c1-c1ccc(C#N)cc1,COc1cc2c(cc1OC)-c1n[nH]c(-c3ccc(CN)cc3)c1C2,COc1cc2c(cc1C(=O)N[C@H]1CC[C@H](O)CC1)Cc1c-2n[nH]c1-c1ccc(C#N)cc1,COc1cc2c(cc1OC)-c1n[nH]c(-c3ccc(C#N)cn3)c1C2,COc1cc2c(cc1OCC1CCOC1)Cc1c-2n[nH]c1-c1ccc(C#N)cc1,COc1cc2c(cc1OC)-c1n[nH]c(-c3ccc(-c4ccc(C(=O)O)o4)cc3)c1C2,COc1cc2c(cc1OC)-c1n[nH]c(-c3ccc(CO)cc3)c1C2,COc1cc2c(cc1OC)-c1n[nH]c(-c3cnc(Cl)c(Cl)c3)c1C2,COc1cc2c(cc1OC)-c1n[nH]c(-c3ccc(-c4cncn4C)cc3)c1C2,COc1cc2c(cc1OC)-c1n[nH]c(-c3ccc(-c4ccc(O)cc4)cc3)c1C2,COc1cc2c(cc1OC[C@H](O)CO)Cc1c-2n[nH]c1-c1ccc(C#N)cc1,COc1cc2c(cc1OC)-c1n[nH]c(-c3cncnc3)c1C2,COc1cc2c(cc1OC)-c1n[nH]c(-c3ccc(C(=O)O)cc3)c1C2,COc1cc2c(cc1OC)-c1n[nH]c(-c3ccc(C(F)(F)F)nc3)c1C2,COc1cc2c(cc1Cn1ccnc1)Cc1c-2n[nH]c1-c1ccc(C#N)cc1,COc1cc2c(cc1OC)-c1n[nH]c(-c3ccc(-c4cn(C)cn4)cc3)c1C2,COc1cc2c(cc1OC)-c1n[nH]c(-c3ccc(C#N)cc3)c1C2,COc1cc2c(cc1OC)-c1n[nH]c(-c3ccc(-c4nn[nH]n4)cc3)c1C2,COc1cc2c(cc1OC)-c1n[nH]c(-c3ccc(Br)nc3)c1C2,COc1cc2c(cc1OC)-c1n[nH]c(-c3ccc(Cl)nc3)c1C2,COc1cc2c(cc1OC)-c1n[nH]c(-c3ccc(-c4c[nH]cn4)cc3)c1C2,COc1cc2c(cc1OC(CO)CO)Cc1c-2n[nH]c1-c1ccc(C#N)cc1,COc1cc2c(cc1OC1CCOCC1)Cc1c-2n[nH]c1-c1ccc(C#N)cc1,COc1cc2c(cc1OC)-c1n[nH]c(-c3ccc(O)cc3)c1C2,COc1cc2c(cc1OC)-c1n[nH]c(-c3ccc(F)nc3)c1C2,COc1cc2c(cc1OCCc1ncsc1C)Cc1c-2n[nH]c1-c1ccc(C#N)cc1,COc1cc2c(cc1OC)-c1n[nH]c(-c3ccc(-c4ccc[nH]4)cc3)c1C2,N#Cc1ccc(-c2[nH]nc3c2Cc2cc(C(=O)N[C@H]4CC[C@H](O)CC4)ccc2-3)cc1,COc1cc2c(cc1O)Cc1c-2n[nH]c1-c1ccc(C#N)cc1,COc1cc2c(cc1OC)-c1n[nH]c(-c3ccc(-c4cn[nH]c4)cc3)c1C2,COc1cc2c(cc1OCCCN1CCOCC1)Cc1c-2n[nH]c1-c1ccc(C#N)cc1,COc1cc2c(cc1OC)-c1n[nH]c(-c3cccnc3)c1C2,CCc1ccc(CCOc2cc3c(cc2OC)-c2n[nH]c(-c4ccc(C#N)cc4)c2C3)nc1,COc1cc2c(cc1OC)-c1[nH]nc(-c3ccc(C#N)nc3)c1C2",1.0,50
O14757_Sries37726,[#6&R]1:&@[#6&R]:&@[#6&R]2:&@[#6&R](:&@[#6&R]:&@[#7&R]:&@1):&@[#7&R]:&@[#6&R]1:&@[#6&R]:&@2:&@[#6&R]:&@[#6&R]:&@[#6&R]:&@[#7&R]:&@1,"c1cc2c(cn1)[nH]c1ncc(-c3ccc(CN4CCCCC4)cc3)cc12,N#Cc1cc2c(cn1)[nH]c1ncc(-c3ccoc3)cc12,c1cnc(-c2cc3c(cn2)[nH]c2ncc(-c4ccc(CN5CCCCC5)cc4)cc23)cn1,CCN1CCc2sc(-c3cnc4[nH]c5cnc(C#N)cc5c4c3)cc2C1,N#Cc1cc2c(cn1)[nH]c1ncc(-c3cccc(CO)c3)cc12,c1cc(-c2cc3c(cn2)[nH]c2ncc(-c4ccc(CN5CCCCC5)cc4)cc23)ccn1,CC1(C)CCCN(Cc2ccc(-c3cnc4[nH]c5cnc(C#N)cc5c4c3)cc2)C1,CCN1CCc2cc(-c3cnc4[nH]c5cnc(C#N)cc5c4c3)ccc2C1,N#Cc1cc2c(cn1)[nH]c1ncc(-c3ccc(CO)cc3)cc12,c1cncc(-c2cc3c(cn2)[nH]c2ncc(-c4ccc(CN5CCCCC5)cc4)cc23)c1,C[C@@H]1C[C@H](C)CN(Cc2ccc(-c3cnc4[nH]c5cnc(C#N)cc5c4c3)cc2)C1,N#Cc1cc2c(cn1)[nH]c1ncc(-c3nc(CN4CCCCC4)cs3)cc12,CC(=O)Nc1cccc(-c2cnc3[nH]c4cnc(C#N)cc4c3c2)c1,Cn1cc(-c2cc3c(cn2)[nH]c2ncc(-c4ccc(CN5CCCCC5)cc4)cc23)cn1,C[C@@H]1CCC[C@H](C)N1Cc1ccc(-c2cnc3[nH]c4cnc(C#N)cc4c3c2)cc1,N#Cc1cc2c(cn1)[nH]c1ncc(-c3ccc(CN4CCCCC4)nc3)cc12,N#Cc1cc2c(cn1)[nH]c1ncc(-c3ccccc3O)cc12,c1cc(-c2cnc3[nH]c4cnc(-c5cnoc5)cc4c3c2)ccc1CN1CCCCC1,N#Cc1cc2c(cn1)[nH]c1ncc(-c3ccc(CN4CCCCC4)cc3)cc12,N#Cc1cc2c(cn1)[nH]c1ncc(-c3ccc(CN4CCC5(CC4)COC5)cc3)cc12,N#Cc1cc2c(cn1)[nH]c1ncc(-c3ccc(N4CCOCC4)cc3)cc12,c1nnc(-c2cc3c(cn2)[nH]c2ncc(-c4ccc(CN5CCCCC5)cc4)cc23)o1,CN1CCN(c2cccc(-c3cnc4[nH]c5cnc(C#N)cc5c4c3)c2)CC1,N#Cc1cc2c(cn1)[nH]c1ncc(-c3ccc(CN4CCOCC4)cc3)cc12,CCNc1cnc2[nH]c3cnc(C#N)cc3c2c1,c1ncc(-c2cc3c(cn2)[nH]c2ncc(-c4ccc(CN5CCCCC5)cc4)cc23)s1,N#Cc1cc2c(cn1)[nH]c1ncc(-c3ccncc3)cc12,N#Cc1cc2c(cn1)[nH]c1ncc(-c3ccc(CN4CCC(C#N)CC4)cc3)cc12,N#Cc1cc2c(cn1)[nH]c1ncc(O)cc12,c1ncc(-c2cc3c(cn2)[nH]c2ncc(-c4ccc(CN5CCCCC5)cc4)cc23)o1,N#Cc1cc2c(cn1)[nH]c1ncc(-c3cccnc3)cc12,N#Cc1cc2c(cn1)[nH]c1ncc(-c3ccc(CN4CCC(F)CC4)cc3)cc12,N#Cc1cc2c(cn1)[nH]c1ncc(Br)cc12,Oc1cc2c(cn1)[nH]c1ncc(-c3ccc(CN4CCCCC4)cc3)cc12,N#Cc1cc2c(cn1)[nH]c1ncc(-c3ccccn3)cc12,N#Cc1cc2c(cn1)[nH]c1ncc(-c3ccc(CN4CCC[C@@H](O)C4)cc3)cc12,N#Cc1cc2c(cn1)[nH]c1ncccc12,COc1cc2c(cn1)[nH]c1ncc(-c3ccc(CN4CCCCC4)cc3)cc12,N#Cc1cc2c(cn1)[nH]c1ncc(-c3ncc[nH]3)cc12,N#Cc1cc2c(cn1)[nH]c1ncc(-c3ccc(CN4CCC(O)CC4)cc3)cc12,CN1CCN(c2ccc(-c3cnc4[nH]c5cnc(C#N)cc5c4c3)cc2)CC1,OCc1cc2c(cn1)[nH]c1ncc(-c3ccc(CN4CCCCC4)cc3)cc12,CCNC(=O)c1cc2c(cn1)[nH]c1ncc(-c3ccc(CN4CCCCC4)cc3)cc12,Cn1ccc(-c2cnc3[nH]c4cnc(C#N)cc4c3c2)n1,CC(C)(c1ccc(-c2cnc3[nH]c4cnc(C#N)cc4c3c2)cc1)N1CCCCC1,c1ncc(-c2cc3c(cn2)[nH]c2ncc(-c4ccc(CN5CCCCC5)cc4)cc23)cn1,NC(=O)c1cc2c(cn1)[nH]c1ncc(-c3ccc(CN4CCCCC4)cc3)cc12,N#Cc1cc2c(cn1)[nH]c1ncc(-c3cccs3)cc12,CC1(C)CCN(Cc2ccc(-c3cnc4[nH]c5cnc(C#N)cc5c4c3)cc2)CC1,c1cc(-c2cc3c(cn2)[nH]c2ncc(-c4ccc(CN5CCCCC5)cc4)cc23)cnn1",1.0,50
O14757_Sries27479,[#6&R]1:&@[#6&R]:&@[#6&R]2:&@[#7&R]:&@[#7&R]:&@[#6&R](:&@[#7&R]:&@2:&@[#6&R]2:&@[#6&R]:&@1:&@[#6&R]:&@[#6&R]:&@[#6&R]:&@[#6&R]:&@2)=&!@[#8&!R],"O=c1[nH]nc2cc(CO)c3ccc(-c4ccco4)cc3n12,O=c1[nH]nc2cc(CN3CCN(CCO)CC3)c3ccc(-c4ccc[nH]4)cc3n12,CNCCNC(=O)c1cc2n[nH]c(=O)n2c2cc(-c3ccsc3)ccc12,Cc1cc2n[nH]c(=O)n2c2cc(-c3ccc[nH]3)ccc12,NCCNCc1cc2n[nH]c(=O)n2c2cc(-c3ccc[nH]3)ccc12,CN(C)CCNC(=O)c1cc2n[nH]c(=O)n2c2cc(-c3ccc[nH]3)ccc12,CN(C)CCC(=O)Nc1cc2n[nH]c(=O)n2c2cc(-c3ccsc3)ccc12,O=c1[nH]nc2cc(Cn3ccnc3)c3ccc(-c4ccc[nH]4)cc3n12,Cc1cc2n[nH]c(=O)n2c2cc(-c3ccc(CO)cc3)ccc12,CN(C)CCNC(=O)c1cc2n[nH]c(=O)n2c2cc(-c3ccsc3)ccc12,Nc1cc2n[nH]c(=O)n2c2cc(-c3ccoc3)ccc12,O=C(N[C@H]1CCCNC1)c1cc2n[nH]c(=O)n2c2cc(-c3ccsc3)ccc12,NC1CN(C(=O)c2cc3n[nH]c(=O)n3c3cc(-c4ccsc4)ccc23)C1,CN(C)CCNCc1cc2n[nH]c(=O)n2c2cc(-c3ccc[nH]3)ccc12,Nc1cc2n[nH]c(=O)n2c2cc(-c3ccc[nH]3)ccc12,Nc1cc2n[nH]c(=O)n2c2cc(-c3cccs3)ccc12,O=C(NCCCO)c1cc2n[nH]c(=O)n2c2cc(-c3ccc[nH]3)ccc12,Cc1cc2n[nH]c(=O)n2c2cc(-c3cccs3)ccc12,O=C(c1cc2n[nH]c(=O)n2c2cc(-c3ccc[nH]3)ccc12)N1CC[C@H](O)C1,CN(C)CCNC(=O)c1cc2n[nH]c(=O)n2c2cc(-c3csc(CN4CCN(C)CC4)c3)ccc12,COCc1cc2n[nH]c(=O)n2c2cc(-c3ccsc3)ccc12,O=c1[nH]nc2cc(CNCCCO)c3ccc(-c4ccc[nH]4)cc3n12,NCC1CN(C(=O)c2cc3n[nH]c(=O)n3c3cc(-c4ccc[nH]4)ccc23)C1,Nc1cc2n[nH]c(=O)n2c2cc(-c3ccco3)ccc12,O=c1[nH]nc2cc(CN[C@@H]3CCCNC3)c3ccc(-c4ccc[nH]4)cc3n12,O=C(NCCCO)c1cc2n[nH]c(=O)n2c2cc(-c3ccsc3)ccc12,O=c1[nH]nc2cc(CO)c3ccc(-c4ccncc4)cc3n12,Nc1cc2n[nH]c(=O)n2c2cc(-c3cn[nH]c3)ccc12,CN(C)Cc1cc2n[nH]c(=O)n2c2cc(-c3ccc[nH]3)ccc12,CN1CCN(Cc2cc(-c3ccc4c(N)cc5n[nH]c(=O)n5c4c3)cs2)CC1,Cc1cc2n[nH]c(=O)n2c2ccccc12,O=c1[nH]nc2cc(CO)c3ccc(-c4cccs4)cc3n12,O=C(NCCO)c1cc2n[nH]c(=O)n2c2cc(-c3ccc[nH]3)ccc12,O=C(NCCN1CCOCC1)c1cc2n[nH]c(=O)n2c2cc(-c3ccsc3)ccc12,NCc1cc2n[nH]c(=O)n2c2cc(-c3ccc[nH]3)ccc12,O=c1[nH]nc2cc(CO)c3ccc(-c4cn[nH]c4)cc3n12,Nc1cc2n[nH]c(=O)n2c2cc(-c3ccsc3)ccc12,Nc1cc2n[nH]c(=O)n2c2cc(-c3ccncc3)ccc12,CNCc1cc(-c2ccc3c(N)cc4n[nH]c(=O)n4c3c2)cs1,CN(C)CCCNCc1cc2n[nH]c(=O)n2c2cc(-c3ccc[nH]3)ccc12,O=c1[nH]nc2cc(CO)c3ccc(-c4ccsc4)cc3n12,O=c1[nH]nc2cc(CNCCO)c3ccc(-c4ccc[nH]4)cc3n12,O=C(N[C@H]1CCCNC1)c1cc2n[nH]c(=O)n2c2cc(-c3ccc[nH]3)ccc12,O=c1[nH]nc2cc(CN3CC[C@H](O)C3)c3ccc(-c4ccc[nH]4)cc3n12,O=c1[nH]nc2cc(CO)c3ccc(-c4ccc[nH]4)cc3n12,CN1CCN(Cc2cc3n[nH]c(=O)n3c3cc(-c4ccc[nH]4)ccc23)CC1,CNCCNC(=O)c1cc2n[nH]c(=O)n2c2cc(-c3ccc[nH]3)ccc12,O=c1[nH]nc2cc(CO)c3ccc(-c4ccoc4)cc3n12,Nc1cc2n[nH]c(=O)n2c2cc(Br)ccc12,CNCc1cc(-c2ccc3c(C(=O)NCCN(C)C)cc4n[nH]c(=O)n4c3c2)cs1",1.0,50
O14757_Sries14139,[#7&!R]#&!@[#6&!R]-&!@[#6&R]1:&@[#7&R]:&@[#6&R]:&@[#6&R]2:&@[#7&R]:&@[#6&R]:&@1-&@[#8&R]-&@[#6&R]-&@[#6&R]-&@[#6&R]-&@[#6&R]-&@[#6&R]-&@[#8&R]-&@[#6&R]1:&@[#6&R](-&@[#7&R]-&@[#6&R](-&@[#7&R]-&@2)=&!@[#8&!R]):&@[#6&R]:&@[#6&R](:&@[#6&R]:&@[#6&R]:&@1)-&!@[#17&!R],"CCN(CC)c1cc2c(cc1Cl)NC(=O)Nc1cnc(C#N)c(n1)OCCCCCO2,CC(C)CNc1cc2c(cc1Cl)NC(=O)Nc1cnc(C#N)c(n1)OCCCCCO2,CC(C)CCOc1cc2c(cc1Cl)NC(=O)Nc1cnc(C#N)c(n1)OCCCCCO2,CN(C)c1cc2c(cc1Cl)NC(=O)Nc1cnc(C#N)c(n1)OCCCCCO2,CC(C)Nc1cc2c(cc1Cl)NC(=O)Nc1cnc(C#N)c(n1)OCCCCCO2,CN(C)CCOc1cc2c(cc1Cl)NC(=O)Nc1cnc(C#N)c(n1)OCCCCCO2,CS(=O)(=O)Nc1cc2c(cc1Cl)NC(=O)Nc1cnc(C#N)c(n1)OCCCCCO2,N#Cc1ncc2nc1OCCCCCOc1cc(NCCO)c(Cl)cc1NC(=O)N2,COCCOCCOc1cc2c(cc1Cl)NC(=O)Nc1cnc(C#N)c(n1)OCCCCCO2,N#Cc1ncc2nc1OCCCCCOc1cc(NC(=O)CCNC3CCCC3)c(Cl)cc1NC(=O)N2,CCCCNc1cc2c(cc1Cl)NC(=O)Nc1cnc(C#N)c(n1)OCCCCCO2,COCCOc1cc2c(cc1Cl)NC(=O)Nc1cnc(C#N)c(n1)OCCCCCO2,CN(C)CC(=O)Nc1cc2c(cc1Cl)NC(=O)Nc1cnc(C#N)c(n1)OCCCCCO2,CCNc1cc2c(cc1Cl)NC(=O)Nc1cnc(C#N)c(n1)OCCCCCO2,N#Cc1ncc2nc1OCCCCCOc1cc(OCCO)c(Cl)cc1NC(=O)N2,N#Cc1ncc2nc1OCCCCCOc1cc(CC(O)CO)c(Cl)cc1NC(=O)N2,Cn1cncc1CNc1cc2c(cc1Cl)NC(=O)Nc1cnc(C#N)c(n1)OCCCCCO2,CNc1cc2c(cc1Cl)NC(=O)Nc1cnc(C#N)c(n1)OCCCCCO2,N#Cc1ncc2nc1OCCCCCOc1cc(OCC(O)CO)c(Cl)cc1NC(=O)N2,N#Cc1ncc2nc1OCCCCCOc1cc(CCCO)c(Cl)cc1NC(=O)N2,N#Cc1ncc2nc1OCCCCCOc1cc(NCc3ccsc3)c(Cl)cc1NC(=O)N2,N#Cc1ncc2nc1OCCCCCOc1cc(N)c(Cl)cc1NC(=O)N2,N#Cc1ncc2nc1OCCCCCOc1cc(OCCCN)c(Cl)cc1NC(=O)N2,CCN(CC)CC#Cc1cc2c(cc1Cl)NC(=O)Nc1cnc(C#N)c(n1)OCCCCCO2,N#Cc1ncc2nc1OCCCCCOc1cc(NCc3cnco3)c(Cl)cc1NC(=O)N2,N#Cc1ncc2nc1OCCCCCOc1cc(OCCn3ccnc3)c(Cl)cc1NC(=O)N2,N#Cc1ncc2nc1OCCCCCOc1cc(OCCCO)c(Cl)cc1NC(=O)N2,CC(C)(O)C#Cc1cc2c(cc1Cl)NC(=O)Nc1cnc(C#N)c(n1)OCCCCCO2,N#Cc1ncc2nc1OCCCCCOc1cc(NCc3cncs3)c(Cl)cc1NC(=O)N2,N#Cc1ncc2nc1OCCCCCOc1cc(OCc3ccccn3)c(Cl)cc1NC(=O)N2,N#Cc1ncc2nc1OCCCCCOc1cc(O)c(Cl)cc1NC(=O)N2,CC(O)C#Cc1cc2c(cc1Cl)NC(=O)Nc1cnc(C#N)c(n1)OCCCCCO2,N#Cc1ncc2nc1OCCCCCOc1cc(NCc3c[nH]cn3)c(Cl)cc1NC(=O)N2,N#Cc1ncc2nc1OCCCCCOc1cc(OCc3cccnc3)c(Cl)cc1NC(=O)N2,N#Cc1ncc2nc1OCCCCCOc1cc(C#CCO)c(Cl)cc1NC(=O)N2,N#Cc1ncc2nc1OCCCCCOc1cc(NCc3ccccc3)c(Cl)cc1NC(=O)N2,N#Cc1ncc2nc1OCCCCCOc1cc(OCc3ccncc3)c(Cl)cc1NC(=O)N2,N#Cc1ncc2nc1OCCCCCOc1cc(N3CCCCC3)c(Cl)cc1NC(=O)N2,N#Cc1ncc2nc1OCCCCCOc1ccc(Cl)cc1NC(=O)N2,N#Cc1ncc2nc1OCCCCCOc1cc(NCc3ccncc3)c(Cl)cc1NC(=O)N2,CC(C)Oc1cc2c(cc1Cl)NC(=O)Nc1cnc(C#N)c(n1)OCCCCCO2,N#Cc1ncc2nc1OCCCCCOc1cc(N(CCO)CCO)c(Cl)cc1NC(=O)N2,CC(=O)Nc1cc2c(cc1Cl)NC(=O)Nc1cnc(C#N)c(n1)OCCCCCO2,N#Cc1ncc2nc1OCCCCCOc1cc(NCc3cccnc3)c(Cl)cc1NC(=O)N2,CCOc1cc2c(cc1Cl)NC(=O)Nc1cnc(C#N)c(n1)OCCCCCO2",0.9,45
O14757_Sries15687,[#6&!R]-&!@[#8&!R]-&!@[#6&R]1:&@[#6&R]:&@[#6&R]2:&@[#6&R](:&@[#6&R]:&@[#6&R]:&@1-&!@[#8&!R]-&!@[#6&!R])-&@[#6&R]1:&@[#6&R](-&@[#6&R]-&@2):&@[#6&R](:&@[#7&R]:&@[#7&R]:&@1)-&!@[#6&R]1:&@[#6&R]:&@[#6&R]:&@[#6&R](:&@[#6&R]:&@[#6&R]:&@1)-&!@[#6&R]1:&@[#6&R]:&@[#6&R]:&@[#6&R](:&@[#6&R]:&@[#6&R]:&@1)-&!@[#8&!R],"COc1cc2c(cc1OCCN1CCOCC1)Cc1c-2n[nH]c1-c1ccc(-c2ccc(O)cc2)cc1,COc1cc2c(cc1OC(=O)NCCN(C)C)-c1n[nH]c(-c3ccc(-c4ccc(O)cc4)cc3)c1C2,COc1cc2c(cc1OCCCN1CCCCC1)Cc1c-2n[nH]c1-c1ccc(-c2ccc(O)cc2)cc1,COc1cc2c(cc1OCCN(C)C)-c1n[nH]c(-c3ccc(-c4ccc(O)cc4)cc3)c1C2,COc1cc2c(cc1OCCN1CCCCC1)Cc1c-2n[nH]c1-c1ccc(-c2ccc(O)cc2)cc1,COc1cc2c(cc1OCc1ccncc1)-c1n[nH]c(-c3ccc(-c4ccc(O)cc4)cc3)c1C2,COc1cc2c(cc1OCCN1CCCC1)Cc1c-2n[nH]c1-c1ccc(-c2ccc(O)cc2)cc1,COc1cc2c(cc1OCC[C@@H]1CCCN1)Cc1c-2n[nH]c1-c1ccc(-c2ccc(O)cc2)cc1,COc1cc2c(cc1OCc1cccnc1)-c1n[nH]c(-c3ccc(-c4ccc(O)cc4)cc3)c1C2,COc1cc2c(cc1OCCCN(C)C)Cc1c-2n[nH]c1-c1ccc(-c2ccc(O)cc2)cc1,COc1cc2c(cc1OC(C)CN(C)C)Cc1c-2n[nH]c1-c1ccc(-c2ccc(O)cc2)cc1,COc1cc2c(cc1OCc1ccccn1)-c1n[nH]c(-c3ccc(-c4ccc(O)cc4)cc3)c1C2,COc1cc2c(cc1OC)-c1n[nH]c(-c3ccc(-c4ccc(O)cc4)cc3)c1C2,COc1cc2c(cc1OC[C@H]1CC=CCC1)Cc1c-2n[nH]c1-c1ccc(-c2ccc(O)cc2)cc1,COc1cc2c(cc1OCCn1ccnc1)-c1n[nH]c(-c3ccc(-c4ccc(O)cc4)cc3)c1C2,COc1cc2c(cc1OCC1CCOC1)Cc1c-2n[nH]c1-c1ccc(-c2ccc(O)cc2)cc1,COc1cc2c(cc1OCCCN1CCN(c3cccc(Cl)c3)CC1)-c1n[nH]c(-c3ccc(-c4ccc(O)cc4)cc3)c1C2,COc1cc2c(cc1OC[C@H](O)CO)Cc1c-2n[nH]c1-c1ccc(-c2ccc(O)cc2)cc1,COc1cc2c(cc1OC[C@@H](O)CO)Cc1c-2n[nH]c1-c1ccc(-c2ccc(O)cc2)cc1,CCN(CC)CC(CN(CC)CC)Oc1cc2c(cc1OC)Cc1c-2n[nH]c1-c1ccc(-c2ccc(O)cc2)cc1,COc1cc2c(cc1OCCn1ccnc1)Cc1c-2n[nH]c1-c1ccc(-c2ccc(O)cc2)cc1,COc1cc2c(cc1OCCN1CCOCC1)-c1n[nH]c(-c3ccc(-c4ccc(O)cc4)cc3)c1C2,CCc1ccc(CCOc2cc3c(cc2OC)-c2n[nH]c(-c4ccc(-c5ccc(O)cc5)cc4)c2C3)nc1,COc1cc2c(cc1OCCN(C)C)Cc1c-2n[nH]c1-c1ccc(-c2ccc(O)cc2)cc1,COc1cc2c(cc1OCCc1ccccn1)Cc1c-2n[nH]c1-c1ccc(-c2ccc(O)cc2)cc1,COc1cc2c(cc1OCCc1cccnc1)Cc1c-2n[nH]c1-c1ccc(-c2ccc(O)cc2)cc1,COc1cc2c(cc1OC(F)(F)F)-c1n[nH]c(-c3ccc(-c4ccc(O)cc4)cc3)c1C2,COc1cc2c(cc1OCCc1ccncc1)Cc1c-2n[nH]c1-c1ccc(-c2ccc(O)cc2)cc1,COc1cc2c(cc1OCCCN1CCN(C)CC1)-c1n[nH]c(-c3ccc(-c4ccc(O)cc4)cc3)c1C2,COc1cc2c(cc1OCCN1CCCC1)-c1n[nH]c(-c3ccc(-c4ccc(O)cc4)cc3)c1C2,COc1cc2c(cc1OCc1ccccn1)Cc1c-2n[nH]c1-c1ccc(-c2ccc(O)cc2)cc1,COc1cc2c(cc1OC(=O)NCc1ccccn1)-c1n[nH]c(-c3ccc(-c4ccc(O)cc4)cc3)c1C2,COc1cc2c(cc1OCc1cccnc1)Cc1c-2n[nH]c1-c1ccc(-c2ccc(O)cc2)cc1,COc1cc2c(cc1OCCC1CCCN1C)-c1n[nH]c(-c3ccc(-c4ccc(O)cc4)cc3)c1C2,COc1cc2c(cc1OCc1ccncc1)Cc1c-2n[nH]c1-c1ccc(-c2ccc(O)cc2)cc1,COc1cc2c(cc1OC(=O)NCCN1CCOCC1)-c1n[nH]c(-c3ccc(-c4ccc(O)cc4)cc3)c1C2,COc1cc2c(cc1OCCCN1CCN(c3cccc(Cl)c3)CC1)Cc1c-2n[nH]c1-c1ccc(-c2ccc(O)cc2)cc1,COc1cc2c(cc1OCC(C)CN(C)C)-c1n[nH]c(-c3ccc(-c4ccc(O)cc4)cc3)c1C2,COc1cc2c(cc1OCCCN1CCN(c3ccccc3OC)CC1)Cc1c-2n[nH]c1-c1ccc(-c2ccc(O)cc2)cc1,COc1cc2c(cc1OC(=O)NCCN1CCCC1)-c1n[nH]c(-c3ccc(-c4ccc(O)cc4)cc3)c1C2,COc1cc2c(cc1OCCCN1CCOCC1)Cc1c-2n[nH]c1-c1ccc(-c2ccc(O)cc2)cc1,COc1cc2c(cc1OC(C)CN(C)C)-c1n[nH]c(-c3ccc(-c4ccc(O)cc4)cc3)c1C2",0.9,42
O14757_Sries15856,[#8&!R]=&!@[#6&R]1:&@[#7&R]:&@[#6&R]:&@[#6&R]:&@[#6&R]2:&@[#6&R]:&@1:&@[#6&R]1:&@[#6&R]:&@[#6&R]:&@[#6&R]:&@[#6&R]:&@[#6&R]:&@1:&@[#6&R]:&@[#6&R]:&@2,"NCCc1cc2cc[nH]c(=O)c2c2cc(Cl)ccc12,NCCCc1cc2c(-c3cccc(F)c3)c[nH]c(=O)c2c2cc(-c3cn[nH]c3)ccc12,NCCc1cc2cc[nH]c(=O)c2c2cc(-c3ccc[nH]3)ccc12,NCCCc1cc2cc[nH]c(=O)c2c2cc(Br)ccc12,NCCCc1cc2c(-c3ccccc3F)c[nH]c(=O)c2c2cc(-c3cn[nH]c3)ccc12,NCCCc1cc2cc[nH]c(=O)c2c2cc(-c3ccn[nH]3)ccc12,NCCCc1cc2cc[nH]c(=O)c2c2cc(Cl)ccc12,NCCCc1cc2c(-c3ccc(O)cc3)c[nH]c(=O)c2c2cc(-c3cn[nH]c3)ccc12,NCCc1cc2cc[nH]c(=O)c2c2cc(-c3ccn[nH]3)ccc12,N#CCCc1cc2cc[nH]c(=O)c2c2cc(Br)ccc12,NCCCc1cc2c(-c3cccc(O)c3)c[nH]c(=O)c2c2cc(-c3cn[nH]c3)ccc12,NCCCc1cc2cc[nH]c(=O)c2c2cc(-c3cn[nH]c3)ccc12,N#CCCc1cc2cc[nH]c(=O)c2c2cc(Cl)ccc12,NCCCc1cc2c(-c3ccccc3O)c[nH]c(=O)c2c2cc(-c3cn[nH]c3)ccc12,NCCc1cc2cc[nH]c(=O)c2c2cc(-c3cn[nH]c3)ccc12,COC(=O)c1cc2cc[nH]c(=O)c2c2cc(Br)ccc12,NCCCc1cc2c(-c3ccccc3)c[nH]c(=O)c2c2cc(-c3cn[nH]c3)ccc12,NCCCc1cc2cc[nH]c(=O)c2c2cc(C(N)=O)ccc12,COC(=O)c1cc2cc[nH]c(=O)c2c2cc(Cl)ccc12,C=Cc1c[nH]c(=O)c2c1cc(CCCN)c1ccc(-c3cn[nH]c3)cc12,N#Cc1ccc2c(CCCN)cc3cc[nH]c(=O)c3c2c1,N#Cc1cc2cc[nH]c(=O)c2c2cc(Br)ccc12,NCCCc1cc2c(Br)c[nH]c(=O)c2c2cc(-c3cn[nH]c3)ccc12,NCCCc1cc2cc[nH]c(=O)c2c2ccccc12,NCCCc1cc2c(-c3ccc(Cl)cc3Cl)c[nH]c(=O)c2c2cc(-c3cn[nH]c3)ccc12,N#Cc1cc2cc[nH]c(=O)c2c2cc(Cl)ccc12,CN(C)CCNC(=O)c1ccc2c(CCCN)cc3cc[nH]c(=O)c3c2c1,CN(C)CCc1cc2cc[nH]c(=O)c2c2cc(Br)ccc12,NCCCc1cc2c(-c3ccc(Cl)cc3)c[nH]c(=O)c2c2cc(-c3cn[nH]c3)ccc12,O=c1[nH]ccc2ccc3ccc(Cl)cc3c12,NCCc1cc2cc[nH]c(=O)c2c2cc(-c3ccc(CN4CCOCC4)cc3)ccc12,CNCCc1cc2cc[nH]c(=O)c2c2cc(Br)ccc12,O=c1[nH]ccc2cc(CCO)c3ccc(Br)cc3c12,NCCCc1cc2c(-c3cccc(Cl)c3)c[nH]c(=O)c2c2cc(-c3cn[nH]c3)ccc12,NCCCc1cc2cc[nH]c(=O)c2c2cc(-c3ccc(CN)cc3)ccc12,O=c1[nH]ccc2cc(CO)c3ccc(Br)cc3c12,NCCCc1cc2c(-c3ccccc3Cl)c[nH]c(=O)c2c2cc(-c3cn[nH]c3)ccc12,Cn1cc(-c2ccc3c(CCCN)cc4cc[nH]c(=O)c4c3c2)cn1,NCCc1cc2cc[nH]c(=O)c2c2cc(Br)ccc12,NCCCc1cc2c(-c3ccc(F)cc3)c[nH]c(=O)c2c2cc(-c3cn[nH]c3)ccc12,NCCCc1cc2cc[nH]c(=O)c2c2cc(-c3ccc[nH]3)ccc12",1.0,41
O14757_Sries12984,[#6&R]1:&@[#6&R]:&@[#6&R]:&@[#6&R]:&@[#6&R]:&@[#6&R]:&@1-&!@[#7&!R]-&!@[#6&!R](=&!@[#8&!R])-&!@[#7&!R]-&!@[#6&R]1:&@[#6&R]:&@[#7&R]:&@[#6&R](:&@[#6&R]:&@[#7&R]:&@1)-&!@[#6&!R]#&!@[#7&!R],"CCC(C)C(C(=O)Nc1cc(OC)c(NC(=O)Nc2cnc(C#N)cn2)cc1Cl)c1ccccc1,CN1CCN(c2cc(OCc3cccnc3)c(NC(=O)Nc3cnc(C#N)cn3)cc2Cl)CC1,COc1cc(NC(=O)CCCc2ccccc2)c(Cl)cc1NC(=O)Nc1cnc(C#N)cn1,COc1cc(NC(=O)CCc2ccccc2)c(Cl)cc1NC(=O)Nc1cnc(C#N)cn1,COc1cc(NC(=O)CCCc2cccs2)c(Cl)cc1NC(=O)Nc1cnc(C#N)cn1,CN1CCN(c2cc(OC3CCOC3)c(NC(=O)Nc3cnc(C#N)cn3)cc2Cl)CC1,COc1cc(NC(=O)Cc2ccsc2)c(Cl)cc1NC(=O)Nc1cnc(C#N)cn1,COc1cc(NC(=O)c2cccs2)c(Cl)cc1NC(=O)Nc1cnc(C#N)cn1,COc1cc(NC(=O)c2ccco2)c(Cl)cc1NC(=O)Nc1cnc(C#N)cn1,COc1cc(NC(=O)Cc2cccnc2)c(Cl)cc1NC(=O)Nc1cnc(C#N)cn1,N#Cc1cnc(NC(=O)Nc2cc(Cl)c(OCC3CCCO3)cc2N2CCCC2)cn1,COc1cc(NC(=O)c2ccncc2)c(Cl)cc1NC(=O)Nc1cnc(C#N)cn1,COc1cc(CN(C)CCN(C)C)ccc1NC(=O)Nc1cnc(C#N)cn1,COc1cc(NC(=O)c2cccnc2)c(Cl)cc1NC(=O)Nc1cnc(C#N)cn1,COc1cc(CN2CCN(C)CC2)ccc1NC(=O)Nc1cnc(C#N)cn1,N#Cc1cnc(NC(=O)Nc2cc(Cl)c(OCc3cccnc3)cc2N2CCCC2)cn1,COC(=O)CCCCCCC(=O)Nc1cc(OC)c(NC(=O)Nc2cnc(C#N)cn2)cc1Cl,CN(C)CCOCCN(C)CCOc1cc(N2CCCC2)c(NC(=O)Nc2cnc(C#N)cn2)cc1Cl,COc1cc(OC)c(NC(=O)Nc2cnc(C#N)cn2)cc1Cl,COc1cc(CN2CCOCC2)ccc1NC(=O)Nc1cnc(C#N)cn1,COC(=O)CCC(=O)Nc1cc(OC)c(NC(=O)Nc2cnc(C#N)cn2)cc1Cl,COc1cc(NC(=O)COC(C)=O)c(Cl)cc1NC(=O)Nc1cnc(C#N)cn1,COc1cc(CN2CCCCC2)ccc1NC(=O)Nc1cnc(C#N)cn1,CN(C)CCOCCOc1cc(N2CCCC2)c(NC(=O)Nc2cnc(C#N)cn2)cc1Cl,COCCOCC(=O)Nc1cc(OC)c(NC(=O)Nc2cnc(C#N)cn2)cc1Cl,COc1cc([N+](=O)[O-])c(Cl)cc1NC(=O)Nc1cnc(C#N)cn1,CCOCCC(=O)Nc1cc(OC)c(NC(=O)Nc2cnc(C#N)cn2)cc1Cl,COc1cc(C=O)ccc1NC(=O)Nc1cnc(C#N)cn1,COc1cc(CN2CCCCC2)c(Cl)cc1NC(=O)Nc1cnc(C#N)cn1,COc1cc(NC(=O)CN(C)C)c(Cl)cc1NC(=O)Nc1cnc(C#N)cn1,CN(C)CCOc1cc(N2CCCC2)c(NC(=O)Nc2cnc(C#N)cn2)cc1Cl,COc1cc(C=O)c(Cl)cc1NC(=O)Nc1cnc(C#N)cn1,COc1cc(NC(=O)CCCOc2ccccc2)c(Cl)cc1NC(=O)Nc1cnc(C#N)cn1,CN(C)CCOc1cc(OCC2(C)COC2)c(NC(=O)Nc2cnc(C#N)cn2)cc1Cl,COc1cc(N)c(Cl)cc1NC(=O)Nc1cnc(C#N)cn1,COc1cc(NC(=O)Cc2ccc(S(C)(=O)=O)cc2)c(Cl)cc1NC(=O)Nc1cnc(C#N)cn1,COc1cc(CN2CCCC2)ccc1NC(=O)Nc1cnc(C#N)cn1,COc1ccc(CC(=O)Nc2cc(OC)c(NC(=O)Nc3cnc(C#N)cn3)cc2Cl)cc1,COc1cccc(CCC(=O)Nc2cc(OC)c(NC(=O)Nc3cnc(C#N)cn3)cc2Cl)c1,CN(C)CCOc1cc(N2CCN(C)CC2)c(Cl)cc1NC(=O)Nc1cnc(C#N)cn1,COc1ccc(CCC(=O)Nc2cc(OC)c(NC(=O)Nc3cnc(C#N)cn3)cc2Cl)cc1",1.0,41
O14757_Sries57589,[#7&!R]#&!@[#6&!R]-&!@[#6&R]1:&@[#6&R]:&@[#7&R]:&@[#6&R](:&@[#6&R]:&@[#7&R]:&@1)-&!@[#7&!R]-&!@[#6&R]1:&@[#6&R]:&@[#6&R](-&!@[#7&!R]):&@[#6&R]:&@[#6&R]:&@[#7&R]:&@1,"Cc1cnc(-c2cnc(Nc3cnc(C#N)cn3)cc2NC[C@H]2CNCCO2)s1,COC(=O)c1cnc(Nc2cnc(C#N)cn2)cc1NCC1CCCNC1,N#Cc1cnc(Nc2cc(NC[C@H]3CNCCO3)c(C(F)(F)F)cn2)cn1,CC(C)(O)C#Cc1cnc(Nc2cnc(C#N)cn2)cc1NCC1CCNCC1,COC(=O)c1cnc(Nc2cnc(C#N)cn2)cc1NCC1CCNCC1,Cn1cc(-c2cnc(Nc3cnc(C#N)cn3)cc2NC[C@H]2CNCCO2)cn1,N#Cc1cnc(Nc2cc(NCC3CCNCC3)c(-c3ccccc3)cn2)cn1,Cn1cc(-c2cnc(Nc3cnc(C#N)cn3)cc2NC[C@@H]2CNCCO2)cn1,COC(=O)c1cnc(Nc2cnc(C#N)cn2)cc1NCC1CNCCO1,N#Cc1cnc(Nc2cc(NCC3CCNCC3)c(-c3cccc(F)c3)cn2)cn1,COC(=O)c1cnc(Nc2cnc(C#N)cn2)cc1NCC1CCN(C)CC1,Cn1cc2cc(-c3cnc(Nc4cnc(C#N)cn4)cc3NC[C@H]3CNCCO3)ccc2n1,Cc1noc(-c2cnc(Nc3cnc(C#N)cn3)cc2NCC2CCNCC2)n1,Cn1ncc2cc(-c3cnc(Nc4cnc(C#N)cn4)cc3NC[C@H]3CNCCO3)ccc21,CN(C)C(=O)c1cnc(Nc2cnc(C#N)cn2)cc1NCC1CCNCC1,COc1ccc(-c2cnc(Nc3cnc(C#N)cn3)cc2NC[C@H]2CNCCO2)cc1,COC(=O)c1cnc(Nc2cnc(C#N)cn2)cc1NC1CCN(C)CC1,CC(C)(O)C#Cc1cnc(Nc2cnc(C#N)cn2)cc1NC[C@H]1CNCCO1,COc1ccc(-c2cnc(Nc3cnc(C#N)cn3)cc2NC[C@@H]2CNCCO2)cc1,CC(C)(O)C#Cc1cnc(Nc2cnc(C#N)cn2)cc1NC[C@@H]1CNCCO1,CCNC(=O)c1cnc(Nc2cnc(C#N)cn2)cc1NCC1CCNCC1,N#Cc1cnc(Nc2cc(NC[C@@H]3CNCCO3)c(-c3ccc(F)cc3)cn2)cn1,COC(=O)c1cnc(Nc2cnc(C#N)cn2)cc1N[C@H]1C[C@H]2CC[C@@H](C1)N2,N#Cc1cnc(Nc2cc(NC[C@@H]3CNCCO3)c(C#CC3(O)CCCC3)cn2)cn1,N#Cc1cnc(Nc2cc(NC[C@H]3CNCCO3)c(-c3cccc(F)c3)cn2)cn1,C#Cc1cnc(Nc2cnc(C#N)cn2)cc1NC[C@@H]1CNCCO1,N#Cc1cnc(Nc2cc(NCC3CCNCC3)c(C(=O)Nc3ccccc3)cn2)cn1,N#Cc1cnc(Nc2cc(NC[C@@H]3CNCCO3)c(-c3cccc(F)c3)cn2)cn1,COC(=O)c1cnc(Nc2cnc(C#N)cn2)cc1NC1C[C@H]2CC[C@@H](C1)N2C,N#Cc1cnc(Nc2cc(NCC3CNCCO3)c(C#N)cn2)cn1,N#Cc1cnc(Nc2cc(NCC3CCNCC3)c(CCCO)cn2)cn1,N#Cc1cnc(Nc2cc(NC[C@H]3CNCCO3)c(-c3cccc(Cl)c3)cn2)cn1,N#Cc1cnc(Nc2cc(NC[C@@H]3CNCCO3)c(C3CC3)cn2)cn1,N#Cc1cnc(Nc2cc(NC[C@H]3CNCCO3)c(-c3ccc(F)c(F)c3)cn2)cn1,COC(=O)c1cnc(Nc2cnc(C#N)cn2)cc1NC[C@H]1C[C@H]2CC[C@@H](C1)N2C,N#Cc1cnc(Nc2cc(NC[C@H]3CNCCO3)c(Cl)cn2)cn1,N#Cc1cnc(Nc2cc(NC[C@H]3CNCCO3)c(-c3cc(F)cc(F)c3)cn2)cn1,N#Cc1cnc(Nc2cc(NC[C@H]3CNCCO3)c(F)cn2)cn1,COC(=O)c1cnc(Nc2cnc(C#N)cn2)cc1NCCC1CCNCC1,N#Cc1cnc(Nc2cc(NCC3CCNCC3)c(/C=C/CCO)cn2)cn1",1.0,40
O14757_Sries37727,[#6&R]1:&@[#6&R]:&@[#7&R]:&@[#6&R]2:&@[#6&R](:&@[#6&R]:&@1):&@[#6&R]1:&@[#6&R]:&@[#6&R]:&@[#7&R]:&@[#6&R]:&@[#6&R]:&@1:&@[#7&R]:&@2,"c1cc(-c2cnc3[nH]c4cnc(-c5cnoc5)cc4c3c2)ccc1CN1CCCCC1,Cn1ccc(-c2cnc3[nH]c4cnc(C#N)cc4c3c2)n1,N#Cc1cc2c(cn1)[nH]c1ncc(-c3ccc(CN4CCC5(CC4)COC5)cc3)cc12,Cn1cc(-c2cc3c(cn2)[nH]c2ncc(-c4ccc(CN5CCCCC5)cc4)cc23)cn1,CN1CCN(c2cccc(-c3cnc4[nH]c5cnc(C#N)cc5c4c3)c2)CC1,N#Cc1cc2c(cn1)[nH]c1ncc(-c3ccc(CN4CCCCC4)nc3)cc12,c1cncc(-c2cc3c(cn2)[nH]c2ncc(-c4ccc(CN5CCCCC5)cc4)cc23)c1,N#Cc1cc2c(cn1)[nH]c1ncc(-c3ccc(CN4CCCCC4)cc3)cc12,N#Cc1cc2c(cn1)[nH]c1ncc(-c3nc(CN4CCCCC4)cs3)cc12,c1cc(-c2cc3c(cn2)[nH]c2ncc(-c4ccc(CN5CCCCC5)cc4)cc23)ccn1,C[C@@H]1CCC[C@H](C)N1Cc1ccc(-c2cnc3[nH]c4cnc(C#N)cc4c3c2)cc1,CCN1CCc2cc(-c3cnc4[nH]c5cnc(C#N)cc5c4c3)ccc2C1,CCN1CCc2sc(-c3cnc4[nH]c5cnc(C#N)cc5c4c3)cc2C1,c1cnc(-c2cc3c(cn2)[nH]c2ncc(-c4ccc(CN5CCCCC5)cc4)cc23)cn1,C[C@@H]1C[C@H](C)CN(Cc2ccc(-c3cnc4[nH]c5cnc(C#N)cc5c4c3)cc2)C1,c1cc2c(cn1)[nH]c1ncc(-c3ccc(CN4CCCCC4)cc3)cc12,c1cc(-c2cc3c(cn2)[nH]c2ncc(-c4ccc(CN5CCCCC5)cc4)cc23)cnn1,CC1(C)CCCN(Cc2ccc(-c3cnc4[nH]c5cnc(C#N)cc5c4c3)cc2)C1,CN1CCN(c2ccc(-c3cnc4[nH]c5cnc(C#N)cc5c4c3)cc2)CC1,NC(=O)c1cc2c(cn1)[nH]c1ncc(-c3ccc(CN4CCCCC4)cc3)cc12,c1ncc(-c2cc3c(cn2)[nH]c2ncc(-c4ccc(CN5CCCCC5)cc4)cc23)cn1,CC1(C)CCN(Cc2ccc(-c3cnc4[nH]c5cnc(C#N)cc5c4c3)cc2)CC1,CCNC(=O)c1cc2c(cn1)[nH]c1ncc(-c3ccc(CN4CCCCC4)cc3)cc12,CCNc1cnc2[nH]c3cnc(C#N)cc3c2c1,CC(C)(c1ccc(-c2cnc3[nH]c4cnc(C#N)cc4c3c2)cc1)N1CCCCC1,COc1cc2c(cn1)[nH]c1ncc(-c3ccc(CN4CCCCC4)cc3)cc12,N#Cc1cc2c(cn1)[nH]c1ncc(-c3ccc(N4CCOCC4)cc3)cc12,N#Cc1cc2c(cn1)[nH]c1ncc(-c3ccc(CN4CCC(O)CC4)cc3)cc12,OCc1cc2c(cn1)[nH]c1ncc(-c3ccc(CN4CCCCC4)cc3)cc12,CC(=O)Nc1cccc(-c2cnc3[nH]c4cnc(C#N)cc4c3c2)c1,N#Cc1cc2c(cn1)[nH]c1ncc(-c3ccc(CN4CCC[C@@H](O)C4)cc3)cc12,c1ncc(-c2cc3c(cn2)[nH]c2ncc(-c4ccc(CN5CCCCC5)cc4)cc23)o1,N#Cc1cc2c(cn1)[nH]c1ncc(-c3ccc(CO)cc3)cc12,N#Cc1cc2c(cn1)[nH]c1ncc(-c3ccc(CN4CCC(F)CC4)cc3)cc12,c1ncc(-c2cc3c(cn2)[nH]c2ncc(-c4ccc(CN5CCCCC5)cc4)cc23)s1,N#Cc1cc2c(cn1)[nH]c1ncc(-c3ccoc3)cc12,N#Cc1cc2c(cn1)[nH]c1ncc(-c3ccc(CN4CCC(C#N)CC4)cc3)cc12,c1nnc(-c2cc3c(cn2)[nH]c2ncc(-c4ccc(CN5CCCCC5)cc4)cc23)o1,N#Cc1cc2c(cn1)[nH]c1ncc(-c3cccs3)cc12,N#Cc1cc2c(cn1)[nH]c1ncc(-c3ccc(CN4CCOCC4)cc3)cc12",1.0,40
O14757_Sries57591,[#7&!R]#&!@[#6&!R]-&!@[#6&R]1:&@[#6&R]:&@[#7&R]:&@[#6&R](:&@[#6&R]:&@[#7&R]:&@1)-&!@[#7&!R]-&!@[#6&R]1:&@[#6&R]:&@[#6&R](-&!@[#7&!R]):&@[#6&R]:&@[#6&R]:&@[#7&R]:&@1,"N#Cc1cnc(Nc2cc(NC[C@H]3CNCCO3)c(-c3cc(F)cc(F)c3)cn2)cn1,N#Cc1cnc(Nc2cc(NC[C@H]3CNCCO3)c(C(F)(F)F)cn2)cn1,Cc1cnc(-c2cnc(Nc3cnc(C#N)cn3)cc2NC[C@H]2CNCCO2)s1,COC(=O)c1cnc(Nc2cnc(C#N)cn2)cc1NCC1CCCNC1,Cn1cc(-c2cnc(Nc3cnc(C#N)cn3)cc2NC[C@H]2CNCCO2)cn1,COC(=O)c1cnc(Nc2cnc(C#N)cn2)cc1NCCC1CCNCC1,CC(C)(O)C#Cc1cnc(Nc2cnc(C#N)cn2)cc1NCC1CCNCC1,Cn1cc(-c2cnc(Nc3cnc(C#N)cn3)cc2NC[C@@H]2CNCCO2)cn1,COC(=O)c1cnc(Nc2cnc(C#N)cn2)cc1NCC1CNCCO1,N#Cc1cnc(Nc2cc(NCC3CCNCC3)c(-c3ccccc3)cn2)cn1,Cn1cc2cc(-c3cnc(Nc4cnc(C#N)cn4)cc3NC[C@H]3CNCCO3)ccc2n1,N#Cc1cnc(Nc2cc(NCC3CCNCC3)c(-c3cccc(F)c3)cn2)cn1,COC(=O)c1cnc(Nc2cnc(C#N)cn2)cc1NCC1CCN(C)CC1,Cn1ncc2cc(-c3cnc(Nc4cnc(C#N)cn4)cc3NC[C@H]3CNCCO3)ccc21,CCNC(=O)c1cnc(Nc2cnc(C#N)cn2)cc1NCC1CCNCC1,Cc1noc(-c2cnc(Nc3cnc(C#N)cn3)cc2NCC2CCNCC2)n1,CC(C)(O)C#Cc1cnc(Nc2cnc(C#N)cn2)cc1NC[C@H]1CNCCO1,COc1ccc(-c2cnc(Nc3cnc(C#N)cn3)cc2NC[C@H]2CNCCO2)cc1,COC(=O)c1cnc(Nc2cnc(C#N)cn2)cc1NC1CCN(C)CC1,CC(C)(O)C#Cc1cnc(Nc2cnc(C#N)cn2)cc1NC[C@@H]1CNCCO1,N#Cc1cnc(Nc2cc(NCC3CCNCC3)c(C(=O)Nc3ccccc3)cn2)cn1,COc1ccc(-c2cnc(Nc3cnc(C#N)cn3)cc2NC[C@@H]2CNCCO2)cc1,N#Cc1cnc(Nc2cc(NC[C@@H]3CNCCO3)c(C#CC3(O)CCCC3)cn2)cn1,COC(=O)c1cnc(Nc2cnc(C#N)cn2)cc1N[C@H]1C[C@H]2CC[C@@H](C1)N2,N#Cc1cnc(Nc2cc(NC[C@@H]3CNCCO3)c(-c3ccc(F)cc3)cn2)cn1,C#Cc1cnc(Nc2cnc(C#N)cn2)cc1NC[C@@H]1CNCCO1,N#Cc1cnc(Nc2cc(NCC3CCNCC3)c(/C=C/CCO)cn2)cn1,N#Cc1cnc(Nc2cc(NC[C@H]3CNCCO3)c(-c3cccc(F)c3)cn2)cn1,N#Cc1cnc(Nc2cc(NCC3CNCCO3)c(C#N)cn2)cn1,COC(=O)c1cnc(Nc2cnc(C#N)cn2)cc1NC1C[C@H]2CC[C@@H](C1)N2C,N#Cc1cnc(Nc2cc(NC[C@@H]3CNCCO3)c(-c3cccc(F)c3)cn2)cn1,N#Cc1cnc(Nc2cc(NC[C@@H]3CNCCO3)c(C3CC3)cn2)cn1,COC(=O)c1cnc(Nc2cnc(C#N)cn2)cc1NCC1CCNCC1,N#Cc1cnc(Nc2cc(NC[C@H]3CNCCO3)c(-c3cccc(Cl)c3)cn2)cn1,N#Cc1cnc(Nc2cc(NC[C@H]3CNCCO3)c(Cl)cn2)cn1,COC(=O)c1cnc(Nc2cnc(C#N)cn2)cc1NC[C@H]1C[C@H]2CC[C@@H](C1)N2C",1.0,36
O14757_Sries23165,[#6&!R]-&!@[#6&R]1:&@[#6&R]:&@[#6&R]2:&@[#7&R]:&@[#7&R]:&@[#6&R](:&@[#7&R]:&@2:&@[#6&R]2:&@[#6&R]:&@1:&@[#6&R]:&@[#6&R]:&@[#6&R](:&@[#6&R]:&@2)-&!@[#6&R])=&!@[#8&!R],"Cc1cc2n[nH]c(=O)n2c2cc(-c3ccccc3N)ccc12,Cc1cc2n[nH]c(=O)n2c2cc(-c3cnccn3)ccc12,Cc1cc2n[nH]c(=O)n2c2cc(-c3cccc(O)c3)ccc12,Cc1cc2n[nH]c(=O)n2c2cc(-c3ccc(CN4CCNCC4)cc3)ccc12,Cc1cc2n[nH]c(=O)n2c2cc(-c3nccs3)ccc12,COc1ccc(-c2ccc3c(C)cc4n[nH]c(=O)n4c3c2)cc1,Cc1cc2n[nH]c(=O)n2c2cc(-c3cccc(CN4CCNCC4)c3)ccc12,Cc1cc2n[nH]c(=O)n2c2cc(-c3cccs3)ccc12,CCN(CC)CCOc1ccc(-c2ccc3c(C)cc4n[nH]c(=O)n4c3c2)cc1,Cc1cc2n[nH]c(=O)n2c2cc(-c3ccc(CN4CCN(C)CC4)cc3)ccc12,Cc1csc(-c2ccc3c(C)cc4n[nH]c(=O)n4c3c2)c1,Cc1cc2n[nH]c(=O)n2c2cc(-c3ccc(OCCN4CCOCC4)cc3)ccc12,Cc1cc2n[nH]c(=O)n2c2cc(-c3ccc(CN4CCOCC4)cc3)ccc12,Cc1cc2n[nH]c(=O)n2c2cc(-c3ccc[nH]3)ccc12,Cc1cc2n[nH]c(=O)n2c2cc(-c3ccc([S+](C)[O-])cc3)ccc12,CNCc1ccc(-c2ccc3c(C)cc4n[nH]c(=O)n4c3c2)cc1,Cc1cc2n[nH]c(=O)n2c2cc(-c3cc[nH]c3)ccc12,CNC(=O)c1ccc(-c2ccc3c(C)cc4n[nH]c(=O)n4c3c2)cc1,Cc1cc2n[nH]c(=O)n2c2cc(-c3ccc(CC#N)cc3)ccc12,Cc1cc2n[nH]c(=O)n2c2cc(-c3cn[nH]c3)ccc12,Cc1cc2n[nH]c(=O)n2c2cc(-c3ccc(C(=O)N4CCOCC4)cc3)ccc12,COCc1ccc(-c2ccc3c(C)cc4n[nH]c(=O)n4c3c2)cc1,Cc1cc2n[nH]c(=O)n2c2cc(-c3c[nH]cn3)ccc12,Cc1cc2n[nH]c(=O)n2c2cc(-c3ccc(C(N)=O)cc3)ccc12,Cc1cc2n[nH]c(=O)n2c2cc(-c3cccc(CO)c3)ccc12,Cc1cc2n[nH]c(=O)n2c2cc(-c3ccco3)ccc12,Cc1cc(-c2ccc3c(C)cc4n[nH]c(=O)n4c3c2)ccc1O,Cc1cc2n[nH]c(=O)n2c2cc(-c3ccc(CO)cc3)ccc12,Cc1cc2n[nH]c(=O)n2c2cc(-c3ccoc3)ccc12,CC(=O)Nc1ccc(-c2ccc3c(C)cc4n[nH]c(=O)n4c3c2)cc1,Cc1cc2n[nH]c(=O)n2c2cc(-c3ccccc3CO)ccc12,CCNC(=O)c1ccc(-c2ccc3c(C)cc4n[nH]c(=O)n4c3c2)cc1,Cc1cc2n[nH]c(=O)n2c2cc(-c3ccncc3)ccc12,Cc1cc2n[nH]c(=O)n2c2cc(-c3ccc(C#N)cc3)ccc12,Cc1cc2n[nH]c(=O)n2c2cc(-c3cccnc3)ccc12",1.0,35
O14757_Sries15042,[#8&!R]-&!@[#6&R]1:&@[#6&R]:&@[#6&R]:&@[#6&R](:&@[#6&R]:&@[#6&R]:&@1)-&!@[#6&R]1:&@[#6&R]:&@[#6&R]:&@[#6&R](:&@[#6&R]:&@[#6&R]:&@1)-&!@[#6&R]1:&@[#7&R]:&@[#7&R]:&@[#6&R]2:&@[#6&R]:&@1-&@[#6&R]-&@[#6&R]1:&@[#6&R]-&@2:&@[#6&R]:&@[#6&R]:&@[#6&R]:&@[#6&R]:&@1,"COc1cc2c(cc1CN1CCC(O)CC1)Cc1c(-c3ccc(-c4ccc(O)cc4)cc3)n[nH]c1-2,OCCNCc1ccc2c(c1)-c1[nH]nc(-c3ccc(-c4ccc(O)cc4)cc3)c1C2,CN1CCN(Cc2ccc3c(c2)Cc2c(-c4ccc(-c5ccc(O)cc5)cc4)n[nH]c2-3)CC1,COc1cc2c(cc1CN[C@H]1CC[C@H](O)CC1)Cc1c(-c3ccc(-c4ccc(O)cc4)cc3)n[nH]c1-2,CC(C)(C)NCc1ccc2c(c1)-c1[nH]nc(-c3ccc(-c4ccc(O)cc4)cc3)c1C2,COc1cc2c(cc1C(=O)N[C@H]1CC[C@H](O)CC1)C(C)(C)c1c(-c3ccc(-c4ccc(O)cc4)cc3)n[nH]c1-2,COc1cc2c(cc1C(=O)N1CCOCC1)Cc1c(-c3ccc(-c4ccc(O)cc4)cc3)n[nH]c1-2,Oc1ccc(-c2ccc(-c3n[nH]c4c3Cc3ccccc3-4)cc2)cc1,OCc1ccc2c(c1)-c1[nH]nc(-c3ccc(-c4ccc(O)cc4)cc3)c1C2,COc1cc2c(cc1CNCCN1CCCC1)Cc1c(-c3ccc(-c4ccc(O)cc4)cc3)n[nH]c1-2,COc1cc2c(cc1C(=O)N[C@H]1CC[C@H](O)CC1)Cc1c(-c3ccc(-c4ccc(O)cc4)cc3)n[nH]c1-2,CC(C)(C)CNCc1cccc2c1Cc1c(-c3ccc(-c4ccc(O)cc4)cc3)n[nH]c1-2,COc1cc2c(cc1C(=O)NCCN1CCCC1)Cc1c(-c3ccc(-c4ccc(O)cc4)cc3)n[nH]c1-2,OCc1cccc2c1Cc1c(-c3ccc(-c4ccc(O)cc4)cc3)n[nH]c1-2,COc1cc2c(cc1CN1CCN(C)CC1)Cc1c(-c3ccc(-c4ccc(O)cc4)cc3)n[nH]c1-2,COc1cc2c(cc1C(=O)N1CCN(C)CC1)Cc1c(-c3ccc(-c4ccc(O)cc4)cc3)n[nH]c1-2,CC(=O)Nc1cccc2c1Cc1c(-c3ccc(-c4ccc(O)cc4)cc3)n[nH]c1-2,COc1cc2c(cc1C(=O)N1CCC(O)CC1)Cc1c(-c3ccc(-c4ccc(O)cc4)cc3)n[nH]c1-2,O=C(CNCCO)Nc1ccc2c(c1)Cc1c(-c3ccc(-c4ccc(O)cc4)cc3)n[nH]c1-2,COc1cc2c(cc1CN1CCN(C)CC1)Cc1c(-c3ccc(-c4ccc(O)c(F)c4)cc3)n[nH]c1-2,Oc1ccc(-c2ccc(-c3n[nH]c4c3Cc3cccc(O)c3-4)cc2)cc1,COc1cc2c(cc1CNCCO)Cc1c(-c3ccc(-c4ccc(O)cc4)cc3)n[nH]c1-2,CCCCNCC(=O)Nc1ccc2c(c1)Cc1c(-c3ccc(-c4ccc(O)cc4)cc3)n[nH]c1-2,O=C(c1ccc2c(c1)-c1[nH]nc(-c3ccc(-c4ccc(O)cc4)cc3)c1C2)N1CCOCC1,O=C(CN[C@H]1CC[C@H](O)CC1)Nc1ccc2c(c1)Cc1c(-c3ccc(-c4ccc(O)cc4)cc3)n[nH]c1-2,COc1cc2c(cc1C(=O)NCc1ccccn1)Cc1c(-c3ccc(-c4ccc(O)c(C#N)c4)cc3)n[nH]c1-2,CNC(=O)c1ccc2c(c1)-c1[nH]nc(-c3ccc(-c4ccc(O)cc4)cc3)c1C2,O=C(CNCc1ccncc1)Nc1ccc2c(c1)Cc1c(-c3ccc(-c4ccc(O)cc4)cc3)n[nH]c1-2,O=C(NCCO)c1ccc2c(c1)-c1[nH]nc(-c3ccc(-c4ccc(O)cc4)cc3)c1C2,OCc1ccc2c(c1)Cc1c(-c3ccc(-c4ccc(O)cc4)cc3)n[nH]c1-2,COc1cc2c(cc1C(=O)NCc1ccccn1)Cc1c(-c3ccc(-c4ccc(O)c(F)c4)cc3)n[nH]c1-2,Oc1ccc(-c2ccc(-c3n[nH]c4c3Cc3ccc(CNCCN5CCCC5)cc3-4)cc2)cc1,Oc1ccc(-c2ccc(-c3n[nH]c4c3Cc3cc(O)ccc3-4)cc2)cc1,CN(C)CCNCc1ccc2c(c1)-c1[nH]nc(-c3ccc(-c4ccc(O)cc4)cc3)c1C2,O=C(NCc1ccccn1)c1ccc2c(c1)Cc1c(-c3ccc(-c4ccc(O)cc4)cc3)n[nH]c1-2",1.0,35
O14757_Sries24243,[#7&!R]-&!@[#6&R]1:&@[#6&R]:&@[#6&R](-&!@[#6&R]2-&@[#6&R]-&@[#6&R]-&@[#6&R]-&@[#7&R]-&@[#6&R]-&@2):&@[#7&R]:&@[#6&R]2:&@[#7&R]:&@1:&@[#7&R]:&@[#6&R]:&@[#6&R]:&@2,"Nc1cc(C2CCCNC2)nc2c(-c3cccc(O)c3)cnn12,Nc1cc(C2CCCNC2)nc2c(-c3ccns3)cnn12,CCn1nccc1Nc1cc(C2CCCNC2)nc2c(-c3cnn(C)c3)cnn12,CNc1cc(C2CCCNC2)nc2c(-c3cnn(C)c3)cnn12,Cn1cc(-c2cnn3c(Nc4nncs4)cc(C4CCCNC4)nc23)cn1,Cn1cc(-c2cnn3c(Nc4nccs4)cc(C4CCCNC4)nc23)cn1,Nc1cc(C2CCCNC2)nc2c(-c3cncnc3)cnn12,CCNc1cc(C2CCCNC2)nc2c(-c3cnn(C)c3)cnn12,Cn1cc(-c2cnn3c(Nc4ccccn4)cc(C4CCCNC4)nc23)cn1,Nc1cc(C2CCCNC2)nc2c(-c3cnccn3)cnn12,Cn1cc(-c2cnn3c(NC4CCCCC4)cc(C4CCCNC4)nc23)cn1,Cc1cc(Nc2cc(C3CCCNC3)nc3c(-c4cnn(C)c4)cnn23)no1,CC#Cc1cnn2c(N)cc(C3CCCNC3)nc12,N#Cc1cnn2c(N)cc(C3CCCNC3)nc12,Cn1cc(-c2cnn3c(NC(C)(C)C)cc(C4CCCNC4)nc23)cn1,Nc1cc(C2CCCNC2)nc2c(-c3cccnc3)cnn12,Cc1cc(Nc2cc(C3CCCNC3)nc3c(-c4cnn(C)c4)cnn23)sn1,Cn1cc(-c2cnn3c(NC4CCNCC4)cc(C4CCCNC4)nc23)cn1,Nc1cc(C2CCCNC2)nc2c(Br)cnn12,Cn1cc(-c2cnn3c(NCc4ccccc4)cc(C4CCCNC4)nc23)cn1,CCc1cnn2c(N)cc(C3CCCNC3)nc12,Nc1cc(C2CCCNC2)nc2ccnn12,Nc1cc(C2CCCNC2)nc2c(-c3ccsc3)cnn12,Cn1cc(-c2cnn3c(NCCO)cc(C4CCCNC4)nc23)cn1,Cn1cc(-c2cnn3c(NCc4cccnc4)cc(C4CCCNC4)nc23)cn1,C/C=C/c1cnn2c(N)cc(C3CCCNC3)nc12,Nc1cc(C2CCCNC2)nc2c(-c3cccs3)cnn12,Cn1cc(-c2cnn3c(Nc4ccccc4)cc(C4CCCNC4)nc23)cn1,CCOC(=O)c1ccc(Nc2cc(C3CCCNC3)nc3c(-c4cnn(C)c4)cnn23)cc1,Nc1cc(C2CCCNC2)nc2c(-c3ccccc3)cnn12,Nc1cc(C2CCCNC2)nc2c(-c3ccoc3)cnn12,Nc1cc(C2CCCNC2)nc2c(-c3ccn[nH]3)cnn12,Cn1cc(-c2cnn3c(Nc4ccc5c(c4)OCO5)cc(C4CCCNC4)nc23)cn1,Cn1cc(-c2cnn3c(N)cc(C4CCCNC4)nc23)cn1,Cc1nc2cc(Nc3cc(C4CCCNC4)nc4c(-c5cnn(C)c5)cnn34)ccc2s1",1.0,35
O14757_Sries24061,[#7&!R]-&!@[#6&!R](=&!@[#8&!R])-&!@[#6&R]1:&@[#6&R]:&@[#7&R]:&@[#6&R](:&@[#6&R]2:&@[#6&R]:&@1:&@[#16&R]:&@[#6&R](:&@[#6&R]:&@2)-&!@[#6&R]1:&@[#6&R]:&@[#6&R]:&@[#6&R]:&@[#6&R]:&@[#6&R]:&@1)-&!@[#7&!R]-&!@[#6&R]1-&@[#6&R]-&@[#6&R]-&@[#6&R]-&@[#7&R]-&@[#6&R]-&@1,"NC(=O)c1cnc(N[C@H]2CCCNC2)c2cc(-c3ccc(OC(F)(F)F)cc3)sc12,CN(C)S(=O)(=O)c1ccc(-c2cc3c(N[C@H]4CCCNC4)ncc(C(N)=O)c3s2)cc1,COc1ccc(F)cc1-c1cc2c(N[C@H]3CCCNC3)ncc(C(N)=O)c2s1,COc1ccc(-c2cc3c(N[C@H]4CCCNC4)ncc(C(N)=O)c3s2)cc1,NC(=O)c1cnc(N[C@H]2CCCNC2)c2cc(-c3cc(F)cc(F)c3)sc12,NC(=O)c1cnc(N[C@H]2CCCNC2)c2cc(-c3cccc(CO)c3)sc12,NC(=O)c1cnc(N[C@H]2CCCNC2)c2cc(-c3ccc(F)c(Cl)c3)sc12,NC(=O)c1cnc(N[C@H]2CCCNC2)c2cc(-c3ccc(Cl)cc3)sc12,NC(=O)c1cnc(N[C@H]2CCCNC2)c2cc(-c3cccc(Cl)c3)sc12,NC(=O)c1cnc(N[C@H]2CCCNC2)c2cc(-c3ccc4sccc4c3)sc12,CC(=O)Nc1cccc(-c2cc3c(N[C@H]4CCCNC4)ncc(C(N)=O)c3s2)c1,NC(=O)c1cnc(N[C@H]2CCCNC2)c2cc(-c3ccc(Oc4ccccc4)cc3)sc12,NC(=O)c1cnc(N[C@H]2CCCNC2)c2cc(-c3cccc(N)c3)sc12,NC(=O)c1cnc(N[C@H]2CCCNC2)c2cc(-c3ccc4[nH]ccc4c3)sc12,NC(=O)c1cnc(N[C@H]2CCCNC2)c2cc(-c3ccc4cc[nH]c4c3)sc12,NC(=O)c1ccc(-c2cc3c(N[C@H]4CCCNC4)ncc(C(N)=O)c3s2)cc1,NC(=O)c1cnc(N[C@H]2CCCNC2)c2cc(-c3ccc(F)c(F)c3)sc12,NC(=O)c1cnc(N[C@H]2CCCNC2)c2cc(-c3ccc(F)cc3F)sc12,NC(=O)c1cnc(N[C@H]2CCCNC2)c2cc(-c3ccc4ncccc4c3)sc12,NC(=O)c1cnc(N[C@H]2CCCNC2)c2cc(-c3ccc(Cl)c(F)c3)sc12,Cn1ccc2cc(-c3cc4c(N[C@H]5CCCNC5)ncc(C(N)=O)c4s3)ccc21,NC(=O)c1cnc(N[C@H]2CCCNC2)c2cc(-c3ccccc3)sc12,NC(=O)c1cnc(N[C@H]2CCCNC2)c2cc(-c3ccc(C(F)(F)F)cc3)sc12,NC(=O)c1cnc(N[C@H]2CCCNC2)c2cc(-c3cccc(N4CCCC4)c3)sc12,NC(=O)c1cnc(N[C@H]2CCCNC2)c2cc(-c3ccccc3Cl)sc12,CS(=O)(=O)c1ccc(-c2cc3c(N[C@H]4CCCNC4)ncc(C(N)=O)c3s2)cc1,CN(C)C(=O)c1ccc(-c2cc3c(N[C@H]4CCCNC4)ncc(C(N)=O)c3s2)cc1,NC(=O)c1cnc(N[C@H]2CCCNC2)c2cc(-c3cccc4[nH]ccc34)sc12,N#Cc1cccc(-c2cc3c(N[C@H]4CCCNC4)ncc(C(N)=O)c3s2)c1,NC(=O)c1cnc(N[C@@H]2CCCNC2)c2cc(-c3ccc(Cl)cc3)sc12,COc1ccccc1-c1cc2c(N[C@H]3CCCNC3)ncc(C(N)=O)c2s1,NC(=O)c1cnc(N[C@H]2CCCNC2)c2cc(-c3ccc(F)cc3)sc12,CN(C)S(=O)(=O)c1cccc(-c2cc3c(N[C@H]4CCCNC4)ncc(C(N)=O)c3s2)c1,COc1cccc(-c2cc3c(N[C@H]4CCCNC4)ncc(C(N)=O)c3s2)c1",0.4,34
O14757_Sries29990,[#6&R]-&!@[#6&R]1:&@[#6&R]:&@[#7&R]:&@[#6&R]2:&@[#7&R]:&@1:&@[#6&R]:&@[#6&R](:&@[#7&R]:&@[#6&R]:&@2)-&!@[#6&R],"Nc1cccc(-c2cn3c(-c4cn[nH]c4)cnc3cn2)c1,c1ccc(Oc2ccc(-c3cnc4cnc(-c5cn[nH]c5)cn34)cc2)cc1,Nc1ccc(-c2cn3c(-c4cn[nH]c4)cnc3cn2)cc1,c1cc(-c2cnc3cnc(-c4cn[nH]c4)cn23)n[nH]1,Cc1[nH]ncc1-c1cn2c(-c3cn[nH]c3)cnc2cn1,Cn1cc(-c2cnc3cnc(-c4cn[nH]c4)cn23)cn1,c1cc(-c2cn3c(-c4cn[nH]c4)cnc3cn2)ccn1,c1cncc(-c2cnc3cnc(-c4cn[nH]c4)cn23)c1,OCc1ccc(-c2cn3c(-c4cn[nH]c4)cnc3cn2)cc1,c1ccc2c(-c3cnc4cnc(-c5cn[nH]c5)cn34)c[nH]c2c1,c1ccc(-c2cnc3cnc(-c4ccncc4)cn23)cc1,c1ccc(-c2cn3c(-c4cn[nH]c4)cnc3cn2)cc1,c1c[nH]c(-c2cnc3cnc(-c4cn[nH]c4)cn23)c1,c1ccc(-c2cnc3cnc(-c4cccnc4)cn23)cc1,OCc1ccc(-c2cnc3cnc(-c4cn[nH]c4)cn23)cc1,Nc1ccc(-c2cnc3cnc(-c4cn[nH]c4)cn23)cc1,c1ccc(-c2cnc3cnc(-c4ccccn4)cn23)cc1,c1n[nH]cc1-c1cn2c(-c3cn[nH]c3)cnc2cn1,Nc1cccc(-c2cnc3cnc(-c4cn[nH]c4)cn23)c1,c1ccc(-c2cnc3cnc(-c4ccc[nH]4)cn23)cc1,c1ccc(-c2cnc3cnc(-c4c[nH]c5ccccc45)cn23)cc1,NC(=O)c1cccc(-c2cnc3cnc(-c4cn[nH]c4)cn23)c1,Cn1cc(-c2cn3c(-c4ccccc4)cnc3cn2)cn1,c1ccc(Cn2cc(-c3cn4c(-c5ccccc5)cnc4cn3)cn2)cc1,NC(=O)c1ccc(-c2cnc3cnc(-c4cn[nH]c4)cn23)cc1,c1ccc(-c2cnc3cnc(-c4cn[nH]c4)cn23)cc1,OCc1cccc(-c2cn3c(-c4cn[nH]c4)cnc3cn2)c1,c1cc(-c2cnc3cnc(-c4cn[nH]c4)cn23)ccc1CN1CCOCC1,c1ccc(-c2cnc3cnc(-c4cc[nH]n4)cn23)cc1,NCc1ccc(-c2cn3c(-c4cn[nH]c4)cnc3cn2)cc1,c1cc(CN2CCOCC2)cc(-c2cnc3cnc(-c4cn[nH]c4)cn23)c1,NCc1cccc(-c2cn3c(-c4cn[nH]c4)cnc3cn2)c1,OCc1cccc(-c2cnc3cnc(-c4cn[nH]c4)cn23)c1",1.0,33
O14757_Sries24242,[#7&!R]-&!@[#6&R]1:&@[#6&R]:&@[#6&R]:&@[#7&R]:&@[#6&R]2:&@[#7&R]:&@1:&@[#7&R]:&@[#6&R]:&@[#6&R]:&@2,"Cc1ncc(-c2cnn3c(N)c(Br)c(C4CCCNC4)nc23)s1,CCc1c(C2CCCNC2)nc2c(-c3cnn(C)c3)cnn2c1N,COC/C=C/c1c(C2CCCNC2)nc2c(-c3cnn(C)c3)cnn2c1N,Cn1cc(-c2cnn3c(N)c(Br)c(-c4cccnc4)nc23)cn1,Cn1cc(-c2cnn3c(N)c(Cl)c(C4CCCNC4)nc23)cn1,Cn1cc(-c2cnn3c(N)c(Br)c(C4CCCCN4)nc23)cn1,Nc1cc(C2CCCNC2)nc2c(Br)cnn12,Cn1cc(-c2cnn3c(N)c(Br)c(C4CCNCC4)nc23)cn1,Cn1cc(-c2cnn3c(N)c(Br)c(C4CNCCO4)nc23)cn1,Cn1cc(-c2cnn3c(N)c(Br)c(C4CNCCS4)nc23)cn1,CC#Cc1c(C2CCCNC2)nc2c(-c3cnn(C)c3)cnn2c1N,Cn1cc(-c2cnn3c(N)c(C#N)c(C4CCCNC4)nc23)cn1,Cn1cc(-c2cnn3c(N)c(Br)c(C4CCNC4)nc23)cn1,Cn1cc(-c2cnn3c(N)c(Br)c(C4CCCNC4)nc23)cn1,Cn1cc(-c2cnn3c(N)c(Br)c(CCN)nc23)cn1,Cn1cc(-c2cnn3c(N)c(-c4ccccc4)c(C4CCCNC4)nc23)cn1,Cn1cc(-c2cnn3c(N)cc(C4CCCNC4)nc23)cn1,Cn1cc(-c2cnn3c(N)c(-c4cccs4)c(C4CCCNC4)nc23)cn1,Cn1cc(-c2cnn3c(N)c(Br)c(CC4CCNCC4)nc23)cn1,Cn1cc(-c2cnn3c(N)c(-c4ccsc4)c(C4CCCNC4)nc23)cn1,Cn1cc(-c2cnn3c(N)c(Br)c(CC4CCNC4)nc23)cn1,Cn1cc(-c2cnn3c(N)c(-c4ccoc4)c(C4CCCNC4)nc23)cn1,Cn1cc(-c2cnn3c(N)c(C4CC4)c(C4CCCNC4)nc23)cn1,Cn1cc(-c2cnn3c(N)c(Br)c(CC4CCCNC4)nc23)cn1,Cn1cc(-c2cnn3c(N)c(-c4cccnc4)c(C4CCCNC4)nc23)cn1,Cn1cc(-c2cnn3c(N)c(-c4ccncc4)c(C4CCCNC4)nc23)cn1,Cn1cc(-c2cnn3c(N)c(I)c(C4CCCNC4)nc23)cn1,Cn1cc(-c2cnn3c(N)c(Br)c(C[C@H]4CCC[C@@H](N)C4)nc23)cn1,Cc1cc(Nc2cc(C3CCCNC3)nc3c(-c4cnn(C)c4)cnn23)sn1,Cn1cc(-c2c(C3CCCNC3)nc3c(-c4cnn(C)c4)cnn3c2N)cn1,Nc1c(Br)c(C2CCCNC2)nc2c(-c3cccnc3)cnn12,Cn1cc(-c2cnn3c(N)c(CCO)c(C4CCCNC4)nc23)cn1,Nc1c(Br)c(C2CCCNC2)nc2c(-c3ccoc3)cnn12",1.0,33
O14757_Sries27970,[#6&R]-&!@[#6&!R](=&!@[#8&!R])-&!@[#7&!R]-&!@[#6&R]1:&@[#6&R]:&@[#6&R]:&@[#6&R]:&@[#6&R]:&@[#6&R]:&@1,"O=C(Nc1ccccc1N1CCNCC1)c1csc(-c2cc3ccccc3s2)n1,Cc1nc(-c2ccc3c(c2)CCO3)sc1C(=O)Nc1ccccc1N1CCNCC1,O=C(Nc1ccccc1N1CCNCC1)c1csc(-c2cccs2)n1,O=C(Nc1ccccc1N1CCNCC1)c1csc(-c2csc3ccccc23)n1,O=C(Nc1ccccc1N1CCNCC1)c1cc(-c2ccc3c(c2)OCO3)on1,O=C(Nc1ccccc1N1CCNCC1)c1csc(-c2ccc(-c3cccs3)s2)n1,O=C(Nc1ccccc1N1CCNCC1)c1csc(C#Cc2ccccc2)n1,O=C(Nc1ccccc1N1CCNCC1)c1csc(-c2ccccc2)n1,CC#Cc1nc(C(=O)Nc2ccccc2N2CCNCC2)cs1,COc1ccc(-c2nc(C(=O)Nc3ccccc3N3CCNCC3)cs2)cc1,O=C(Nc1ccccc1N1CCNCC1)c1csc(-c2cc[nH]n2)n1,COc1ccc(-c2nc(C(=O)Nc3ccccc3N3CCNCC3)cs2)cc1C,O=C(Nc1ccccc1N1CCNCC1)c1csc(-c2cn[nH]c2)n1,O=C(Nc1ccccc1N1CCNCC1)c1csc(-c2ccc3c(c2)CCO3)n1,COc1ccc(-c2nc(C(=O)Nc3ccccc3N3CCNCC3)cs2)cc1OC,O=C(Nc1ccccc1N1CCNCC1)c1csc(-c2ccncc2)n1,O=C(Nc1ccccc1C1CCNCC1)c1csc(-c2ccc3c(c2)CCO3)n1,O=C(Nc1ccccc1N1CCNCC1)c1csc(-c2ccc3c(c2)OCO3)n1,O=C(Nc1ccccc1N1CCNCC1)c1csc(-c2cccnc2)n1,O=C(Nc1ccccc1C1=CCNCC1)c1csc(-c2ccc3c(c2)CCO3)n1,N#Cc1ccc(-c2nc(C(=O)Nc3ccccc3N3CCNCC3)cs2)cn1,CC1CNCCN1c1ccccc1NC(=O)c1csc(-c2ccc3c(c2)CCO3)n1,O=C(Nc1ccccc1N1CCNCC1)c1csc(-c2cncnc2)n1,C[C@@H]1CN(c2ccccc2NC(=O)c2csc(-c3ccc4c(c3)CCO4)n2)CCN1,CN(C)c1ccc(-c2nc(C(=O)Nc3ccccc3N3CCNCC3)cs2)cc1,O=C(Nc1ccccc1N1CCNCC1)c1csc(-c2ccc3occc3c2)n1,C[C@H]1CN(c2ccccc2NC(=O)c2csc(-c3ccc4c(c3)CCO4)n2)CCN1,O=C(Nc1ccccc1N1CCNCC1)c1csc(-c2cc[nH]c2)n1,O=C(Nc1ccccc1N1CCNCC1)c1csc(-c2ccc3[nH]ccc3c2)n1,CN1CCN(c2ccccc2NC(=O)c2csc(-c3ccc4c(c3)CCO4)n2)CC1,O=C(Nc1ccccc1N1CCNCC1)c1csc(-c2ccc[nH]2)n1,O=C(Nc1ccccc1N1CCNCC1)c1csc(-c2ccc3sccc3c2)n1,O=C(Nc1ccccc1N1CCNCC1)c1csc(-c2ccsc2)n1",1.0,33
O14757_Sries23173,[#8&!R]=&!@[#6&R]1-&@[#7&R]-&@[#6&R]2:&@[#6&R](-&@[#6&R]-&@1=&!@[#6&!R]-&!@[#6&R]):&@[#6&R]:&@[#6&R]:&@[#6&R](:&@[#6&R]:&@2)-&!@[#6&R]1:&@[#6&R]:&@[#6&R]:&@[#6&R]:&@[#6&R]:&@[#6&R]:&@1,"COc1cc(-c2ccc3c(c2)NC(=O)/C3=C\c2cc(C(=O)NCCN(C)C)c(C)[se]2)ccc1O,Cc1[se]c(/C=C2\C(=O)Nc3cc(-c4ccc(O)cc4)ccc32)cc1C(=O)NCCN(C)C,CCN(CC)CCNC(=O)c1cc(/C=C2\C(=O)Nc3cc(-c4ccc(O)c(OC)c4)ccc32)[se]c1C,CCN(CC)CCNC(=O)c1cc(/C=C2\C(=O)Nc3cc(-c4ccc(O)cc4)ccc32)[se]c1C,COc1cc(-c2ccc3c(c2)NC(=O)/C3=C\c2cc(C(=O)NCCN3CCCC3)c(C)[se]2)ccc1O,Cc1[se]c(/C=C2\C(=O)Nc3cc(-c4ccc(O)cc4)ccc32)cc1C(=O)NCCN1CCCC1,COc1cc(-c2ccc3c(c2)NC(=O)/C3=C\c2cc(C(=O)NCCN3CCOCC3)c(C)[se]2)ccc1O,Cc1[se]c(/C=C2\C(=O)Nc3cc(-c4ccc(O)cc4)ccc32)cc1C(=O)NCCN1CCCCO1,COc1cc(-c2ccc3c(c2)NC(=O)/C3=C\c2ccc[nH]2)ccc1O,COc1cc(-c2ccc3c(c2)NC(=O)/C3=C\c2cc(C(=O)NCCCn3ccnc3)c(C)[se]2)ccc1O,Cc1[se]c(/C=C2\C(=O)Nc3cc(-c4ccc(O)cc4)ccc32)cc1C(=O)NCCCn1ccnc1,COc1cc(-c2ccc3c(c2)NC(=O)/C3=C\c2ccc[se]2)ccc1O,O=C1Nc2cc(-c3ccc(O)cc3)ccc2/C1=C/c1ccc[se]1,Cc1[se]c(/C=C2\C(=O)Nc3cc(-c4cccc(O)c4)ccc32)cc1C(=O)NCCN(C)C,COc1cc(-c2ccc3c(c2)NC(=O)/C3=C\c2ccc(C)[se]2)ccc1O,Cc1ccc(/C=C2\C(=O)Nc3cc(-c4ccc(O)cc4)ccc32)[se]1,CCN(CC)CCNC(=O)c1cc(/C=C2\C(=O)Nc3cc(-c4cccc(O)c4)ccc32)[se]c1C,COc1cc(-c2ccc3c(c2)NC(=O)/C3=C\c2ccc(C(=O)O)[se]2)ccc1O,Cc1[se]c(/C=C2\C(=O)Nc3cc(-c4ccc(O)cc4)ccc32)cc1C(=O)O,Cc1[se]c(/C=C2\C(=O)Nc3cc(-c4cccc(O)c4)ccc32)cc1C(=O)NCCN1CCCC1,COc1cc(-c2ccc3c(c2)NC(=O)/C3=C\c2cc(C(=O)O)c(C)[se]2)ccc1O,CN(C)CCNC(=O)c1ccc(/C=C2\C(=O)Nc3cc(-c4ccc(O)cc4)ccc32)[se]1,Cc1[se]c(/C=C2\C(=O)Nc3cc(-c4cccc(O)c4)ccc32)cc1C(=O)NCCCn1ccnc1,COc1cc(-c2ccc3c(c2)NC(=O)/C3=C\c2ccc(C(=O)NCCN(C)C)[se]2)ccc1O,CCN(CC)CCNC(=O)c1ccc(/C=C2\C(=O)Nc3cc(-c4ccc(O)cc4)ccc32)[se]1,COc1cc(-c2ccc3c(c2)NC(=O)/C3=C\c2ccc(C(=O)NCCN3CCCC3)[se]2)ccc1O,O=C1Nc2cc(-c3ccc(O)cc3)ccc2/C1=C/c1ccc(C(=O)NCCN2CCCC2)[se]1,COc1cc(-c2ccc3c(c2)NC(=O)/C3=C\c2ccc(C(=O)NCCN3CCOCC3)[se]2)ccc1O,O=C1Nc2cc(-c3ccc(O)cc3)ccc2/C1=C/c1ccc(C(=O)NCCN2CCCCO2)[se]1,CCN(CC)CCNC(=O)c1ccc(/C=C2\C(=O)Nc3cc(-c4ccc(O)c(OC)c4)ccc32)[se]1,COc1cc(-c2ccc3c(c2)NC(=O)/C3=C\c2ccc(C(=O)NCCCn3ccnc3)[se]2)ccc1O,O=C1Nc2cc(-c3ccc(O)cc3)ccc2/C1=C/c1ccc(C(=O)NCCCn2ccnc2)[se]1",1.0,32
O14757_Sries27526,[#6&R]1:&@[#6&R]:&@[#6&R]:&@[#7&R]:&@[#6&R](:&@[#6&R]:&@1)-&!@[#7&!R]-&!@[#6&R]1:&@[#7&R]:&@[#6&R]:&@[#6&R](:&@[#16&R]:&@1)-&!@[#6&R],"O=C(CN1CCN(c2ccnc(Nc3ncc(-c4cccnc4)s3)c2)CC1)N1CCOCC1,c1cc(N2CCOCC2)cc(Nc2ncc(-c3cncc(-c4cn[nH]c4)c3)s2)n1,c1cncc(-c2cncc(-c3cnc(Nc4cc(N5CCOCC5)ccn4)s3)c2)c1,c1cc(N2CCNCC2)cc(Nc2ncc(-c3cncc(-c4cn[nH]c4)c3)s2)n1,Cc1ncc(-c2cnc(Nc3cc(N4CCOCC4)ccn3)s2)cn1,CC(=O)N1CCN(c2ccnc(Nc3ncc(-c4ccc(C)nc4)s3)c2)CC1,NCCNC(=O)c1cncc(-c2cnc(Nc3cc(N4CCNCC4)ccn3)s2)c1,NCCCNC(=O)c1cncc(-c2cnc(Nc3cc(N4CCOCC4)ccn3)s2)c1,Cc1ncc(-c2cnc(Nc3cccc(N4CCNCC4)n3)s2)cn1,Cc1ccc(-c2cnc(Nc3cc(N4CCN(S(C)(=O)=O)CC4)ccn3)s2)cn1,OCC1CN(c2ccnc(Nc3ncc(-c4cccnc4)s3)c2)CCO1,COc1ncccc1-c1cncc(-c2cnc(Nc3cc(N4CCOCC4)ccn3)s2)c1,CS(=O)(=O)N1CCN(c2ccnc(Nc3ncc(-c4cncc(C(=O)NCCN)c4)s3)c2)CC1,Cc1ccc(-c2cnc(Nc3cc(N4CCNCC4)ccn3)s2)cn1,Cc1ncc(-c2cnc(Nc3cccc(NCCCN)n3)s2)cn1,CC(=O)N1CCN(c2ccnc(Nc3ncc(-c4cncc(C(=O)NCCN)c4)s3)c2)CC1,c1ccc(-c2cnc(Nc3cc(N4CCNCC4)ccn3)s2)cc1,NCCNC(=O)c1cncc(-c2cnc(Nc3cc(N4CCOCC4)ccn3)s2)c1,NCCNC(=O)c1cncc(-c2cnc(Nc3cc(N4CCC(F)(F)CC4)ccn3)s2)c1,N#Cc1cncc(-c2cnc(Nc3cc(N4CCNCC4)ccn3)s2)c1,CNCCNC(=O)c1cncc(-c2cnc(Nc3cc(N4CCOCC4)ccn3)s2)c1,OCCNc1ccnc(Nc2ncc(-c3cncnc3)s2)c1,NCCNC(=O)c1cncc(-c2cnc(Nc3cc(CN4CCOCC4)ccn3)s2)c1,N#Cc1cncc(-c2cnc(Nc3cc(N4CCOCC4)ccn3)s2)c1,NC/C=C/c1cncc(-c2cnc(Nc3cc(N4CCOCC4)ccn3)s2)c1,CS(=O)(=O)N1CCN(c2ccnc(Nc3ncc(-c4cncnc4)s3)c2)CC1,c1ncc(-c2cncc(-c3cnc(Nc4cc(N5CCOCC5)ccn4)s3)c2)cn1,NCCCc1cncc(-c2cnc(Nc3cc(N4CCOCC4)ccn3)s2)c1,OCC#Cc1cncc(-c2cnc(Nc3cc(N4CCOCC4)ccn3)s2)c1,COc1ncc(-c2cncc(-c3cnc(Nc4cc(N5CCOCC5)ccn4)s3)c2)cn1,NCCC(=O)c1cncc(-c2cnc(Nc3cc(N4CCOCC4)ccn3)s2)c1,Cc1ncc(-c2cnc(Nc3cc(N4CCNCC4)ccn3)s2)cn1",1.0,32
O14757_Sries14908,[#6&R]1:&@[#6&R]:&@[#6&R]:&@[#6&R]:&@[#6&R](:&@[#6&R]:&@1)-&!@[#6&R]1:&@[#6&R]:&@[#6&R]:&@[#6&R]2:&@[#6&R](:&@[#6&R]:&@1)-&@[#7&R]-&@[#6&R]1:&@[#6&R]:&@[#6&R]:&@[#6&R]:&@[#6&R]:&@[#6&R]:&@1-&@[#7&R]-&@[#6&R]-&@2=&!@[#8&!R],"COc1cc(-c2ccc3c(c2)Nc2ccc(CC(=O)Nc4ccc(N5CCOCC5)cc4)cc2NC3=O)ccc1N,COc1cccc(-c2ccc3c(c2)Nc2ccccc2NC3=O)c1,COc1cc(-c2ccc3c(c2)Nc2ccc(CC(=O)N(C)C)cc2NC3=O)ccc1N,COc1cc(-c2ccc3c(c2)Nc2ccccc2NC3=O)ccc1Cl,COC(=O)Cc1ccc2c(c1)NC(=O)c1ccc(-c3ccc(N)c(OC)c3)cc1N2,COc1cc(-c2ccc3c(c2)Nc2cccc(O)c2NC3=O)ccc1N,COc1cc(-c2ccc3c(c2)Nc2cc(N4CCOCC4)ccc2NC3=O)ccc1N,COc1cc(-c2ccc3c(c2)Nc2ccccc2NC3=O)ccc1C#N,COc1cc(-c2ccc3c(c2)Nc2cc(N)ccc2NC3=O)ccc1N,COc1cc(-c2ccc3c(c2)Nc2ccc(N4CCCC4=O)cc2NC3=O)ccc1N,COc1cc(-c2ccc3c(c2)Nc2ccccc2NC3=O)ccc1[N+](=O)[O-],COc1cc(-c2ccc3c(c2)Nc2ccc(N4CCCS4(=O)=O)cc2NC3=O)ccc1N,COc1ccccc1-c1ccc2c(c1)Nc1ccccc1NC2=O,COc1cc(-c2ccc3c(c2)Nc2ccc(N)cc2NC3=O)ccc1N,COc1cc(-c2ccc3c(c2)Nc2ccccc2NC3=O)ccc1O,COc1cc(-c2ccc3c(c2)N(C)c2ccccc2NC3=O)ccc1N,COc1cc(-c2ccc3c(c2)Nc2c(cccc2OCc2ccncc2)NC3=O)ccc1N,COc1cc(-c2ccc3c(c2)Nc2ccc(CCC(=O)Nc4ccc(N5CCOCC5)cc4)cc2NC3=O)ccc1N,COc1cc(-c2ccc3c(c2)Nc2ccccc2NC3=O)ccc1C(N)=O,COc1cc(-c2ccc3c(c2)Nc2cc(C(C)(C)C(=O)Nc4ccc(N5CCOCC5)cc4)ccc2NC3=O)ccc1N,COc1cc(-c2ccc3c(c2)Nc2c(cccc2OC)NC3=O)ccc1N,CC(=O)c1ccccc1-c1ccc2c(c1)Nc1ccccc1NC2=O,CC(=O)c1cccc(-c2ccc3c(c2)Nc2ccccc2NC3=O)c1,COc1ccc2c(c1)NC(=O)c1ccc(-c3ccc(N)c(OC)c3)cc1N2,COC(=O)c1ccc(-c2ccc3c(c2)Nc2ccccc2NC3=O)cc1OC,COc1cc(-c2ccc3c(c2)Nc2cc(CC(=O)N(C)C)ccc2NC3=O)ccc1N,COc1cc(-c2ccc3c(c2)Nc2ccc(CCC(=O)N(C)C)cc2NC3=O)ccc1N,COc1cc(-c2ccc3c(c2)Nc2ccc(O)cc2NC3=O)ccc1N,COc1cc(-c2ccc3c(c2)Nc2ccc(C(C)(C)C(=O)Nc4ccc(N5CCOCC5)cc4)cc2NC3=O)ccc1N,N#Cc1cccc(-c2ccc3c(c2)Nc2ccccc2NC3=O)c1,COc1cc(-c2ccc3c(c2)Nc2ccccc2NC3=O)ccc1C(C)=O",0.9,31
O14757_Sries27497,[#6&R]-&!@[#6&R]1:&@[#6&R]:&@[#7&R]:&@[#6&R](:&@[#16&R]:&@1)-&!@[#7&!R]-&!@[#6&R]1:&@[#6&R]:&@[#6&R]:&@[#6&R]:&@[#6&R]:&@[#7&R]:&@1,"O=C(NCC(F)(F)F)c1cncc(-c2cnc(Nc3cc(N4CCOCC4)ccn3)s2)c1,c1cc(Nc2ncc(-c3cncnc3)s2)nc(N2CCNCC2)c1,CS(=O)(=O)N1CCN(c2ccnc(Nc3ncc(-c4cncc(C(=O)NCC(F)(F)F)c4)s3)c2)CC1,CS(=O)(=O)N1CCN(c2ccnc(Nc3ncc(-c4cncc(C(=O)NCCN)c4)s3)c2)CC1,c1cncc(-c2cncc(-c3cnc(Nc4cc(N5CCNCC5)ccn4)s3)c2)c1,NCNC(=O)c1cncc(-c2cnc(Nc3cc(N4CCC(F)CC4)ccn3)s2)c1,Brc1cncc(-c2cnc(Nc3cc(N4CCNCC4)ccn3)s2)c1,NCNC(=O)c1cncc(-c2cnc(Nc3cc(N4CCC(F)(F)CC4)ccn3)s2)c1,Cc1ccc(-c2cnc(Nc3cccc(NCCCN)n3)s2)cn1,CC(=O)N1CCN(c2ccnc(Nc3ncc(-c4cncc(C(=O)NCCN)c4)s3)c2)CC1,O=C(O)c1cncc(-c2cnc(Nc3cc(N4CCNCC4)ccn3)s2)c1,NCCCCc1cncc(-c2cnc(Nc3cc(N4CCOCC4)ccn3)s2)c1,c1cc(N2CCNCC2)cc(Nc2ncc(-c3cncc(-c4cn[nH]c4)c3)s2)n1,c1ccc(-c2cnc(Nc3cccc(N4CCNCC4)n3)s2)cc1,NCCNC(=O)c1cncc(-c2cnc(Nc3cc(Cl)ccn3)s2)c1,NC(=O)c1cncc(-c2cnc(Nc3cc(N4CCOCC4)ccn3)s2)c1,c1cncc(-c2cncc(-c3cnc(Nc4cc(N5CCOCC5)ccn4)s3)c2)c1,Cc1ccc(-c2cnc(Nc3cccc(N4CCNCC4)n3)s2)cn1,NCCNC(=O)c1cncc(-c2cnc(Nc3ncccc3Cl)s2)c1,Cc1ccc(NC(=O)c2cncc(-c3cnc(Nc4cc(N5CCOCC5)ccn4)s3)c2)s1,c1ncc(-c2cncc(-c3cnc(Nc4cc(N5CCOCC5)ccn4)s3)c2)cn1,Cc1ccc(-c2cnc(Nc3cc(N4CCNCC4)ccn3)s2)cn1,Cc1cccnc1Nc1ncc(-c2cncc(C(=O)NCCN)c2)s1,CNC(=O)c1cncc(-c2cnc(Nc3cc(N4CCOCC4)ccn3)s2)c1,c1cn(-c2cncc(-c3cnc(Nc4cc(N5CCOCC5)ccn4)s3)c2)nn1,O=C(CN1CCN(c2ccnc(Nc3ncc(-c4cccnc4)s3)c2)CC1)N1CCOCC1,c1ncc(-c2cnc(Nc3cc(N4CCNCC4)ccn3)s2)cn1,NCCNC(=O)c1cccc(-c2cnc(Nc3cc(N4CCC(F)(F)CC4)ccn3)s2)c1,O=C(NCCO)c1cncc(-c2cnc(Nc3cc(N4CCOCC4)ccn3)s2)c1,NCCNC(=O)c1cncc(-c2cnc(Nc3cc(N4CCOCC4)ccn3)s2)c1,Cn1cc(-c2cncc(-c3cnc(Nc4cc(N5CCNCC5)ccn4)s3)c2)cn1",0.9,31
O14757_Sries15780,[#6&R]1:&@[#6&R]:&@[#6&R]2:&@[#6&R](:&@[#6&R]:&@[#6&R]:&@1)-&@[#6&R]1:&@[#6&R](-&@[#6&R]-&@2):&@[#6&R](:&@[#7&R]:&@[#7&R]:&@1)-&!@[#6&R],"COc1cc2c(cc1OCc1ccccn1)Cc1c(-c3ccc(C#N)nc3)n[nH]c1-2,N#Cc1ccc(-c2n[nH]c3c2Cc2cc(OCCN4CCOCC4)ccc2-3)cn1,CC(=O)N1CCN(CCCCOc2ccc3c(c2)-c2[nH]nc(-c4ccc(C#N)nc4)c2C3)CC1,N#Cc1ccc(-c2n[nH]c3c2Cc2ccc(CCCCN4CCOCC4)cc2-3)cn1,C[C@@H]1CN(CCCOc2ccc3c(c2)-c2[nH]nc(-c4ccc(C#N)nc4)c2C3)C[C@H](C)O1,N#Cc1ccc(-c2n[nH]c3c2Cc2ccc(NC(=O)CCN4CCOCC4)cc2-3)cn1,N#Cc1ccc(-c2n[nH]c3c2Cc2ccc(OCCOCCN4CCOCC4)cc2-3)cn1,N#Cc1ccc(-c2n[nH]c3c2Cc2ccc(NCCN4CCOCC4)cc2-3)cn1,N#Cc1ccc(-c2n[nH]c3c2Cc2ccc(OCCN4CCOCC4)cc2-3)cn1,N#Cc1ccc(-c2n[nH]c3c2Cc2ccc(OCCCCCN4CCOCC4)cc2-3)cn1,COc1cc2c(cc1OCCO)-c1[nH]nc(-c3ccc(C#N)nc3)c1C2,Cc1ncsc1CCOc1ccc2c(c1)-c1[nH]nc(-c3ccc(C#N)nc3)c1C2,N#Cc1ccc(-c2n[nH]c3c2Cc2ccc(OCCCCN4CCOCC4)cc2-3)cn1,COc1cc2c(cc1OC)-c1n[nH]c(-c3ccc(-c4ccc(O)cc4)cc3)c1C2,N#Cc1ccc(-c2n[nH]c3c2Cc2ccc(OCCCc4cccs4)cc2-3)cn1,N#Cc1ccc(-c2n[nH]c3c2Cc2ccc(OCCCN4CCOCC4)cc2-3)cn1,COc1cc2c(cc1OC)-c1[nH]nc(-c3ccc(C#N)nc3)c1C2,N#Cc1ccc(-c2n[nH]c3c2Cc2ccc(OCCCC4CCNCC4)cc2-3)cn1,COc1cc2c(cc1OCCc1scnc1C)-c1[nH]nc(-c3ccc(C#N)nc3)c1C2,N#Cc1ccc(-c2n[nH]c3c2Cc2ccc(OCCCN4CCCCC4)cc2-3)cn1,COc1cc2c(cc1OCCN1CCOCC1)-c1[nH]nc(-c3ccc(C#N)nc3)c1C2,N#Cc1ccc(-c2n[nH]c3c2Cc2ccc(OCCCN4CCCOCC4)cc2-3)cn1,COc1cc2c(cc1OCCO)Cc1c(-c3ccc(C#N)nc3)n[nH]c1-2,CN1CCN(CCCOc2ccc3c(c2)-c2[nH]nc(-c4ccc(C#N)nc4)c2C3)CC1,COc1cc2c(cc1OCCc1scnc1C)Cc1c(-c3ccc(C#N)nc3)n[nH]c1-2,N#Cc1ccc(-c2n[nH]c3c2Cc2ccc(OCCCn4ccnc4)cc2-3)cn1,COc1cc2c(cc1OCCN1CCOCC1)Cc1c(-c3ccc(C#N)nc3)n[nH]c1-2,N#Cc1ccc(-c2n[nH]c3c2Cc2cc(OCCCN4CCOCC4)ccc2-3)cn1",1.0,28
O14757_Sries29949,[#6&R]1:&@[#6&R]:&@[#6&R]:&@[#7&R]:&@[#6&R](:&@[#6&R]:&@1)-&!@[#7&!R]-&!@[#6&R]1:&@[#6&R]:&@[#7&R]:&@[#6&R](:&@[#6&R]:&@[#7&R]:&@1)-&!@[#6&!R]#&!@[#7&!R],"C[C@H](CN(C)C)Oc1nc(Nc2cc3cccc(Cl)c3cn2)cnc1C#N,CNc1ccnc(Nc2cnc(C#N)c(O[C@H](C)CN(C)C)n2)c1,COc1cc(Nc2cnc(C#N)c(O[C@H](C)CN(C)C)n2)ncc1-c1cnn(C)c1,CNc1cc(Nc2cnc(C#N)c(O[C@H](C)CN(C)C)n2)ncc1-c1cccc(F)c1,COC(=O)c1cnc(Nc2cnc(C#N)c(O[C@@H]3CCNC3)n2)cc1SC,CNc1cc(Nc2cnc(C#N)c(O[C@H]3CCN(C)C3)n2)ncc1-c1cnn(C)c1,CNc1cc(Nc2cnc(C#N)c(O[C@H](C)CN(C)C)n2)ncc1C#CC(C)(C)O,CSc1cc(Nc2cnc(C#N)c(O[C@H](C)CN(C)C)n2)ncc1-c1cnn(C)c1,COC(=O)c1cnc(Nc2cnc(C#N)c(O[C@@H]3CCNC3)n2)cc1OC,CNc1cc(Nc2cnc(C#N)c(O[C@@H]3CCN(C)C3)n2)ncc1-c1cnn(C)c1,C#Cc1cnc(Nc2cnc(C#N)c(O[C@H](C)CN(C)C)n2)cc1NC,COC(=O)c1cnc(Nc2cnc(C#N)c(O[C@@H]3CCNC3)n2)cc1N(C)C,CNc1cc(Nc2cnc(C#N)c(O[C@H]3CCNC3)n2)ncc1-c1cnn(C)c1,CNc1cc(Nc2cnc(C#N)c(O[C@H](C)CN(C)C)n2)ncc1C1CC1,CNc1cc(Nc2cnc(C#N)c(O[C@@H]3CCNC3)n2)ncc1C(=O)OC,CNc1cc(Nc2cnc(C#N)c(O[C@@H]3CCNC3)n2)ncc1-c1cnn(C)c1,COc1cc(Nc2cnc(C#N)c(O[C@@H]3CCN(C)C3)n2)ncc1-c1cnn(C)c1,CNc1cc(Nc2cnc(C#N)c(O[C@H](C)CN(C)C)n2)ncc1C(F)(F)F,CNc1cc(Nc2cnc(C#N)c(O[C@@H](C)CN(C)C)n2)ncc1-c1cnn(C)c1,CNc1cc(Nc2cnc(C#N)c(O[C@H](C)CN(C)C)n2)ncc1Cl,COc1cc(Nc2cnc(C#N)c(O[C@@H]3CCNC3)n2)ncc1-c1cnn(C)c1,COC(=O)c1cnc(Nc2cnc(C#N)cn2)cc1NCC1CCNCC1,CNc1cc(Nc2cnc(C#N)c(O[C@H](C)CN(C)C)n2)ncc1C(=O)OC,CNc1cc(Nc2cnc(C#N)c(O[C@H](C)CN(C)C)n2)ncc1-c1cnn(C)c1",1.0,24
O14757_Sries14002,[#6&R]1:&@[#6&R]:&@[#6&R]:&@[#6&R]2:&@[#6&R](:&@[#6&R]:&@1):&@[#6&R]:&@[#6&R](:&@[#7&R]:&@2)-&!@[#6&R]1:&@[#7&R]:&@[#7&R]:&@[#6&R]2:&@[#6&R]:&@1:&@[#6&R]:&@[#6&R]:&@[#6&R]:&@[#6&R]:&@2,"c1cc(-c2ccc3c(-c4cc5cc(CN6CCOCC6)ccc5[nH]4)n[nH]c3c2)[nH]n1,NCc1nn[nH]c1-c1ccc2c(-c3cc4cc(CN5CCC(F)CC5)ccc4[nH]3)n[nH]c2c1,Cn1cc(-c2ccc3c(-c4cc5cc(CN6CCOCC6)ccc5[nH]4)n[nH]c3c2)cn1,c1cc2[nH]c(-c3n[nH]c4cc(-c5cn[nH]c5)ccc34)cc2cc1CN1CCOCC1,OCc1nn[nH]c1-c1ccc2c(-c3cc4cc(CN5CCC(F)CC5)ccc4[nH]3)n[nH]c2c1,CN(C)C(=O)c1ccc2c(-c3cc4cc(CN5CCOCC5)ccc4[nH]3)n[nH]c2c1,CNC(=O)c1ccc2c(-c3cc4cc(CN5CCOCC5)ccc4[nH]3)n[nH]c2c1,NC(=O)c1ccc2c(-c3cc4cc(CN5CCOCC5)ccc4[nH]3)n[nH]c2c1,OCc1n[nH]nc1-c1ccc2c(-c3cc4cc(CN5CCCCC5)ccc4[nH]3)n[nH]c2c1,COC(=O)c1ccc2c(-c3cc4cc(CN5CCOCC5)ccc4[nH]3)n[nH]c2c1,c1ccc(-c2ccc3c(-c4cc5cc(CN6CCCCC6)ccc5[nH]4)n[nH]c3c2)cc1,N#Cc1ccc2c(-c3cc4cc(CN5CCOCC5)ccc4[nH]3)n[nH]c2c1,c1ccc2[nH]c(-c3n[nH]c4cc(-c5nnn[nH]5)ccc34)cc2c1,c1cnn(-c2ccc3c(-c4cc5cc(CN6CCCCC6)ccc5[nH]4)n[nH]c3c2)n1,Cc1cnnn1-c1ccc2c(-c3cc4cc(CN5CCCCC5)ccc4[nH]3)n[nH]c2c1,CC(=O)N1CCN(Cc2ccc3[nH]c(-c4n[nH]c5ccccc45)cc3c2)CC1,c1cnn(-c2ccc3c(-c4cc5cc(CN6CCCCC6)ccc5[nH]4)n[nH]c3c2)c1,CC(=O)N1CCN(Cc2ccc3[nH]c(-c4n[nH]c5cc(Cl)ccc45)cc3c2)CC1,CC(=O)N1CCN(Cc2ccc3[nH]c(-c4n[nH]c5cc(C#N)ccc45)cc3c2)CC1,c1cn(-c2ccc3c(-c4cc5cc(CN6CCCCC6)ccc5[nH]4)n[nH]c3c2)nn1,CC(=O)N1CCN(Cc2ccc3[nH]c(-c4n[nH]c5cc(-c6nnn[nH]6)ccc45)cc3c2)CC1,c1csc(-c2ccc3c(-c4cc5cc(CN6CCCCC6)ccc5[nH]4)n[nH]c3c2)n1,COc1cc(-c2ccc3c(-c4cc5cc(CN6CCCCC6)ccc5[nH]4)n[nH]c3c2)ccc1O,c1cc2[nH]c(-c3n[nH]c4cc(-c5cnsc5)ccc34)cc2cc1CN1CCCCC1",1.0,24
O14757_Sries16651,[#6&!R]-&!@[#8&!R]-&!@[#6&R]1:&@[#6&R]:&@[#6&R](-&!@[#6&R]2:&@[#6&R]:&@[#6&R]:&@[#6&R]3:&@[#6&R](:&@[#6&R]:&@2)-&@[#7&R]-&@[#6&R]2:&@[#6&R]:&@[#6&R]:&@[#6&R]:&@[#6&R]:&@[#6&R]:&@2-&@[#7&R]-&@[#6&R]-&@3=&!@[#8&!R]):&@[#6&R]:&@[#6&R]:&@[#6&R]:&@1-&!@[#7&!R](=&!@[#8&!R])-&!@[#8&!R],"COc1cc2c(cc1CC(C)(C)O)Nc1cc(-c3ccc([N+](=O)[O-])c(OC)c3)ccc1C(=O)N2,COc1cc2c(cc1OCCCCO)Nc1cc(-c3ccc([N+](=O)[O-])c(OC)c3)ccc1C(=O)N2,COc1cc2c(cc1CCC(=O)N(C)C)Nc1cc(-c3ccc([N+](=O)[O-])c(OC)c3)ccc1C(=O)N2,COc1cc2c(cc1OCCO)Nc1cc(-c3ccc([N+](=O)[O-])c(OC)c3)ccc1C(=O)N2,COC(=O)CCc1cc2c(cc1OC)NC(=O)c1ccc(-c3ccc([N+](=O)[O-])c(OC)c3)cc1N2,COc1cc2c(cc1OC)Nc1cc(-c3ccc([N+](=O)[O-])c(OC)c3)ccc1C(=O)N2,COc1cc2c(cc1CCC(C)(C)O)Nc1cc(-c3ccc([N+](=O)[O-])c(OC)c3)ccc1C(=O)N2,COc1cc2c(cc1CCCO)Nc1cc(-c3ccc([N+](=O)[O-])c(OC)c3)ccc1C(=O)N2,COc1cc2c(cc1CCc1ccncc1)Nc1cc(-c3ccc([N+](=O)[O-])c(OC)c3)ccc1C(=O)N2,COc1cc2c(cc1O)Nc1cc(-c3ccc([N+](=O)[O-])c(OC)c3)ccc1C(=O)N2,COc1cc2c(cc1OCCN1CCOCC1)Nc1cc(-c3ccc([N+](=O)[O-])c(OC)c3)ccc1C(=O)N2,COc1cc(-c2ccc3c(c2)Nc2ccccc2NC3=O)ccc1[N+](=O)[O-],COc1cc2c(cc1OCC1CCCCO1)Nc1cc(-c3ccc([N+](=O)[O-])c(OC)c3)ccc1C(=O)N2,COc1cc2c(cc1CCCO)NC(=O)c1ccc(-c3ccc([N+](=O)[O-])c(OC)c3)cc1N2,COc1cc2c(cc1OCc1ccncc1)Nc1cc(-c3ccc([N+](=O)[O-])c(OC)c3)ccc1C(=O)N2,CCc1cc2c(cc1OC)Nc1cc(-c3ccc([N+](=O)[O-])c(OC)c3)ccc1C(=O)N2,COc1cc2c(cc1OCc1csc(C)n1)Nc1cc(-c3ccc([N+](=O)[O-])c(OC)c3)ccc1C(=O)N2,COc1cc2c(cc1C(=O)N(C)C)NC(=O)c1ccc(-c3ccc([N+](=O)[O-])c(OC)c3)cc1N2,COc1cc2c(cc1OCc1ccccc1C(F)(F)F)Nc1cc(-c3ccc([N+](=O)[O-])c(OC)c3)ccc1C(=O)N2,COC(=O)c1cc2c(cc1OC)Nc1cc(-c3ccc([N+](=O)[O-])c(OC)c3)ccc1C(=O)N2,COCCOCCOc1cc2c(cc1OC)NC(=O)c1ccc(-c3ccc([N+](=O)[O-])c(OC)c3)cc1N2,COc1cc2c(cc1CCO)Nc1cc(-c3ccc([N+](=O)[O-])c(OC)c3)ccc1C(=O)N2,COc1cc2c(cc1OCCCN)Nc1cc(-c3ccc([N+](=O)[O-])c(OC)c3)ccc1C(=O)N2",1.0,23
O14757_Sries14014,[#8&!R]=&!@[#6&R]1:&@[#7&R]:&@[#6&R]2:&@[#6&R]:&@[#6&R]:&@[#6&R]:&@[#6&R]:&@[#6&R]:&@2:&@[#6&R]:&@[#6&R]:&@1-&!@[#6&R]1:&@[#6&R]:&@[#6&R]2:&@[#6&R](:&@[#7&R]:&@1):&@[#6&R]:&@[#6&R]:&@[#6&R](:&@[#6&R]:&@2)-&!@[#6&!R]-&!@[#7&R],"CC(=O)N1CCN(Cc2ccc3[nH]c(-c4cc5cc(-c6cn[nH]c6)ccc5[nH]c4=O)cc3c2)CC1,N#Cc1cccc2[nH]c(=O)c(-c3cc4cc(CN5CCC(CN)CC5)ccc4[nH]3)cc12,COCC(=O)N1CCN(Cc2ccc3[nH]c(-c4cc5cc(-c6cn[nH]c6)ccc5[nH]c4=O)cc3c2)CC1,O=c1[nH]c2ccc(-n3ccnc3)cc2cc1-c1cc2cc(CN3CCCCC3)ccc2[nH]1,Cn1cc(-c2ccc3[nH]c(=O)c(-c4cc5cc(CN6CCCCC6)ccc5[nH]4)cc3c2)cn1,CC(=O)N1CCN(Cc2ccc3[nH]c(-c4cc5cc(-c6cnn(C)c6)ccc5[nH]c4=O)cc3c2)CC1,NCC1CCN(Cc2ccc3[nH]c(-c4cc5ccccc5[nH]c4=O)cc3c2)CC1,O=c1[nH]c2ccc(-c3cnsc3)cc2cc1-c1cc2cc(CN3CCCCC3)ccc2[nH]1,O=c1[nH]c2ccc(-c3cc[nH]n3)cc2cc1-c1cc2cc(CN3CCCCC3)ccc2[nH]1,Cn1nnc(-c2ccc3[nH]c(=O)c(-c4cc5cc(CN6CCCCC6)ccc5[nH]4)cc3c2)n1,O=c1[nH]c2ccc(-n3ccnn3)cc2cc1-c1cc2cc(CN3CCCCC3)ccc2[nH]1,O=c1[nH]c2ccc(-c3cn[nH]c3)cc2cc1-c1cc2cc(CN3CCCCC3)ccc2[nH]1,O=c1[nH]c2ccc(-n3nccn3)cc2cc1-c1cc2cc(CN3CCCCC3)ccc2[nH]1,NC(=O)c1ccc2[nH]c(=O)c(-c3cc4cc(CN5CCCCC5)ccc4[nH]3)cc2c1,O=c1[nH]c2ccc(-c3cccc(O)c3)cc2cc1-c1cc2cc(CN3CCCCC3)ccc2[nH]1,O=c1[nH]c2ccc(Br)cc2cc1-c1cc2cc(CN3CCCCC3)ccc2[nH]1,NCC1CCN(Cc2ccc3[nH]c(-c4cc5cc(C(N)=O)ccc5[nH]c4=O)cc3c2)CC1,COc1cc(-c2ccc3[nH]c(=O)c(-c4cc5cc(CN6CCCCC6)ccc5[nH]4)cc3c2)ccc1O,N#Cc1ccc2[nH]c(=O)c(-c3cc4cc(CN5CCCCC5)ccc4[nH]3)cc2c1,O=c1[nH]c2ccc(-c3cn[nH]c3)cc2cc1-c1cc2cc(CN3CCC(F)CC3)ccc2[nH]1,N#Cc1ccc2[nH]c(=O)c(-c3cc4cc(CN5CCC(CN)CC5)ccc4[nH]3)cc2c1,O=c1[nH]c2ccc(-c3cn[nH]c3)cc2cc1-c1cc2cc(CN3CCOCC3)ccc2[nH]1,N#Cc1ccc2cc(-c3cc4cc(CN5CCC(CN)CC5)ccc4[nH]3)c(=O)[nH]c2c1",0.9,23
O14757_Sries28506,[#6&R]1:&@[#6&R]:&@[#6&R](:&@[#16&R]:&@[#6&R]:&@1)-&!@[#6&R]1:&@[#6&R]:&@[#6&R]:&@[#6&R]:&@[#6&R]:&@[#6&R]:&@1,"NC(=O)Nc1cc(-c2ccc(F)cc2F)sc1C(=O)N[C@H]1CCCNC1,NC(=O)Nc1sc(-c2ccc(F)cc2F)cc1C(=O)N[C@H]1CCCNC1,NC(=O)Nc1cc(-c2cccc(F)c2F)sc1C(=O)N[C@H]1CCCNC1,NC(=O)Nc1cc(-c2ccccc2F)sc1C(=O)N[C@H]1CCCNC1,NC(=O)Nc1sc(-c2cccc(F)c2F)cc1C(=O)N[C@H]1CCCNC1,NC(=O)Nc1sc(-c2ccccc2F)cc1C(=O)N[C@H]1CCCNC1,NC(=O)Nc1cc(-c2cc(F)cc(F)c2)sc1C(=O)N[C@H]1CCCNC1,NC(=O)Nc1cc(-c2ccccc2)sc1C(=O)N[C@H]1CCCNC1,NC(=O)Nc1sc(-c2cc(F)cc(F)c2)cc1C(=O)N[C@H]1CCCNC1,NC(=O)Nc1sc(-c2ccccc2)cc1C(=O)N[C@H]1CCCNC1,NC(=O)Nc1cc(-c2cccc(Cl)c2)sc1C(=O)N[C@H]1CCCNC1,N#Cc1cccc(-c2cc(NC(N)=O)c(C(=O)N[C@H]3CCCNC3)s2)c1,NC(=O)Nc1sc(-c2cccc(Cl)c2)cc1C(=O)N[C@H]1CCCNC1,N#Cc1cccc(-c2cc(C(=O)N[C@H]3CCCNC3)c(NC(N)=O)s2)c1,NC(=O)Nc1cc(-c2ccc(F)cc2)sc1C(=O)N[C@H]1CCCNC1,N#Cc1ccc(-c2cc(NC(N)=O)c(C(=O)N[C@H]3CCCNC3)s2)cc1,NC(=O)Nc1sc(-c2ccc(F)cc2)cc1C(=O)N[C@H]1CCCNC1,N#Cc1ccc(-c2cc(C(=O)N[C@H]3CCCNC3)c(NC(N)=O)s2)cc1,NC(=O)Nc1cc(-c2cccc(F)c2)sc1C(=O)N[C@H]1CCCNC1,NC(=O)Nc1cc(-c2ccc(Cl)c(Cl)c2)sc1C(=O)N[C@H]1CCCNC1,NC(=O)Nc1sc(-c2cccc(F)c2)cc1C(=O)N[C@H]1CCCNC1,NC(=O)Nc1sc(-c2ccc(Cl)c(Cl)c2)cc1C(=O)N[C@H]1CCCNC1",1.0,22
O14757_Sries28505,[#6&R]1:&@[#6&R]:&@[#6&R](:&@[#16&R]:&@[#6&R]:&@1)-&!@[#6&R]1:&@[#6&R]:&@[#6&R]:&@[#6&R]:&@[#6&R]:&@[#6&R]:&@1,"NC(=O)Nc1cc(-c2cc(F)cc(F)c2)sc1C(=O)N[C@H]1CCCNC1,NC(=O)Nc1sc(-c2cc(F)cc(F)c2)cc1C(=O)N[C@H]1CCCNC1,NC(=O)Nc1cc(-c2cccc(Cl)c2)sc1C(=O)N[C@H]1CCCNC1,N#Cc1cccc(-c2cc(NC(N)=O)c(C(=O)N[C@H]3CCCNC3)s2)c1,NC(=O)Nc1sc(-c2cccc(Cl)c2)cc1C(=O)N[C@H]1CCCNC1,N#Cc1cccc(-c2cc(C(=O)N[C@H]3CCCNC3)c(NC(N)=O)s2)c1,NC(=O)Nc1cc(-c2ccc(F)cc2)sc1C(=O)N[C@H]1CCCNC1,N#Cc1ccc(-c2cc(NC(N)=O)c(C(=O)N[C@H]3CCCNC3)s2)cc1,NC(=O)Nc1sc(-c2ccc(F)cc2)cc1C(=O)N[C@H]1CCCNC1,N#Cc1ccc(-c2cc(C(=O)N[C@H]3CCCNC3)c(NC(N)=O)s2)cc1,NC(=O)Nc1cc(-c2cccc(F)c2)sc1C(=O)N[C@H]1CCCNC1,NC(=O)Nc1cc(-c2ccc(Cl)c(Cl)c2)sc1C(=O)N[C@H]1CCCNC1,NC(=O)Nc1sc(-c2cccc(F)c2)cc1C(=O)N[C@H]1CCCNC1,NC(=O)Nc1sc(-c2ccc(Cl)c(Cl)c2)cc1C(=O)N[C@H]1CCCNC1,NC(=O)Nc1cc(-c2ccccc2F)sc1C(=O)N[C@H]1CCCNC1,NC(=O)Nc1cc(-c2ccc(F)cc2F)sc1C(=O)N[C@H]1CCCNC1,NC(=O)Nc1sc(-c2ccccc2F)cc1C(=O)N[C@H]1CCCNC1,NC(=O)Nc1sc(-c2ccc(F)cc2F)cc1C(=O)N[C@H]1CCCNC1,NC(=O)Nc1cc(-c2ccccc2)sc1C(=O)N[C@H]1CCCNC1,NC(=O)Nc1cc(-c2cccc(F)c2F)sc1C(=O)N[C@H]1CCCNC1,NC(=O)Nc1sc(-c2ccccc2)cc1C(=O)N[C@H]1CCCNC1,NC(=O)Nc1sc(-c2cccc(F)c2F)cc1C(=O)N[C@H]1CCCNC1",1.0,22
O14757_Sries29950,[#6&R]1:&@[#6&R]:&@[#6&R]:&@[#7&R]:&@[#6&R](:&@[#6&R]:&@1)-&!@[#7&!R]-&!@[#6&R]1:&@[#6&R]:&@[#7&R]:&@[#6&R](:&@[#6&R]:&@[#7&R]:&@1)-&!@[#6&!R]#&!@[#7&!R],"CNc1cc(Nc2cnc(C#N)c(O[C@H](C)CN(C)C)n2)ncc1C#CC(C)(C)O,C#Cc1cnc(Nc2cnc(C#N)c(O[C@H](C)CN(C)C)n2)cc1NC,CNc1cc(Nc2cnc(C#N)c(O[C@H](C)CN(C)C)n2)ncc1C1CC1,CNc1cc(Nc2cnc(C#N)c(O[C@H](C)CN(C)C)n2)ncc1C(F)(F)F,CNc1cc(Nc2cnc(C#N)c(O[C@H](C)CN(C)C)n2)ncc1Cl,CSc1cc(Nc2cnc(C#N)c(O[C@H](C)CN(C)C)n2)ncc1-c1cnn(C)c1,CNc1ccnc(Nc2cnc(C#N)c(O[C@H](C)CN(C)C)n2)c1,COc1cc(Nc2cnc(C#N)c(O[C@@H]3CCN(C)C3)n2)ncc1-c1cnn(C)c1,COC(=O)c1cnc(Nc2cnc(C#N)c(O[C@@H]3CCNC3)n2)cc1SC,COc1cc(Nc2cnc(C#N)c(O[C@H](C)CN(C)C)n2)ncc1-c1cnn(C)c1,COC(=O)c1cnc(Nc2cnc(C#N)c(O[C@@H]3CCNC3)n2)cc1OC,CNc1cc(Nc2cnc(C#N)c(O[C@H]3CCN(C)C3)n2)ncc1-c1cnn(C)c1,COC(=O)c1cnc(Nc2cnc(C#N)c(O[C@@H]3CCNC3)n2)cc1N(C)C,CNc1cc(Nc2cnc(C#N)c(O[C@@H]3CCN(C)C3)n2)ncc1-c1cnn(C)c1,CNc1cc(Nc2cnc(C#N)c(O[C@@H]3CCNC3)n2)ncc1C(=O)OC,CNc1cc(Nc2cnc(C#N)c(O[C@@H](C)CN(C)C)n2)ncc1-c1cnn(C)c1,CNc1cc(Nc2cnc(C#N)c(O[C@H](C)CN(C)C)n2)ncc1C(=O)OC,CNc1cc(Nc2cnc(C#N)c(O[C@H](C)CN(C)C)n2)ncc1-c1cnn(C)c1,COC(=O)c1cnc(Nc2cnc(C#N)cn2)cc1NCC1CCNCC1,CNc1cc(Nc2cnc(C#N)c(O[C@H](C)CN(C)C)n2)ncc1-c1cccc(F)c1,C[C@H](CN(C)C)Oc1nc(Nc2cc3cccc(Cl)c3cn2)cnc1C#N",1.0,21
O14757_Sries28507,[#6&R]1:&@[#6&R]:&@[#6&R](:&@[#16&R]:&@[#6&R]:&@1)-&!@[#6&R]1:&@[#6&R]:&@[#6&R]:&@[#6&R]:&@[#6&R]:&@[#6&R]:&@1,"NC(=O)Nc1cc(-c2cccc(Cl)c2)sc1C(=O)N[C@H]1CCCNC1,NC(=O)Nc1sc(-c2cccc(Cl)c2)cc1C(=O)N[C@H]1CCCNC1,NC(=O)Nc1sc(-c2cccc(F)c2F)cc1C(=O)N[C@H]1CCCNC1,NC(=O)Nc1cc(-c2ccc(F)cc2)sc1C(=O)N[C@H]1CCCNC1,N#Cc1cccc(-c2cc(NC(N)=O)c(C(=O)N[C@H]3CCCNC3)s2)c1,NC(=O)Nc1sc(-c2ccc(F)cc2)cc1C(=O)N[C@H]1CCCNC1,N#Cc1ccc(-c2cc(NC(N)=O)c(C(=O)N[C@H]3CCCNC3)s2)cc1,NC(=O)Nc1cc(-c2cccc(F)c2)sc1C(=O)N[C@H]1CCCNC1,N#Cc1ccc(-c2cc(C(=O)N[C@H]3CCCNC3)c(NC(N)=O)s2)cc1,NC(=O)Nc1sc(-c2cccc(F)c2)cc1C(=O)N[C@H]1CCCNC1,NC(=O)Nc1cc(-c2ccc(Cl)c(Cl)c2)sc1C(=O)N[C@H]1CCCNC1,NC(=O)Nc1cc(-c2ccccc2F)sc1C(=O)N[C@H]1CCCNC1,NC(=O)Nc1sc(-c2ccc(Cl)c(Cl)c2)cc1C(=O)N[C@H]1CCCNC1,NC(=O)Nc1sc(-c2ccccc2F)cc1C(=O)N[C@H]1CCCNC1,NC(=O)Nc1cc(-c2ccc(F)cc2F)sc1C(=O)N[C@H]1CCCNC1,NC(=O)Nc1cc(-c2ccccc2)sc1C(=O)N[C@H]1CCCNC1,NC(=O)Nc1sc(-c2ccc(F)cc2F)cc1C(=O)N[C@H]1CCCNC1,NC(=O)Nc1sc(-c2ccccc2)cc1C(=O)N[C@H]1CCCNC1,NC(=O)Nc1cc(-c2cccc(F)c2F)sc1C(=O)N[C@H]1CCCNC1,NC(=O)Nc1cc(-c2cc(F)cc(F)c2)sc1C(=O)N[C@H]1CCCNC1,NC(=O)Nc1sc(-c2cc(F)cc(F)c2)cc1C(=O)N[C@H]1CCCNC1",1.0,21
O14757_Sries36506,[#7&!R]-&!@[#6&R]1:&@[#6&R](-&!@[#6&R]2:&@[#7&R]:&@[#6&R]3:&@[#6&R](:&@[#7&R]:&@2):&@[#6&R]:&@[#6&R]:&@[#6&R]:&@[#6&R]:&@3):&@[#6&R](=&!@[#8&!R]):&@[#7&R]:&@[#6&R]:&@[#6&R]:&@1,"O=c1[nH]c2sc(Cl)cc2c(NC2CCCNC2)c1-c1nc2ccccc2[nH]1,CN(C)CCNc1c(-c2nc3ccccc3[nH]2)c(=O)[nH]c2sccc12,O=c1[nH]c2ccsc2c(NC2CCNC2)c1-c1nc2ccccc2[nH]1,O=c1[nH]c2sccc2c(NCC2CCNCC2)c1-c1nc2ccccc2[nH]1,O=c1[nH]c2sccc2c(NC2CN3CCC2CC3)c1-c1nc2ccccc2[nH]1,O=c1[nH]c2ccsc2c(NC2CCCNC2)c1-c1nc2ccccc2[nH]1,O=c1[nH]c2sccc2c(NC2CCNCC2)c1-c1nc2ccccc2[nH]1,Cc1cc2c(NC3CCNC3)c(-c3nc4ccccc4[nH]3)c(=O)[nH]c2s1,O=c1[nH]c2sccc2c(NC2CCNC2)c1-c1nc2ccccc2[nH]1,Cc1cc2c(NC3CCCNC3)c(-c3nc4ccccc4[nH]3)c(=O)[nH]c2s1,O=c1[nH]c2sccc2c(N[C@H]2CCCNC2)c1-c1nc2ccccc2[nH]1,COc1ccc2[nH]c(-c3c(NC4CN5CCC4CC5)c4cc(Cl)sc4[nH]c3=O)nc2c1,O=c1[nH]c2sccc2c(NC2CCCNC2)c1-c1nc2ccccc2[nH]1,COc1ccc2[nH]c(-c3c(N[C@H]4CCCNC4)c4cc(Cl)sc4[nH]c3=O)nc2c1,O=c1[nH]c2sc(Br)cc2c(NC2CCNC2)c1-c1nc2ccccc2[nH]1,O=c1[nH]c2sc(Br)cc2c(NC2CCCNC2)c1-c1nc2ccccc2[nH]1,O=c1[nH]c2sc(Cl)cc2c(NC2CN3CCC2CC3)c1-c1nc2ccccc2[nH]1,O=c1[nH]c2sc(Cl)cc2c(NC2CCNC2)c1-c1nc2ccccc2[nH]1,O=c1[nH]c2sc(Cl)cc2c(N[C@H]2CCCNC2)c1-c1nc2ccccc2[nH]1",1.0,19
O14757_Sries43464,[#6&!R](=&!@[#6&!R]-&!@[#6&R]1:&@[#7&R]:&@[#7&R]:&@[#6&R]2:&@[#6&R]:&@1:&@[#6&R]:&@[#6&R]:&@[#6&R](:&@[#6&R]:&@2)-&!@[#6&R]1:&@[#6&R]:&@[#6&R]:&@[#7&R]:&@[#6&R]:&@[#6&R]:&@1)-&!@[#6&R]1:&@[#6&R]:&@[#6&R]:&@[#6&R]:&@[#6&R]:&@[#6&R]:&@1,"FC(F)(F)Oc1cccc(/C=C/c2n[nH]c3cc(-c4ccncc4)ccc23)c1,C(=C/c1n[nH]c2cc(-c3ccncc3)ccc12)\c1ccc2ccccc2c1,Fc1cccc(F)c1/C=C/c1n[nH]c2cc(-c3ccncc3)ccc12,Fc1cccc(/C=C/c2n[nH]c3cc(-c4ccncc4)ccc23)c1F,C(=C/c1n[nH]c2cc(-c3ccncc3)ccc12)\c1cccc(-c2ccccc2)c1,Fc1cc(F)cc(/C=C/c2n[nH]c3cc(-c4ccncc4)ccc23)c1,Fc1ccc(F)c(/C=C/c2n[nH]c3cc(-c4ccncc4)ccc23)c1,CNC(=O)c1cccc(/C=C/c2n[nH]c3cc(-c4ccncc4)ccc23)c1,C(=C/c1n[nH]c2cc(-c3ccncc3)ccc12)\c1ccccc1,C(=C/c1n[nH]c2cc(-c3ccnc4[nH]ccc34)ccc12)\c1ccccc1,C(=C/c1n[nH]c2cc(-c3ccnc4[nH]ncc34)ccc12)\c1ccccc1,Cc1cccc(/C=C/c2n[nH]c3cc(-c4ccncc4)ccc23)c1,Clc1ccc(/C=C/c2n[nH]c3cc(-c4ccncc4)ccc23)cc1,C(=C/c1n[nH]c2cc(-c3ccncc3)ccc12)\c1ccc(-c2ccccc2)cc1,COc1cccc(/C=C/c2n[nH]c3cc(-c4ccncc4)ccc23)c1,C(=C/c1n[nH]c2cc(-c3ccncc3)ccc12)\c1ccc2c(c1)OCO2,Fc1cccc(/C=C/c2n[nH]c3cc(-c4ccncc4)ccc23)c1,Fc1ccccc1/C=C/c1n[nH]c2cc(-c3ccncc3)ccc12",0.4,18
O14757_Sries16652,[#6&R]1:&@[#6&R]:&@[#6&R]2:&@[#6&R](:&@[#6&R]:&@[#6&R]:&@1)-&@[#7&R]-&@[#6&R]1:&@[#6&R](-&@[#6&R](-&@[#7&R]-&@2)=&!@[#8&!R]):&@[#6&R]:&@[#6&R]:&@[#6&R](:&@[#6&R]:&@1)-&!@[#6&R]1:&@[#6&R]:&@[#6&R]:&@[#6&R](:&@[#6&R](:&@[#6&R]:&@1)-&!@[#8&!R]-&!@[#6&!R])-&!@[#7&!R](=&!@[#8&!R])-&!@[#8&!R],"COc1cc2c(cc1CCCO)NC(=O)c1ccc(-c3ccc([N+](=O)[O-])c(OC)c3)cc1N2,COc1cc2c(cc1OC)Nc1cc(-c3ccc([N+](=O)[O-])c(OC)c3)ccc1C(=O)N2,COc1cc2c(cc1OCCCN)Nc1cc(-c3ccc([N+](=O)[O-])c(OC)c3)ccc1C(=O)N2,COc1cc2c(cc1OCC1CCCCO1)Nc1cc(-c3ccc([N+](=O)[O-])c(OC)c3)ccc1C(=O)N2,COc1cc2c(cc1CCCO)Nc1cc(-c3ccc([N+](=O)[O-])c(OC)c3)ccc1C(=O)N2,COc1cc2c(cc1CC(C)(C)O)Nc1cc(-c3ccc([N+](=O)[O-])c(OC)c3)ccc1C(=O)N2,CCc1cc2c(cc1OC)Nc1cc(-c3ccc([N+](=O)[O-])c(OC)c3)ccc1C(=O)N2,COc1cc2c(cc1OCCCCO)Nc1cc(-c3ccc([N+](=O)[O-])c(OC)c3)ccc1C(=O)N2,COc1cc2c(cc1OCc1ccncc1)Nc1cc(-c3ccc([N+](=O)[O-])c(OC)c3)ccc1C(=O)N2,COc1cc2c(cc1CCc1ccncc1)Nc1cc(-c3ccc([N+](=O)[O-])c(OC)c3)ccc1C(=O)N2,COc1cc2c(cc1O)Nc1cc(-c3ccc([N+](=O)[O-])c(OC)c3)ccc1C(=O)N2,COc1cc2c(cc1CCC(=O)N(C)C)Nc1cc(-c3ccc([N+](=O)[O-])c(OC)c3)ccc1C(=O)N2,COc1cc2c(cc1C(=O)N(C)C)NC(=O)c1ccc(-c3ccc([N+](=O)[O-])c(OC)c3)cc1N2,COc1cc2c(cc1OCCO)Nc1cc(-c3ccc([N+](=O)[O-])c(OC)c3)ccc1C(=O)N2,COCCOCCOc1cc2c(cc1OC)NC(=O)c1ccc(-c3ccc([N+](=O)[O-])c(OC)c3)cc1N2,COc1cc2c(cc1OCCN1CCOCC1)Nc1cc(-c3ccc([N+](=O)[O-])c(OC)c3)ccc1C(=O)N2,COc1cc2c(cc1CCC(C)(C)O)Nc1cc(-c3ccc([N+](=O)[O-])c(OC)c3)ccc1C(=O)N2,COc1cc2c(cc1CCO)Nc1cc(-c3ccc([N+](=O)[O-])c(OC)c3)ccc1C(=O)N2",1.0,18
O14757_Sries18148,[#6&R]=&!@[#6&R]1-&@[#6&R]-&@[#6&R]-&@[#7&R]-&@[#6&R](-&@[#6&R]2:&@[#6&R]-&@1:&@[#6&R]:&@[#6&R]:&@[#7&R]:&@2)=&!@[#8&!R],"NC1=NC(=O)/C(=C2\CCNC(=O)c3[nH]c(Br)cc32)N1,NC1=NC(=O)/C(=C2\CCNC(=O)c3[nH]c4cc(Br)sc4c32)N1,NC1=NC(=O)/C(=C2\CCNC(=O)c3[nH]c4c(sc5ccccc54)c32)N1,O=C1N=C(NCCO)N/C1=C1/CCNC(=O)c2[nH]c3ccsc3c21,NC1=NC(=O)/C(=C2\CCNC(=O)c3[nH]c(Br)c(Br)c32)N1,N#Cc1csc2c3c([nH]c12)C(=O)NCC/C3=C1/NC(N)=NC1=O,O=C(O)CNC1=NC(=O)/C(=C2\CCNC(=O)c3[nH]c4c(Br)csc4c32)N1,NC1=NC(=O)/C(=C2\CCNC(=O)c3[nH]c4c(Cl)c(Cl)sc4c32)N1,NC1=NC(=O)/C(=C2\CCNC(=O)c3[nH]c4cc(Cl)sc4c32)N1,NC1=NC(=O)/C(=C2\CCNC(=O)c3[nH]c4ccsc4c32)S1,NC1=NC(=O)/C(=C2\CCNC(=O)c3[nH]c4c(-c5ccccc5)csc4c32)N1,NC1=NC(=O)/C(=C2\CCNC(=O)c3[nH]c4c(Br)csc4c32)S1,NC1=N/C(=C2/CCNC(=O)c3[nH]ccc32)C(=O)N1,NC1=NC(=O)/C(=C2\CCNC(=O)c3[nH]c4c(Cl)csc4c32)N1,NC1=NC(=O)/C(=C2\CCNC(=O)c3[nH]c4c(Br)csc4c32)N1,O=C1N=C(NCCO)N/C1=C1/CCNC(=O)c2[nH]c3c(Br)csc3c21,NC1=NC(=O)/C(=C2\CCNC(=O)c3[nH]c4ccsc4c32)N1,NC(=O)c1csc2c3c([nH]c12)C(=O)NCC/C3=C1/NC(N)=NC1=O",1.0,18
O14757_Sries12522,[#8&!R]=&!@[#6&R]1-&@[#7&R]-&@[#6&R]2:&@[#6&R](-&@[#6&R]-&@1=&!@[#6&!R]-&!@[#6&R]):&@[#6&R]:&@[#6&R]:&@[#6&R]:&@[#6&R]:&@2,"COc1cc(-c2ccc3c(c2)NC(=O)/C3=C\c2ccc[nH]2)ccc1O,O=C1Nc2cc(-c3ccc(O)cc3)ccc2/C1=C/c1cc[nH]c1,COc1cc(-c2ccc3c(c2)NC(=O)/C3=C\c2[nH]c(C)cc2C)ccc1O,COc1cc(-c2ccc3c(c2)NC(=O)/C3=C\c2c[nH]c3ncccc23)ccc1O,COc1cc(-c2ccc3c(c2)NC(=O)/C3=C\c2[nH]c(C)c(CN(C)C)c2C(C)C)ccc1O,COc1cc(-c2ccc3c(c2)NC(=O)/C3=C\c2c[nH]c3nc(C#N)ccc23)ccc1O,COc1cc(-c2ccc3c(c2)/C(=C/c2c[nH]c4c(C)cccc24)C(=O)N3)ccc1O,COc1cc(-c2ccc3c(c2)NC(=O)/C3=C\c2c[nH]c3c(C)cccc23)ccc1O,COc1cc(O)ccc1-c1ccc2c(c1)NC(=O)/C2=C\c1cc[nH]c1,COc1cc(-c2ccc3c(c2)NC(=O)/C3=C\C2CCCN2)ccc1O,COC(=O)CCc1c(C)[nH]c(/C=C2\C(=O)Nc3cc(-c4ccc(O)c(OC)c4)ccc32)c1C,COc1cc(-c2ccc3c(c2)NC(=O)/C3=C\c2cc[nH]c2)ccc1O,COc1cc(-c2ccc3c(c2)NC(=O)/C3=C\c2c[nH]c3ccccc23)ccc1O,Nc1ccc(-c2ccc3c(c2)NC(=O)/C3=C\c2cc[nH]c2)cc1,COc1cc(-c2ccc3c(c2)NC(=O)/C3=C\c2[nH]c(C)cc2C(C)C)ccc1O,COc1cc(-c2ccc3c(c2)/C(=C/c2ccc[nH]2)C(=O)N3)ccc1O,COc1cc(-c2ccc3c(c2)NC(=O)/C3=C\c2ncc[nH]2)ccc1O,COc1cc(-c2ccc3c(c2)NC(=O)/C3=C\c2[nH]c(C)c(CCO)c2C)ccc1O",1.0,18
O14757_Sries31481,[#8&!R]=&!@[#6&!R](-&!@[#7&!R]-&!@[#6&R]1:&@[#6&R]:&@[#6&R]:&@[#6&R]:&@[#6&R]:&@[#6&R]:&@1-&!@[#7&R]1-&@[#6&R]-&@[#6&R]-&@[#7&R]-&@[#6&R]-&@[#6&R]-&@1)-&!@[#6&R]1:&@[#6&R]:&@[#16&R]:&@[#6&R](:&@[#7&R]:&@1)-&!@[#7&R],"COc1cc2c(cc1OC)CN(c1nc(C(=O)Nc3ccccc3N3CCNCC3)cs1)CC2,COc1ccc2c(c1)C(=O)N(c1nc(C(=O)Nc3ccccc3N3CCNCC3)cs1)C2,O=C(Nc1ccccc1N1CCNCC1)c1csc(N2CCc3[nH]cnc3C2)n1,O=C(Nc1ccccc1N1CCNCC1)c1csc(-n2nnc3ccccc32)n1,O=C(Nc1ccccc1N1CCNCC1)c1csc(N2CCc3c(F)ccc(F)c3C2)n1,O=C(Nc1ccccc1N1CCNCC1)c1csc(-n2ncc3ccccc32)n1,O=C(Nc1ccccc1N1CCNCC1)c1csc(N2CCc3ccccc3C2)n1,O=C(Nc1ccccc1N1CCNCC1)c1csc(-n2cccn2)n1,O=C(Nc1ccccc1N1CCNCC1)c1csc(N2CCCc3ccccc32)n1,O=C(Nc1ccccc1N1CCNCC1)c1csc(-n2ccnc2)n1,Cc1nc2c(s1)CN(c1nc(C(=O)Nc3ccccc3N3CCNCC3)cs1)C2,O=C(Nc1ccccc1N1CCNCC1)c1csc(N2Cc3cn[nH]c3C2)n1,COc1ccc2c(c1)C(=O)N(c1nc(C(=O)Nc3cc(F)ccc3N3CCNCC3)cs1)C2,Cc1ncc2c(n1)CN(c1nc(C(=O)Nc3ccccc3N3CCNCC3)cs1)C2,COc1ccc(-c2cc(N)n(-c3nc(C(=O)Nc4ccccc4N4CCNCC4)cs3)n2)cc1,O=C(Nc1ccccc1N1CCNCC1)c1csc(N2Cc3ccncc3C2)n1,O=C(Nc1ccccc1N1CCNCC1)c1csc(N2Cc3ccccc3C2)n1,O=C(Nc1ccccc1N1CCNCC1)c1csc(N2CCc3sccc3C2)n1",0.4,18
O14757_Sries31501,[#7&R]1:&@[#6&R]:&@[#6&R](:&@[#7&R]:&@[#6&R]:&@1)-&!@[#6&R]1:&@[#6&R]:&@[#6&R]:&@[#6&R]:&@[#6&R]:&@[#6&R]:&@1,"NC(=O)c1cnc(N[C@H]2CC[C@H](N)CC2)n2cc(-c3ccc(Cl)cc3)nc12,NC(=O)c1cnc(N[C@H]2CCCNC2)c2nc(-c3ccc(Cl)cc3)cn12,NC(=O)c1cnc(N[C@H]2CC[C@@H](N)CC2)c2nc(-c3ccc(Cl)cc3)cn12,NC(=O)c1cnc(N[C@H]2CCCNC2)c2nc(-c3ccc(F)cc3)cn12,CN1CCC(Nc2ncc(C(N)=O)c3nc(-c4ccc(Cl)cc4)cn23)CC1,NC(=O)c1cnc(NC2CCNCC2)c2nc(-c3ccc(Cl)cc3)cn12,NC(=O)c1cnc(N[C@H]2CC[C@H](N)CC2)c2nc(-c3ccc(Cl)cc3)cn12,NC(=O)c1cnc(N[C@H]2CCCNC2)c2nc(-c3ccc4ccccc4c3)cn12,NC(=O)c1cnc(N[C@@H]2CCNC2)n2cc(-c3ccc(Cl)cc3)nc12,NCCCNc1ncc(C(N)=O)n2cc(-c3ccc(Cl)cc3)nc12,CN[C@H]1CC[C@H](Nc2ncc(C(N)=O)n3cc(-c4ccc(Cl)cc4)nc23)CC1,NC(=O)c1cnc(NCC2CCCNC2)n2cc(-c3ccc(Cl)cc3)nc12,NC(=O)c1cnc(N[C@H]2CC[C@H](N)CC2)c2nc(-c3ccc(Cl)c(Cl)c3)cn12,NC(=O)c1ncc(N[C@H]2CCCNC2)c2nc(-c3ccc(Cl)cc3)cn12",1.0,14
O14757_Sries26716,[#7&!R]#&!@[#6&!R]-&!@[#6&R]1:&@[#6&R]:&@[#7&R]:&@[#6&R](:&@[#6&R]:&@[#7&R]:&@1)-&!@[#7&!R]-&!@[#6&R],"C[C@@H](CN(C)C)Oc1nc(Nc2cc3cccc(Cl)c3cn2)cnc1C#N,N#Cc1cnc(Nc2cc(NCC3CCNCC3)ncn2)cn1,N#Cc1cnc(Nc2cc(NCCCN)ncn2)cn1,N#Cc1ncc(Nc2cc3ccccc3cn2)nc1OCC1CCNCC1,N#Cc1ncc(Nc2cc3cccc(Cl)c3cn2)nc1OC1CCCNC1,N#Cc1cnc(Nc2cc(NCCN)ncn2)cn1,N#Cc1cnc(Nc2cc(N3CCC(CN)CC3)ncn2)cn1,N#Cc1cnc(Nc2cc(NCC3CCOCC3)ncn2)cn1,N#Cc1cnc(Nc2cc3cccc(Cl)c3cn2)cn1,CC(CN(C)C)Oc1nc(Nc2cc3cccc(Cl)c3cn2)cnc1C#N,N#Cc1cnc(Nc2cc(N3CCC(N)CC3)ncn2)cn1,N#Cc1cnc(Nc2cc3ccccc3cn2)cn1,C[C@H](CN(C)C)Oc1nc(Nc2cc3cccc(Cl)c3cn2)cnc1C#N,N#Cc1ncc(Nc2cc3cccc(Cl)c3cn2)nc1OCC1CCNCC1",1.0,14
O14757_Sries13136,[#6&R]1:&@[#7&R]:&@[#6&R]2:&@[#6&R]:&@[#6&R]:&@[#6&R]:&@[#6&R]:&@[#6&R]:&@2:&@[#6&R]:&@[#6&R]:&@1-&!@[#6&R]1:&@[#7&R]:&@[#6&R]2:&@[#6&R](:&@[#7&R]:&@1):&@[#6&R]:&@[#6&R]:&@[#6&R]:&@[#6&R]:&@2,"Cc1ccc2nc(O)c(-c3nc4ccccc4[nH]3)c(NC3CCNCC3)c2c1,O=c1[nH]c2ccc(Cl)cc2c(N[C@@H]2CN3CCC2CC3)c1-c1nc2ccccc2[nH]1,Oc1nc2ccc(Cl)c(Cl)c2c(N[C@@H]2CN3CCC2CC3)c1-c1nc2ccccc2[nH]1,O=c1[nH]c2ccccc2c(O)c1-c1nc2ccccc2[nH]1,Cc1ccc2nc(O)c(-c3nc4ccccc4[nH]3)c(NC3CCCNC3)c2c1,Oc1nc2ccc(Cl)cc2c(N[C@@H]2CCNC2)c1-c1nc2ccccc2[nH]1,Oc1nc2ccc(Cl)cc2c(NC2CCNCC2)c1-c1nc2ccccc2[nH]1,Oc1nc2ccccc2c(N[C@@H]2CN3CCC2CC3)c1-c1nc2ccccc2[nH]1,Cc1ccc2nc(O)c(-c3nc4ccccc4[nH]3)c(N[C@@H]3CN4CCC3CC4)c2c1,Oc1nc2ccc(Cl)cc2c(N[C@H]2CCNC2)c1-c1nc2ccccc2[nH]1,Nc1c(-c2nc3ccccc3[nH]2)c(=O)[nH]c2ccccc12,Oc1nc2ccc(Cl)cc2c(NC2CCCNC2)c1-c1nc2ccccc2[nH]1,Cc1cccc2c(N[C@@H]3CN4CCC3CC4)c(-c3nc4ccccc4[nH]3)c(O)nc12,Oc1nc2ccccc2c(N[C@H]2CN3CCC2CC3)c1-c1nc2ccccc2[nH]1",1.0,14
O14757_Sries46627,[#7&!R]-&!@[#6&!R](=&!@[#8&!R])-&!@[#6&R]1:&@[#6&R]:&@[#7&R]:&@[#6&R](:&@[#6&R]2:&@[#6&R]:&@1:&@[#16&R]:&@[#6&R](:&@[#6&R]:&@2)-&!@[#6&R]1:&@[#6&R]:&@[#6&R]:&@[#6&R]:&@[#6&R]:&@[#6&R]:&@1)-&!@[#7&!R]-&!@[#6&R]1-&@[#6&R]-&@[#6&R]-&@[#6&R]-&@[#7&R]-&@[#6&R]-&@1,"C[C@@H]1CC[C@H](Nc2ncc(C(N)=O)c3sc(-c4ccccc4)cc23)CN1,C[C@@H]1CC[C@H](Nc2ncc(C(N)=O)c3sc(-c4ccccc4)cc23)[C@H](C)N1,NC(=O)c1cnc(N[C@H]2CCCN[C@@H]2CCO)c2cc(-c3ccccc3)sc12,NC(=O)c1cnc(N[C@H]2CNCC[C@@H]2O)c2cc(-c3ccccc3)sc12,NC(=O)c1cnc(N[C@H]2CCCNC2)c2cc(-c3cccc(F)c3)sc12,NC(=O)c1cnc(N[C@H]2CCCNC2)c2cc(-c3ccccc3)sc12,C[C@@H]1NCCC[C@@H]1Nc1ncc(C(N)=O)c2sc(-c3ccccc3)cc12,C[C@H]1NCCC[C@@H]1Nc1ncc(C(N)=O)c2sc(-c3ccccc3)cc12,CN1CCC[C@H](Nc2ncc(C(N)=O)c3sc(-c4ccccc4)cc23)C1,NC(=O)c1cnc(N(CCc2ccccc2)[C@H]2CCCNC2)c2cc(-c3ccccc3)sc12,NC(=O)c1cnc(N(CCO)[C@H]2CCCNC2)c2cc(-c3ccccc3)sc12,CN(c1ncc(C(N)=O)c2sc(-c3ccccc3)cc12)[C@H]1CCCNC1,CCN(c1ncc(C(N)=O)c2sc(-c3ccccc3)cc12)[C@H]1CCCNC1",0.4,13
O14757_Sries18891,[#6&!R](-&!@[#16&!R]-&!@[#6&R]1:&@[#7&R]:&@[#6&R]2:&@[#6&R]:&@[#6&R]:&@[#6&R]:&@[#6&R]:&@[#6&R]:&@2:&@[#6&R](:&@[#7&R]:&@1-&!@[#6&R]1:&@[#6&R]:&@[#6&R]:&@[#6&R]:&@[#6&R]:&@[#6&R]:&@1)=&!@[#8&!R])-&!@[#6&!R](=&!@[#8&!R])-&!@[#7&R],"CCCCC(Sc1nc2c(C)cccc2c(=O)n1-c1cccc(Cl)c1)C(=O)N1CCC(C(N)=O)CC1,CCCCC(Sc1nc2ccccc2c(=O)n1-c1ccccc1)C(=O)N1CCC(C(N)=O)CC1,CCCCC(Sc1nc2ccccc2c(=O)n1-c1ccccc1Cl)C(=O)N1CCC(C(N)=O)CC1,CCCCC(Sc1nc2ccccc2c(=O)n1-c1ccccc1)C(=O)N1CCS(=O)(=O)CC1,CCCCC(Sc1nc2ccccc2c(=O)n1-c1ccccc1)C(=O)N1CCN(c2ccccc2)CC1,CCCCC(Sc1nc2cc(C)ccc2c(=O)n1-c1cccc(Cl)c1)C(=O)N1CCC(C(N)=O)CC1,CCCCC(Sc1nc2c(OC)cccc2c(=O)n1-c1cccc(Cl)c1)C(=O)N1CCC(C(N)=O)CC1,CCCCC(Sc1nc2ccccc2c(=O)n1-c1ccccc1)C(=O)N1CCC(c2ccccc2)(c2ccccc2)CC1,NC(=O)C1CCN(C(=O)C(Sc2nc3ccccc3c(=O)n2-c2cccc(Cl)c2)c2ccccc2)CC1,CC(C)CC(Sc1nc2ccccc2c(=O)n1-c1cccc(Cl)c1)C(=O)N1CCC(C(N)=O)CC1,CCCC[C@@H](Sc1nc2ccccc2c(=O)n1-c1cccc(Cl)c1)C(=O)N1CCC[C@]2(CCCNC2)C1,CCCCC(Sc1nc2c(O)cccc2c(=O)n1-c1cccc(Cl)c1)C(=O)N1CCC(C(N)=O)CC1,CCCCC(Sc1nc2ccccc2c(=O)n1-c1ccccc1)C(=O)N1CCCC2(CCCNC2)C1",1.0,13
O14757_Sries46629,[#7&!R]-&!@[#6&!R](=&!@[#8&!R])-&!@[#6&R]1:&@[#6&R]:&@[#7&R]:&@[#6&R](:&@[#6&R]2:&@[#6&R]:&@1:&@[#16&R]:&@[#6&R](:&@[#6&R]:&@2)-&!@[#6&R]1:&@[#6&R]:&@[#6&R]:&@[#6&R]:&@[#6&R]:&@[#6&R]:&@1)-&!@[#7&!R]-&!@[#6&R]1-&@[#6&R]-&@[#6&R]-&@[#6&R]-&@[#7&R]-&@[#6&R]-&@1,"C[C@H]1NCCC[C@@H]1Nc1ncc(C(N)=O)c2sc(-c3ccccc3)cc12,CN1CCC[C@H](Nc2ncc(C(N)=O)c3sc(-c4ccccc4)cc23)C1,NC(=O)c1cnc(N(CCO)[C@H]2CCCNC2)c2cc(-c3ccccc3)sc12,CCN(c1ncc(C(N)=O)c2sc(-c3ccccc3)cc12)[C@H]1CCCNC1,CN(c1ncc(C(N)=O)c2sc(-c3ccccc3)cc12)[C@H]1CCCNC1,NC(=O)c1cnc(N[C@H]2CCCNC2)c2cc(-c3cccc(F)c3)sc12,NC(=O)c1cnc(N[C@H]2CCCNC2)c2cc(-c3ccccc3)sc12,C[C@@H]1CC[C@H](Nc2ncc(C(N)=O)c3sc(-c4ccccc4)cc23)CN1,C[C@@H]1CC[C@H](Nc2ncc(C(N)=O)c3sc(-c4ccccc4)cc23)[C@H](C)N1,NC(=O)c1cnc(N[C@H]2CCCN[C@@H]2CCO)c2cc(-c3ccccc3)sc12,NC(=O)c1cnc(N[C@H]2CNCC[C@@H]2O)c2cc(-c3ccccc3)sc12,C[C@@H]1NCCC[C@@H]1Nc1ncc(C(N)=O)c2sc(-c3ccccc3)cc12",0.4,12
O14757_Sries15876,[#6&!R]-&!@[#7&!R]-&!@[#6&R]1:&@[#6&R]:&@[#6&R]2:&@[#6&R](:&@[#6&R]:&@[#6&R]:&@1-&!@[#17&!R])-&@[#7&R]-&@[#6&R](=&!@[#8&!R])-&@[#7&R]-&@[#6&R]1:&@[#6&R]:&@[#7&R]:&@[#6&R](:&@[#6&R](:&@[#7&R]:&@1)-&@[#8&R]-&@[#6&R]-&@[#6&R]-&@[#6&R]-&@[#6&R]-&@[#8&R]-&@2)-&!@[#6&!R]#&!@[#7&!R],"N#Cc1ncc2nc1OCCCCOc1cc(NC(=O)OCCN3CCOCC3)c(Cl)cc1NC(=O)N2,N#Cc1ncc2nc1OCCCCOc1cc(NC(=O)c3ccnc(Cl)c3)c(Cl)cc1NC(=O)N2,N#Cc1ncc2nc1OCCCCOc1cc(NC(=O)c3ccncc3)c(Cl)cc1NC(=O)N2,CCNc1cc2c(cc1Cl)NC(=O)Nc1cnc(C#N)c(n1)OCCCCO2,CCN(CC)c1cc2c(cc1Cl)NC(=O)Nc1cnc(C#N)c(n1)OCCCCO2,CNc1cc2c(cc1Cl)NC(=O)Nc1cnc(C#N)c(n1)OCCCCO2,CN(C)c1cc2c(cc1Cl)NC(=O)Nc1cnc(C#N)c(n1)OCCCCO2,N#Cc1ncc2nc1OCCCCOc1cc(NCc3cncs3)c(Cl)cc1NC(=O)N2",0.4,8
O14757_Sries20127,[#7&!R]-&!@[#6&!R]-&!@[#6&R]1-&@[#6&R]-&@[#7&R](-&!@[#6&R])-&@[#6&R]-&@[#6&R]-&@[#8&R]-&@1,"CCOC(=O)c1cnc2[nH]ncc2c1N1CCOC(CN)C1,NCC1CN(c2c(-c3ccccc3)cnc3[nH]ncc23)CCO1,NCC1CN(c2c(-c3ccsc3)cnc3[nH]ncc23)CCO1,NC[C@H]1CN(c2c(-c3ccccc3)cnc3[nH]ncc23)CCO1,NCC1CN(c2c(Br)cnc3[nH]ncc23)CCO1,NC[C@@H]1CN(c2c(-c3ccccc3)cnc3[nH]ncc23)CCO1,NCC1CN(c2ncnc3[nH]cnc23)CCO1",1.0,7
O14757_Sries22811,[#6&R]1:&@[#6&R]:&@[#6&R]:&@[#6&R](:&@[#6&R]:&@[#6&R]:&@1)-&!@[#6&R]1:&@[#6&R]:&@[#7&R]2:&@[#6&R](-&!@[#6&R]3:&@[#6&R]:&@[#7&R]:&@[#7&R]:&@[#6&R]:&@3):&@[#6&R]:&@[#7&R]:&@[#6&R]:&@2:&@[#6&R]:&@[#7&R]:&@1,"OCc1ccc(-c2cn3c(-c4cn[nH]c4)cnc3cn2)cc1,c1ccc(-c2cn3c(-c4cn[nH]c4)cnc3cn2)cc1,Nc1ccc(-c2cn3c(-c4cn[nH]c4)cnc3cn2)cc1,Nc1cccc(-c2cn3c(-c4cn[nH]c4)cnc3cn2)c1,NCc1cccc(-c2cn3c(-c4cn[nH]c4)cnc3cn2)c1,NCc1ccc(-c2cn3c(-c4cn[nH]c4)cnc3cn2)cc1,OCc1cccc(-c2cn3c(-c4cn[nH]c4)cnc3cn2)c1",0.4,7
O14757_Sries11387,"[#8&!R]-&!@[#6&!R]-&!@[#6&!R]-&!@[#7&!R]-&!@[#6&R]1:&@[#7&R]:&@[#6&R]:&@[#7&R]:&@[#6&R]:,-;@[#6&R]:&@1","OCCNc1ncnc2[nH]c(-c3ccccc3)c(-c3ccccc3)c12,OCCNc1ncnc2oc(-c3ccccc3)c(-c3ccccc3)c12,CC(O)CNc1[nH]cnc2nc(-c3ccccc3)c(-c3ccccc3)c1-2,CN(CCO)c1ncnc2oc(-c3ccccc3)c(-c3ccccc3)c12,COc1ccc(-c2oc3ncnc(NCCO)c3c2-c2ccc(OC)cc2)cc1,OCC(O)CNc1[nH]cnc2nc(-c3ccccc3)c(-c3ccccc3)c1-2,O=C(O)CNc1ncnc2oc(-c3ccccc3)c(-c3ccccc3)c12",1.0,7
O14757_Sries27971,[#8&!R]=&!@[#6&!R](-&!@[#7&!R]-&!@[#6&R]1:&@[#6&R]:&@[#6&R]:&@[#6&R]:&@[#6&R]:&@[#6&R]:&@1-&!@[#7&R]1-&@[#6&R]-&@[#6&R]-&@[#7&R]-&@[#6&R]-&@[#6&R]-&@1)-&!@[#6&R]1:&@[#6&R]:&@[#16&R]:&@[#6&R](:&@[#7&R]:&@1)-&!@[#6&R],"O=C(Nc1ccccc1N1CCNCC1)c1csc(-c2cc3ccccc3s2)n1,O=C(Nc1ccccc1N1CCNCC1)c1csc(-c2ccc3occc3c2)n1,O=C(Nc1ccccc1N1CCNCC1)c1csc(-c2ccc3[nH]ccc3c2)n1,O=C(Nc1ccccc1N1CCNCC1)c1csc(-c2ccc3c(c2)CCO3)n1,O=C(Nc1ccccc1N1CCNCC1)c1csc(-c2ccc3sccc3c2)n1",1.0,5
O14757_Sries11378,[#8&!R]-&!@[#6&R]1:&@[#6&R]:&@[#6&R]:&@[#6&R](:&@[#6&R]:&@[#6&R]:&@1-&!@[#7&!R]-&!@[#6&!R](=&!@[#8&!R])-&!@[#7&!R]-&!@[#6&R]1:&@[#6&R]:&@[#7&R]:&@[#6&R](:&@[#6&R]:&@[#7&R]:&@1)-&!@[#6&!R]#&!@[#7&!R])-&!@[#17&!R],"CC(CN(C)C)Oc1ccc(Cl)cc1NC(=O)Nc1cnc(C#N)cn1,CC1(COc2ccc(Cl)cc2NC(=O)Nc2cnc(C#N)cn2)COC1,N#Cc1cnc(NC(=O)Nc2cc(Cl)ccc2OC2CCOCC2)cn1,CN1CCC(Oc2ccc(Cl)cc2NC(=O)Nc2cnc(C#N)cn2)CC1,N#Cc1cnc(NC(=O)Nc2cc(Cl)ccc2OC2CCOC2)cn1",1.0,5
O14757_Sries11654,[#6&R]=&!@[#6&R]1-&@[#6&R]-&@[#6&R]-&@[#7&R]-&@[#6&R](-&@[#6&R]2:&@[#6&R]-&@1:&@[#6&R]:&@[#6&R]:&@[#7&R]:&@2)=&!@[#8&!R],"NC1=NC(=O)/C(=C2\CCNC(=O)c3[nH]c(Br)cc32)N1,NC1=N/C(=C2/CCNC(=O)c3[nH]ccc32)C(=O)N1",0.4,2
O14757_Sries35657,[#6&!R]-&!@[#7&R]1-&@[#6&R]-&@[#6&R]-&@[#7&R](-&@[#6&R]-&@[#6&R]-&@1)-&!@[#6&R]1:&@[#6&R]:&@[#6&R]:&@[#6&R](:&@[#6&R]:&@[#6&R]:&@1)-&!@[#6&R]1:&@[#6&R]:&@[#7&R]:&@[#6&R]:&@[#6&R](:&@[#7&R]:&@1)-&!@[#6&R]1:&@[#6&R]:&@[#6&R]:&@[#6&R](:&@[#6&R]:&@[#6&R]:&@1)-&!@[#6&!R](=&!@[#8&!R])-&!@[#8&!R],"CN1CCN(c2ccc(-c3cnc(N)c(-c4ccc(C(=O)O)cc4)n3)cc2)CC1,CN1CCN(c2ccc(-c3cncc(-c4ccc(C(=O)O)cc4)n3)cc2)CC1",0.4,2
O14757_Sries27127,[#6&!R]-&!@[#8&!R]-&!@[#6&R]1:&@[#6&R]:&@[#6&R]:&@[#6&R](:&@[#6&R]:&@[#6&R]:&@1)-&!@[#6&R]1:&@[#6&R]:&@[#6&R]2:&@[#6&R](:&@[#7&R]:&@1)-&@[#6&R](=&!@[#8&!R])-&@[#7&R]-&@[#6&R]-&@[#6&R]-&@[#6&R]-&@2=&!@[#6&R]1-&@[#7&R]-&@[#6&R](=&@[#7&R]-&@[#6&R]-&@1=&!@[#8&!R])-&!@[#7&!R],"COc1ccc(-c2cc3c([nH]2)C(=O)NCC/C3=C2/NC(N)=NC2=O)cc1,COc1ccc(-c2cc3c([nH]2)C(=O)NCC/C3=C2/NC(N)=NC2=O)cc1OC",0.4,2
O14757_Sries31480,[#6&!R]-&!@[#8&!R]-&!@[#6&R]1:&@[#6&R]:&@[#6&R]:&@[#6&R]2:&@[#6&R](:&@[#6&R]:&@1)-&@[#6&R](=&!@[#8&!R])-&@[#7&R](-&@[#6&R]-&@2)-&!@[#6&R]1:&@[#7&R]:&@[#6&R](:&@[#6&R]:&@[#16&R]:&@1)-&!@[#6&!R](=&!@[#8&!R])-&!@[#7&!R]-&!@[#6&R]1:&@[#6&R]:&@[#6&R]:&@[#6&R]:&@[#6&R]:&@[#6&R]:&@1-&!@[#7&R]1-&@[#6&R]-&@[#6&R]-&@[#7&R]-&@[#6&R]-&@[#6&R]-&@1,"COc1ccc2c(c1)C(=O)N(c1nc(C(=O)Nc3cc(F)ccc3N3CCNCC3)cs1)C2,COc1ccc2c(c1)C(=O)N(c1nc(C(=O)Nc3ccccc3N3CCNCC3)cs1)C2",0.4,2
